protein,protein_name,panel,primary_outcome,replication_outcome,SNP,primary_or,primary_p,primary_fdr,replication_or,replication_p,replication_fdr,replication_status
ADA,Adenosine deaminase,Inflammation,AF,FG_AF,rs11555566,0.97942922,0.062865741,0.570142,0.98644011,0.39893309,0.77649243,same_direction_not_significant
ADA,Adenosine deaminase,Inflammation,HF,FG_HF,rs11555566,0.96620262,0.0076607611,0.285537,0.9692998,0.041673597,0.46530654,same_direction_nominal
ADAM23,Disintegrin and metalloproteinase domain-containing protein 23,Inflammation,AF,FG_AF,rs72933203,0.99398068,0.63905066,0.904093,1.0112057,0.58907845,0.87763375,opposite_direction_not_significant
ADAM23,Disintegrin and metalloproteinase domain-containing protein 23,Inflammation,HF,FG_HF,rs72933203,0.9857492,0.33980761,0.854731,0.99309265,0.72379624,0.95025355,same_direction_not_significant
ADGRE2,Adhesion G protein-coupled receptor E2,Inflammation,AF,FG_AF,rs7251607,1.0340047,0.24742499,0.801264,1.0079827,0.82503415,0.94748939,same_direction_not_significant
ADGRE2,Adhesion G protein-coupled receptor E2,Inflammation,HF,FG_HF,rs7251607,0.98719462,0.69992874,0.971009,1.0399317,0.24981401,0.67789317,opposite_direction_not_significant
AGRN,Agrin,Inflammation,AF,FG_AF,rs3121560,0.98501625,0.4532547,0.886121,1.0783424,0.0013839477,0.041392323,opposite_direction_nominal
AGRN,Agrin,Inflammation,HF,FG_HF,rs3121560,1.0061104,0.78912897,0.971009,1.038276,0.092991448,0.52414709,same_direction_not_significant
AGRP,Agouti-related protein,Inflammation,AF,FG_AF,rs188707867,1.1131888,0.28860745,0.825746,1.1599147,0.39920478,0.77649243,same_direction_not_significant
AGRP,Agouti-related protein,Inflammation,HF,FG_HF,rs188707867,,,,1.2951435,0.11613687,0.5466802,not_in_primary
ALDH3A1,"Aldehyde dehydrogenase, dimeric NADP-preferring",Inflammation,AF,FG_AF,rs887241,2.9862397,0.32276832,0.857964,1.0130224,0.49193487,0.8284272,same_direction_not_significant
ALDH3A1,"Aldehyde dehydrogenase, dimeric NADP-preferring",Inflammation,HF,FG_HF,rs887241,0.9608721,0.02005586,0.441689,1.0418714,0.021504141,0.45693594,opposite_direction_nominal
AMBN,Ameloblastin,Inflammation,AF,FG_AF,4:70513213:TA:T,,,,0.95452339,0.6512637,0.89963026,not_in_primary
AMBN,Ameloblastin,Inflammation,HF,FG_HF,4:70513213:TA:T,,,,0.97803995,0.82050015,0.96437932,not_in_primary
ANGPTL4,Angiopoietin-related protein 4,Inflammation,AF,FG_AF,rs2278236,0.95769195,0.070923002,0.570142,0.98351628,0.59086951,0.87763375,same_direction_not_significant
ANGPTL4,Angiopoietin-related protein 4,Inflammation,HF,FG_HF,rs2278236,1.0107756,0.70413335,0.971009,1.0103143,0.7253699,0.95025355,same_direction_not_significant
ANXA11,Annexin A11,Inflammation,AF,FG_AF,rs2784773,1.0045374,0.96581541,0.995872,0.93350168,0.62710563,0.89066765,opposite_direction_not_significant
ANXA11,Annexin A11,Inflammation,HF,FG_HF,rs2784773,0.86775218,0.25165389,0.841464,0.75487221,0.035784613,0.45693594,same_direction_nominal
AOC1,Amiloride-sensitive amine oxidase [copper-containing],Inflammation,AF,FG_AF,rs1049742,1.0429112,0.093460507,0.617597,1.005395,0.87238324,0.95521594,same_direction_not_significant
AOC1,Amiloride-sensitive amine oxidase [copper-containing],Inflammation,HF,FG_HF,rs1049742,1.0132166,0.65836122,0.958188,1.0082923,0.79615706,0.95934549,same_direction_not_significant
ATP5IF1,"ATPase inhibitor, mitochondrial",Inflammation,AF,FG_AF,rs510379,0.86712224,0.021203126,0.471288,0.89846396,0.19129122,0.59779998,same_direction_not_significant
ATP5IF1,"ATPase inhibitor, mitochondrial",Inflammation,HF,FG_HF,rs510379,0.93579784,0.3668237,0.871741,1.0935354,0.2499194,0.67789317,opposite_direction_not_significant
B4GALT1,"Beta-1,4-galactosyltransferase 1",Inflammation,AF,FG_AF,rs7019909,1.0124415,0.71431178,0.904093,1.0765876,0.063610793,0.37980308,same_direction_not_significant
B4GALT1,"Beta-1,4-galactosyltransferase 1",Inflammation,HF,FG_HF,rs7019909,0.97381011,0.50498508,0.946293,1.053917,0.16433122,0.5918841,opposite_direction_not_significant
BANK1,B-cell scaffold protein with ankyrin repeats,Inflammation,AF,FG_AF,rs3113676,0.99000462,0.89392977,0.984187,1.2149542,0.010186162,0.1531011,opposite_direction_nominal
BANK1,B-cell scaffold protein with ankyrin repeats,Inflammation,HF,FG_HF,rs3113676,1.1728949,0.092545727,0.606285,1.0744534,0.32238214,0.78383109,same_direction_not_significant
BCR,Breakpoint cluster region protein,Inflammation,AF,FG_AF,rs149005797,0.91001207,0.48117132,0.904093,1.303315,0.065087221,0.37980308,opposite_direction_not_significant
BCR,Breakpoint cluster region protein,Inflammation,HF,FG_HF,rs149005797,,,,1.0174972,0.89713124,0.98744463,not_in_primary
BID,BH3-interacting domain death agonist,Inflammation,AF,FG_AF,rs183393610,1.0212793,0.85031214,0.955868,1.0150984,0.86924825,0.95521594,same_direction_not_significant
BID,BH3-interacting domain death agonist,Inflammation,HF,FG_HF,rs183393610,,,,0.85626858,0.070273168,0.48693802,not_in_primary
BSG,Basigin,Inflammation,AF,FG_AF,rs56101188,0.95229491,0.38558758,0.869993,1.0534863,0.40573281,0.78001346,opposite_direction_not_significant
BSG,Basigin,Inflammation,HF,FG_HF,rs56101188,0.95506028,0.50879556,0.946293,1.0428076,0.4792579,0.84295007,opposite_direction_not_significant
C1QA,Complement C1q subcomponent subunit A,Inflammation,AF,FG_AF,rs12058824,0.99132491,0.64943628,0.904093,1.0152068,0.51724712,0.83919993,opposite_direction_not_significant
C1QA,Complement C1q subcomponent subunit A,Inflammation,HF,FG_HF,rs12058824,0.99968322,0.98852004,0.994067,1.0036332,0.87018643,0.97841055,opposite_direction_not_significant
CCL11,Eotaxin,Inflammation,AF,FG_AF,rs140905292,0.86783929,0.17815528,0.744598,,,,not_matched_in_finngen
CCL11,Eotaxin,Inflammation,HF,FG_HF,rs140905292,0.97705697,0.848936,0.971009,,,,not_matched_in_finngen
CCL13,C-C motif chemokine 13,Inflammation,AF,FG_AF,rs3136674,0.98348089,0.59791775,0.904093,0.98939676,0.79600817,0.94748939,same_direction_not_significant
CCL13,C-C motif chemokine 13,Inflammation,HF,FG_HF,rs3136674,1.0412823,0.28800876,0.841464,0.97951474,0.59589621,0.89025458,opposite_direction_not_significant
CCL17,C-C motif chemokine 17,Inflammation,AF,FG_AF,rs9302690,1.0057906,0.85572542,0.959747,1.0744566,0.16813447,0.57158299,same_direction_not_significant
CCL17,C-C motif chemokine 17,Inflammation,HF,FG_HF,rs9302690,1.000525,0.9892181,0.994067,1.0723595,0.15473299,0.5918841,same_direction_not_significant
CCL20,C-C motif chemokine 20,Inflammation,AF,FG_AF,rs1395338,1.0847101,0.26371776,0.810461,0.90899686,0.35907854,0.76768515,opposite_direction_not_significant
CCL20,C-C motif chemokine 20,Inflammation,HF,FG_HF,rs1395338,0.99253864,0.93027409,0.988165,0.92256169,0.41401572,0.80407877,same_direction_not_significant
CCL21,C-C motif chemokine 21,Inflammation,AF,FG_AF,rs10814138,1.0385237,0.59317095,0.904093,0.90657203,0.28784233,0.71719951,opposite_direction_not_significant
CCL21,C-C motif chemokine 21,Inflammation,HF,FG_HF,rs10814138,1.091149,0.30091053,0.848366,1.0808935,0.37393247,0.80407877,same_direction_not_significant
CCL22,C-C motif chemokine 22,Inflammation,AF,FG_AF,rs41398344,1.012574,0.78072192,0.922471,1.0803283,0.60248917,0.87892538,same_direction_not_significant
CCL22,C-C motif chemokine 22,Inflammation,HF,FG_HF,rs41398344,,,,0.93116034,0.60116704,0.89067863,not_in_primary
CCL23,C-C motif chemokine 23,Inflammation,AF,FG_AF,rs712048,0.98794164,0.49019419,0.904093,1.0001301,0.99552594,0.99913729,opposite_direction_not_significant
CCL23,C-C motif chemokine 23,Inflammation,HF,FG_HF,rs712048,1.0357898,0.098352731,0.606285,1.0097602,0.6574636,0.92642598,same_direction_not_significant
CCL24,C-C motif chemokine 24,Inflammation,AF,FG_AF,rs2024050,1.01554,0.05837687,0.570142,1.016953,0.16587472,0.57134626,same_direction_not_significant
CCL24,C-C motif chemokine 24,Inflammation,HF,FG_HF,rs2024050,1.0113382,0.24029794,0.836791,1.0222898,0.055264081,0.46530654,same_direction_not_significant
CCL25,C-C motif chemokine 25,Inflammation,AF,FG_AF,rs2032887,1.0065126,0.53197106,0.904093,1.0011838,0.92454919,0.97569446,same_direction_not_significant
CCL25,C-C motif chemokine 25,Inflammation,HF,FG_HF,rs2032887,0.99974038,0.98284251,0.994067,0.998691,0.9118233,0.98952555,same_direction_not_significant
CCL26,C-C motif chemokine 26,Inflammation,AF,FG_AF,rs41463245,0.99077389,0.78943416,0.922471,1.0024276,0.94539016,0.98926903,opposite_direction_not_significant
CCL26,C-C motif chemokine 26,Inflammation,HF,FG_HF,rs41463245,,,,0.98921062,0.74437007,0.95077843,not_in_primary
CCL28,C-C motif chemokine 28,Inflammation,AF,FG_AF,rs200708155,,,,,,,not_in_primary
CCL28,C-C motif chemokine 28,Inflammation,HF,FG_HF,rs200708155,,,,,,,not_in_primary
CCL3,C-C motif chemokine 3,Inflammation,AF,FG_AF,rs1634486,0.97342792,0.55821679,0.904093,0.99996986,0.99913729,0.99913729,same_direction_not_significant
CCL3,C-C motif chemokine 3,Inflammation,HF,FG_HF,rs1634486,,,,0.97024732,0.25284322,0.67789317,not_in_primary
CCL4,C-C motif chemokine 4,Inflammation,AF,FG_AF,rs1015673,1.0418993,0.1201327,0.682546,,,,not_matched_in_finngen
CCL4,C-C motif chemokine 4,Inflammation,HF,FG_HF,rs1015673,0.98327783,0.58863419,0.946293,,,,not_matched_in_finngen
CCL7,C-C motif chemokine 7,Inflammation,AF,FG_AF,rs6505397,1.0066609,0.91679033,0.986349,1.1779611,0.051271318,0.326033,same_direction_not_significant
CCL7,C-C motif chemokine 7,Inflammation,HF,FG_HF,rs6505397,1.0172179,0.81976433,0.971009,1.0928526,0.26279019,0.6933188,same_direction_not_significant
CCN2,CCN family member 2,Inflammation,AF,FG_AF,rs7767139,1.044568,0.052684253,0.570142,1.0557743,0.050386914,0.326033,same_direction_not_significant
CCN2,CCN family member 2,Inflammation,HF,FG_HF,rs7767139,1.0425131,0.1192582,0.643367,1.0235546,0.37506702,0.80407877,same_direction_not_significant
CD160,CD160 antigen,Inflammation,AF,FG_AF,rs9728526,0.99317893,0.72239245,0.904093,0.94531777,0.011450178,0.16226538,same_direction_nominal
CD160,CD160 antigen,Inflammation,HF,FG_HF,rs9728526,0.94145151,0.010493154,0.3073,0.95516526,0.02976933,0.45693594,same_direction_nominal
CD200,OX-2 membrane glycoprotein,Inflammation,AF,FG_AF,rs2399420,1.050921,0.23696426,0.777778,1.0320297,0.48725021,0.8284272,same_direction_not_significant
CD200,OX-2 membrane glycoprotein,Inflammation,HF,FG_HF,rs2399420,1.0319054,0.52715628,0.946293,0.91750598,0.045313549,0.46530654,opposite_direction_nominal
CD200R1,Cell surface glycoprotein CD200 receptor 1,Inflammation,AF,FG_AF,rs16860233,0.99100166,0.36462185,0.869993,0.99625251,0.81869589,0.94748939,same_direction_not_significant
CD200R1,Cell surface glycoprotein CD200 receptor 1,Inflammation,HF,FG_HF,rs16860233,0.99819382,0.87857352,0.974199,0.98720977,0.4057947,0.80407877,same_direction_not_significant
CD22,B-cell receptor CD22,Inflammation,AF,FG_AF,rs10411704,1.0268215,0.35880367,0.869993,0.94793305,0.11403693,0.48495018,opposite_direction_not_significant
CD22,B-cell receptor CD22,Inflammation,HF,FG_HF,rs10411704,0.98953575,0.7541809,0.971009,0.94886506,0.10082811,0.52414709,same_direction_not_significant
CD244,Natural killer cell receptor 2B4,Inflammation,AF,FG_AF,rs115868021,1.0486538,0.019196876,0.469364,0.98769369,0.77388076,0.93869307,opposite_direction_not_significant
CD244,Natural killer cell receptor 2B4,Inflammation,HF,FG_HF,rs115868021,,,,1.0225435,0.5788405,0.8779966,not_in_primary
CD276,CD276 antigen,Inflammation,AF,FG_AF,rs2291014,0.99262216,0.37245088,0.869993,0.97926255,0.032324278,0.27700721,same_direction_nominal
CD276,CD276 antigen,Inflammation,HF,FG_HF,rs2291014,0.99641604,0.72018695,0.971009,0.98698838,0.15825758,0.5918841,same_direction_not_significant
CD4,T-cell surface glycoprotein CD4,Inflammation,AF,FG_AF,rs73053728,1.0365563,0.081291135,0.584579,0.933597,0.0094532125,0.1531011,opposite_direction_nominal
CD4,T-cell surface glycoprotein CD4,Inflammation,HF,FG_HF,rs73053728,1.0239397,0.32297045,0.853675,0.98534412,0.55560059,0.87288527,opposite_direction_not_significant
CD40,Tumor necrosis factor receptor superfamily member 5,Inflammation,AF,FG_AF,rs4810485,0.97051111,0.099075819,0.634898,0.91558204,0.00011359998,0.0062606211,same_direction_fdr
CD40,Tumor necrosis factor receptor superfamily member 5,Inflammation,HF,FG_HF,rs4810485,0.97257194,0.19473329,0.782751,0.96533831,0.10324838,0.52414709,same_direction_not_significant
CD48,CD48 antigen,Inflammation,AF,FG_AF,rs2295615,0.99284404,0.51126917,0.904093,0.98708221,0.43232541,0.78971494,same_direction_not_significant
CD48,CD48 antigen,Inflammation,HF,FG_HF,rs2295615,0.98891422,0.39395938,0.877844,0.99252779,0.6337571,0.91290085,same_direction_not_significant
CD58,Lymphocyte function-associated antigen 3,Inflammation,AF,FG_AF,rs10801908,1.0375532,0.3372586,0.859547,0.96541195,0.42118337,0.78242304,opposite_direction_not_significant
CD58,Lymphocyte function-associated antigen 3,Inflammation,HF,FG_HF,rs10801908,1.1330962,0.0068123175,0.285537,0.99762223,0.95421103,0.99285933,opposite_direction_not_significant
CD6,T-cell differentiation antigen CD6,Inflammation,AF,FG_AF,rs11230563,1.005076,0.55806753,0.904093,0.99701374,0.80910835,0.94748939,opposite_direction_not_significant
CD6,T-cell differentiation antigen CD6,Inflammation,HF,FG_HF,rs11230563,0.99482672,0.61283973,0.948167,1.0289967,0.014524962,0.45693594,opposite_direction_nominal
CD70,CD70 antigen,Inflammation,AF,FG_AF,rs7254538,1.0077586,0.42049916,0.869993,1.0016689,0.88590053,0.95681461,same_direction_not_significant
CD70,CD70 antigen,Inflammation,HF,FG_HF,rs7254538,1.0020008,0.85992425,0.971009,1.0136235,0.21834752,0.65241187,same_direction_not_significant
CD79B,B-cell antigen receptor complex-associated protein beta chain,Inflammation,AF,FG_AF,rs12946669,0.95104428,0.22786286,0.769429,0.84968861,0.0028826535,0.071489807,same_direction_nominal
CD79B,B-cell antigen receptor complex-associated protein beta chain,Inflammation,HF,FG_HF,rs12946669,0.97223476,0.57010203,0.946293,0.9044221,0.051785305,0.46530654,same_direction_not_significant
CD83,CD83 antigen,Inflammation,AF,FG_AF,rs12526086,0.96796035,0.41650479,0.869993,0.94676652,0.30199323,0.72120425,same_direction_not_significant
CD83,CD83 antigen,Inflammation,HF,FG_HF,rs12526086,1.0840011,0.083419167,0.606285,0.99909318,0.98552006,0.99508015,opposite_direction_not_significant
CD84,SLAM family member 5,Inflammation,AF,FG_AF,rs11265440,0.95484632,0.41681125,0.869993,1.030824,0.65411165,0.89963026,opposite_direction_not_significant
CD84,SLAM family member 5,Inflammation,HF,FG_HF,rs11265440,0.99902774,0.98835246,0.994067,0.91808356,0.18360762,0.60754028,same_direction_not_significant
CDON,Cell adhesion molecule-related/down-regulated by oncogenes,Inflammation,AF,FG_AF,rs607980,1.0614643,0.33056673,0.858912,0.94695595,0.53550461,0.84320726,opposite_direction_not_significant
CDON,Cell adhesion molecule-related/down-regulated by oncogenes,Inflammation,HF,FG_HF,rs607980,1.017269,0.8209857,0.971009,0.88110328,0.12850858,0.57945687,opposite_direction_not_significant
CEACAM21,Carcinoembryonic antigen-related cell adhesion molecule 21,Inflammation,AF,FG_AF,rs140838345,0.97621575,0.13106869,0.702553,1.0071637,0.35720016,0.76768515,opposite_direction_not_significant
CEACAM21,Carcinoembryonic antigen-related cell adhesion molecule 21,Inflammation,HF,FG_HF,rs140838345,,,,1.0083725,0.25456085,0.67882893,not_in_primary
CKAP4,Cytoskeleton-associated protein 4,Inflammation,AF,FG_AF,rs2704895,0.98092787,0.59551289,0.904093,0.96440389,0.40843494,0.78144176,same_direction_not_significant
CKAP4,Cytoskeleton-associated protein 4,Inflammation,HF,FG_HF,rs2704895,0.97785772,0.60248288,0.946293,1.0108699,0.79424145,0.95934549,opposite_direction_not_significant
CKMT1A_CKMT1B,"Creatine kinase U-type, mitochondrial",Inflammation,AF,FG_AF,rs690604,1.1193092,0.048165695,0.570142,,,,not_matched_in_finngen
CKMT1A_CKMT1B,"Creatine kinase U-type, mitochondrial",Inflammation,HF,FG_HF,rs690604,1.0338942,0.64414962,0.957279,,,,not_matched_in_finngen
CLEC4A,C-type lectin domain family 4 member A,Inflammation,AF,FG_AF,rs117213717,1.0067013,0.68011391,0.904093,0.98193152,0.5089264,0.83078626,opposite_direction_not_significant
CLEC4A,C-type lectin domain family 4 member A,Inflammation,HF,FG_HF,rs117213717,,,,0.95996993,0.11649967,0.5466802,not_in_primary
CLEC4C,C-type lectin domain family 4 member C,Inflammation,AF,FG_AF,rs10845821,0.99379891,0.4357372,0.87326,1.0079886,0.48147386,0.8284272,opposite_direction_not_significant
CLEC4C,C-type lectin domain family 4 member C,Inflammation,HF,FG_HF,rs10845821,0.99263321,0.43098923,0.91207,1.0098925,0.35759782,0.80272919,opposite_direction_not_significant
CLEC4D,C-type lectin domain family 4 member D,Inflammation,AF,FG_AF,rs4242896,0.96448462,0.0041612562,0.213325,1.0245483,0.14772864,0.54074562,opposite_direction_not_significant
CLEC4D,C-type lectin domain family 4 member D,Inflammation,HF,FG_HF,rs4242896,0.99699109,0.83747196,0.971009,0.99996919,0.99844769,0.99844769,same_direction_not_significant
CLEC4G,C-type lectin domain family 4 member G,Inflammation,AF,FG_AF,rs76560987,0.99919908,0.98290378,0.995872,1.0384331,0.38972303,0.77649243,opposite_direction_not_significant
CLEC4G,C-type lectin domain family 4 member G,Inflammation,HF,FG_HF,rs76560987,1.0857384,0.046911674,0.469117,0.97170348,0.48946529,0.85217354,opposite_direction_not_significant
CLEC7A,C-type lectin domain family 7 member A,Inflammation,AF,FG_AF,rs16910526,0.99820889,0.81847395,0.939516,0.98573611,0.21634595,0.63122112,same_direction_not_significant
CLEC7A,C-type lectin domain family 7 member A,Inflammation,HF,FG_HF,rs16910526,1.0061009,0.5094321,0.946293,1.0099102,0.37261016,0.80407877,same_direction_not_significant
CLIP2,CAP-Gly domain-containing linker protein 2,Inflammation,AF,FG_AF,rs117471007,1.0811405,0.1546325,0.717809,1.020807,0.74423625,0.938471,same_direction_not_significant
CLIP2,CAP-Gly domain-containing linker protein 2,Inflammation,HF,FG_HF,rs117471007,1.0802758,0.22481017,0.815683,0.99749676,0.96652183,0.99508015,opposite_direction_not_significant
CLSTN2,Calsyntenin-2,Inflammation,AF,FG_AF,rs41265459,0.98832939,0.6285601,0.904093,0.96431813,0.503796,0.83017547,same_direction_not_significant
CLSTN2,Calsyntenin-2,Inflammation,HF,FG_HF,rs41265459,,,,0.9865981,0.79822375,0.95934549,not_in_primary
CNTNAP2,Contactin-associated protein-like 2,Inflammation,AF,FG_AF,rs7810370,0.98336133,0.20884173,0.769429,0.98378115,0.35066639,0.76768515,same_direction_not_significant
CNTNAP2,Contactin-associated protein-like 2,Inflammation,HF,FG_HF,rs7810370,0.98602614,0.36995817,0.871741,0.95569418,0.0063999989,0.34292856,same_direction_nominal
COLEC12,Collectin-12,Inflammation,AF,FG_AF,rs149622251,1.0946425,0.18166299,0.750044,1.0852887,0.39683984,0.77649243,same_direction_not_significant
COLEC12,Collectin-12,Inflammation,HF,FG_HF,rs149622251,,,,1.0739533,0.44266798,0.82854082,not_in_primary
CRELD2,Protein disulfide isomerase CRELD2,Inflammation,AF,FG_AF,rs74510325,1.0370801,0.14084899,0.71745,1.0816373,0.022060199,0.22795539,same_direction_nominal
CRELD2,Protein disulfide isomerase CRELD2,Inflammation,HF,FG_HF,rs74510325,1.0061691,0.83150952,0.971009,1.0490404,0.1371201,0.5918841,same_direction_not_significant
CRHBP,Corticotropin-releasing factor-binding protein,Inflammation,AF,FG_AF,rs6896257,1.0131703,0.28486945,0.825746,0.99629456,0.8097344,0.94748939,opposite_direction_not_significant
CRHBP,Corticotropin-releasing factor-binding protein,Inflammation,HF,FG_HF,rs6896257,1.0148934,0.311716,0.848366,1.0101224,0.48965617,0.85217354,same_direction_not_significant
CRIM1,Cysteine-rich motor neuron 1 protein,Inflammation,AF,FG_AF,rs201258494,,,,0.96458482,0.57554538,0.86506215,not_in_primary
CRIM1,Cysteine-rich motor neuron 1 protein,Inflammation,HF,FG_HF,rs201258494,,,,0.80574211,0.00038171066,0.063109496,not_in_primary
CSF1,Macrophage colony-stimulating factor 1,Inflammation,AF,FG_AF,rs11577194,0.97984453,0.57060264,0.904093,0.99156794,0.8548239,0.950683,same_direction_not_significant
CSF1,Macrophage colony-stimulating factor 1,Inflammation,HF,FG_HF,rs11577194,1.0561753,0.19097769,0.782751,0.98162483,0.67249417,0.93256356,opposite_direction_not_significant
CSF3,Granulocyte colony-stimulating factor,Inflammation,AF,FG_AF,rs748908389,,,,1.2987497,0.021345724,0.22526551,not_in_primary
CSF3,Granulocyte colony-stimulating factor,Inflammation,HF,FG_HF,rs748908389,,,,1.2988229,0.015078581,0.45693594,not_in_primary
CST7,Cystatin-F,Inflammation,AF,FG_AF,rs227651,0.98280187,0.073434067,0.570142,0.971759,0.091952798,0.44362655,same_direction_not_significant
CST7,Cystatin-F,Inflammation,HF,FG_HF,rs227651,0.98905352,0.40295036,0.889069,1.0145373,0.37067848,0.80407877,opposite_direction_not_significant
CTRC,Chymotrypsin-C,Inflammation,AF,FG_AF,rs497078,0.99824511,0.93188768,0.986349,1.0221505,0.35535976,0.76768515,opposite_direction_not_significant
CTRC,Chymotrypsin-C,Inflammation,HF,FG_HF,rs497078,1.0456236,0.099075819,0.606285,1.01138,0.61547522,0.90419098,same_direction_not_significant
CTSC,Dipeptidyl peptidase 1,Inflammation,AF,FG_AF,rs11600158,1.0144614,0.21691142,0.769429,1.0038868,0.82096128,0.94748939,same_direction_not_significant
CTSC,Dipeptidyl peptidase 1,Inflammation,HF,FG_HF,rs11600158,0.9912419,0.52841016,0.946293,1.0031884,0.84458621,0.97841055,opposite_direction_not_significant
CTSO,Cathepsin O,Inflammation,AF,FG_AF,rs2334114,0.98319803,0.65575391,0.904093,0.88665906,0.02026039,0.22526551,same_direction_nominal
CTSO,Cathepsin O,Inflammation,HF,FG_HF,rs2334114,1.0944142,0.046602064,0.469117,0.95408643,0.33978002,0.79736401,opposite_direction_not_significant
CXADR,Coxsackievirus and adenovirus receptor,Inflammation,AF,FG_AF,rs2849900,0.96970295,0.75149654,0.909608,0.76620765,0.00037721466,0.018604357,same_direction_fdr
CXADR,Coxsackievirus and adenovirus receptor,Inflammation,HF,FG_HF,rs2849900,1.0304091,0.7871041,0.971009,0.87540339,0.059891653,0.46530654,opposite_direction_not_significant
CXCL1,Growth-regulated alpha protein,Inflammation,AF,FG_AF,rs3097411,0.98908363,0.34276408,0.859547,1.0266319,0.071205837,0.39683253,opposite_direction_not_significant
CXCL1,Growth-regulated alpha protein,Inflammation,HF,FG_HF,rs3097411,1.0150941,0.27746948,0.841464,0.99900097,0.9423944,0.99285933,opposite_direction_not_significant
CXCL10,C-X-C motif chemokine 10,Inflammation,AF,FG_AF,rs11548618,0.98070631,0.51934236,0.904093,0.98223913,0.44431184,0.79847345,same_direction_not_significant
CXCL10,C-X-C motif chemokine 10,Inflammation,HF,FG_HF,rs11548618,,,,0.98975746,0.64531172,0.92366052,not_in_primary
CXCL12,Stromal cell-derived factor 1,Inflammation,AF,FG_AF,rs11239028,1.0269727,0.4639279,0.892952,1.1028948,0.038621223,0.28969657,same_direction_nominal
CXCL12,Stromal cell-derived factor 1,Inflammation,HF,FG_HF,rs11239028,1.0412635,0.34697336,0.856601,1.063812,0.16697512,0.5918841,same_direction_not_significant
CXCL14,C-X-C motif chemokine 14,Inflammation,AF,FG_AF,rs13171268,0.90075219,0.27005271,0.810461,0.94652433,0.65024844,0.89963026,same_direction_not_significant
CXCL14,C-X-C motif chemokine 14,Inflammation,HF,FG_HF,rs13171268,1.1195055,0.31129905,0.848366,0.89948543,0.35666722,0.80272919,opposite_direction_not_significant
CXCL17,C-X-C motif chemokine 17,Inflammation,AF,FG_AF,rs11668599,1.3117458,0.0087171855,0.28418,1.1005229,0.48681085,0.8284272,same_direction_not_significant
CXCL17,C-X-C motif chemokine 17,Inflammation,HF,FG_HF,rs11668599,1.2929714,0.032858925,0.457404,1.1775731,0.21105078,0.64791367,same_direction_not_significant
CXCL6,C-X-C motif chemokine 6,Inflammation,AF,FG_AF,rs16850073,1.0245951,0.052033421,0.570142,1.0434247,0.0070303638,0.12453787,same_direction_nominal
CXCL6,C-X-C motif chemokine 6,Inflammation,HF,FG_HF,rs16850073,1.0278954,0.063536033,0.529308,0.99926374,0.96081095,0.99491071,opposite_direction_not_significant
CXCL8,Interleukin-8,Inflammation,AF,FG_AF,rs74468557,0.84388204,0.054288397,0.570142,1.1733802,0.18607273,0.59779998,opposite_direction_not_significant
CXCL8,Interleukin-8,Inflammation,HF,FG_HF,rs74468557,0.84341406,0.10247347,0.607042,1.1803084,0.14979667,0.5918841,opposite_direction_not_significant
CXCL9,C-X-C motif chemokine 9,Inflammation,AF,FG_AF,rs13118503,1.065618,0.21729003,0.769429,1.1062183,0.11381254,0.48495018,same_direction_not_significant
CXCL9,C-X-C motif chemokine 9,Inflammation,HF,FG_HF,rs13118503,0.93654105,0.28151463,0.841464,0.98962967,0.86357831,0.97841055,same_direction_not_significant
DAG1,Dystroglycan,Inflammation,AF,FG_AF,3:49452394:CA:C,,,,,,,not_in_primary
DAG1,Dystroglycan,Inflammation,HF,FG_HF,3:49452394:CA:C,,,,,,,not_in_primary
DAPP1,Dual adapter for phosphotyrosine and 3-phosphotyrosine and 3-phosphoinositide,Inflammation,AF,FG_AF,rs7688733,0.97331522,0.68247295,0.904093,1.082678,0.3557127,0.76768515,opposite_direction_not_significant
DAPP1,Dual adapter for phosphotyrosine and 3-phosphotyrosine and 3-phosphoinositide,Inflammation,HF,FG_HF,rs7688733,1.093251,0.25385925,0.841464,0.97779117,0.78341154,0.95934549,opposite_direction_not_significant
DBNL,Drebrin-like protein,Inflammation,AF,FG_AF,rs7799945,1.2269537,0.10599957,0.634898,0.85283991,0.32581239,0.75126103,opposite_direction_not_significant
DBNL,Drebrin-like protein,Inflammation,HF,FG_HF,rs7799945,1.2570921,0.12481239,0.660257,0.80369843,0.15352596,0.5918841,opposite_direction_not_significant
DECR1,"2,4-dienoyl-CoA reductase, mitochondrial",Inflammation,AF,FG_AF,rs189045259,1.0431894,0.53588499,0.904093,1.0052698,0.97004933,0.99322132,same_direction_not_significant
DECR1,"2,4-dienoyl-CoA reductase, mitochondrial",Inflammation,HF,FG_HF,rs189045259,,,,1.0126686,0.92357028,0.98952555,not_in_primary
DFFA,DNA fragmentation factor subunit alpha,Inflammation,AF,FG_AF,rs183281838,0.90638223,0.36343886,0.869993,0.57547402,4.4820192e-10,1.1115408e-07,same_direction_fdr
DFFA,DNA fragmentation factor subunit alpha,Inflammation,HF,FG_HF,rs183281838,,,,0.72474306,0.00016033154,0.039762222,not_in_primary
DNER,Delta and Notch-like epidermal growth factor-related receptor,Inflammation,AF,FG_AF,rs34412673,0.9694347,0.22044258,0.769429,0.92491853,0.023116011,0.23215451,same_direction_nominal
DNER,Delta and Notch-like epidermal growth factor-related receptor,Inflammation,HF,FG_HF,rs34412673,0.98301912,0.56305265,0.946293,0.95414666,0.14942874,0.5918841,same_direction_not_significant
DNPH1,2'-deoxynucleoside 5'-phosphate N-hydrolase 1,Inflammation,AF,FG_AF,rs77321231,1.0157639,0.5165655,0.904093,0.97174692,0.39175245,0.77649243,opposite_direction_not_significant
DNPH1,2'-deoxynucleoside 5'-phosphate N-hydrolase 1,Inflammation,HF,FG_HF,rs77321231,0.99479992,0.8546363,0.971009,0.97639371,0.45096776,0.82867494,same_direction_not_significant
DPP10,Inactive dipeptidyl peptidase 10,Inflammation,AF,FG_AF,rs17355498,1.0295412,0.25665684,0.80452,1.0227251,0.49761472,0.8284272,same_direction_not_significant
DPP10,Inactive dipeptidyl peptidase 10,Inflammation,HF,FG_HF,rs17355498,1.0127215,0.67223914,0.963699,1.0531036,0.098023242,0.52414709,same_direction_not_significant
EDAR,Tumor necrosis factor receptor superfamily member EDAR,Inflammation,AF,FG_AF,rs140661471,0.97901454,0.28903499,0.825746,1.0353545,0.22776729,0.65658625,opposite_direction_not_significant
EDAR,Tumor necrosis factor receptor superfamily member EDAR,Inflammation,HF,FG_HF,rs140661471,0.98415996,0.48094265,0.930125,1.0376161,0.17804152,0.59667969,opposite_direction_not_significant
EGF,Pro-epidermal growth factor,Inflammation,AF,FG_AF,rs3831508,0.93502996,0.60079625,0.904093,0.97639349,0.71882099,0.9269522,same_direction_not_significant
EGF,Pro-epidermal growth factor,Inflammation,HF,FG_HF,rs3831508,,,,0.97585179,0.69868953,0.94406957,not_in_primary
EGLN1,Egl nine homolog 1,Inflammation,AF,FG_AF,rs77466488,0.93765969,0.20443898,0.769429,0.89421818,0.13283476,0.52290509,same_direction_not_significant
EGLN1,Egl nine homolog 1,Inflammation,HF,FG_HF,rs77466488,1.03133,0.59190155,0.946293,0.92098803,0.23994457,0.67789317,opposite_direction_not_significant
ENAH,Protein enabled homolog,Inflammation,AF,FG_AF,rs10799316,1.188576,0.0052349726,0.213325,1.0784564,0.37132303,0.76831256,same_direction_not_significant
ENAH,Protein enabled homolog,Inflammation,HF,FG_HF,rs10799316,1.1344546,0.087910982,0.606285,1.1117145,0.1872442,0.61100739,same_direction_not_significant
ENPP5,Ectonucleotide pyrophosphatase/phosphodiesterase family member 5,Inflammation,AF,FG_AF,rs9472701,1.0152817,0.087239077,0.609427,0.99124465,0.47459581,0.82817202,opposite_direction_not_significant
ENPP5,Ectonucleotide pyrophosphatase/phosphodiesterase family member 5,Inflammation,HF,FG_HF,rs9472701,0.98014952,0.057113783,0.495811,0.99345344,0.5719628,0.87533799,same_direction_not_significant
ENPP7,Ectonucleotide pyrophosphatase/phosphodiesterase family member 7,Inflammation,AF,FG_AF,rs8076533,1.0018962,0.7941931,0.922471,1.0135881,0.15010776,0.54074562,same_direction_not_significant
ENPP7,Ectonucleotide pyrophosphatase/phosphodiesterase family member 7,Inflammation,HF,FG_HF,rs8076533,1.019232,0.027291915,0.457404,1.0131968,0.13963772,0.5918841,same_direction_not_significant
EPHA1,Ephrin type-A receptor 1,Inflammation,AF,FG_AF,rs75045569,1.0238701,0.49535393,0.904093,0.98255433,0.71052062,0.92372918,opposite_direction_not_significant
EPHA1,Ephrin type-A receptor 1,Inflammation,HF,FG_HF,rs75045569,0.94421494,0.15634389,0.724734,1.020391,0.65317498,0.92458022,opposite_direction_not_significant
EPO,Erythropoietin,Inflammation,AF,FG_AF,rs11976235,0.99525731,0.96123956,0.995872,2.0413131,0.1085372,0.48066474,opposite_direction_not_significant
EPO,Erythropoietin,Inflammation,HF,FG_HF,rs11976235,,,,0.61887083,0.24610229,0.67789317,not_in_primary
ERBB3,Receptor tyrosine-protein kinase erbB-3,Inflammation,AF,FG_AF,rs75526830,1.0670089,0.015041739,0.408634,0.88430627,0.1163115,0.48890258,opposite_direction_not_significant
ERBB3,Receptor tyrosine-protein kinase erbB-3,Inflammation,HF,FG_HF,rs75526830,,,,0.98035849,0.78721884,0.95934549,not_in_primary
ESM1,Endothelial cell-specific molecule 1,Inflammation,AF,FG_AF,rs4242051,0.99687334,0.93789004,0.987363,1.0023714,0.96422167,0.99257276,opposite_direction_not_significant
ESM1,Endothelial cell-specific molecule 1,Inflammation,HF,FG_HF,rs4242051,1.0786166,0.11106901,0.615382,0.91368947,0.071171087,0.48693802,opposite_direction_not_significant
F2R,Proteinase-activated receptor 1,Inflammation,AF,FG_AF,rs168753,1.0212694,0.72217343,0.904093,1.0102719,0.88736839,0.95681461,same_direction_not_significant
F2R,Proteinase-activated receptor 1,Inflammation,HF,FG_HF,rs168753,1.1648431,0.028620162,0.457404,0.97147521,0.67182431,0.93256356,opposite_direction_not_significant
FABP1,"Fatty acid-binding protein, liver",Inflammation,AF,FG_AF,rs2241883,0.97747168,0.4469179,0.884789,0.97146808,0.42673426,0.78971494,same_direction_not_significant
FABP1,"Fatty acid-binding protein, liver",Inflammation,HF,FG_HF,rs2241883,1,1,1,0.92019894,0.015796904,0.45693594,opposite_direction_nominal
FABP9,Fatty acid-binding protein 9,Inflammation,AF,FG_AF,rs28497692,0.9731783,0.74294418,0.909608,0.97504817,0.82171228,0.94748939,same_direction_not_significant
FABP9,Fatty acid-binding protein 9,Inflammation,HF,FG_HF,rs28497692,0.81100503,0.034249909,0.457404,1.2421969,0.041775166,0.46530654,opposite_direction_nominal
FASLG,Tumor necrosis factor ligand superfamily member 6,Inflammation,AF,FG_AF,rs79419452,0.91896792,0.36121968,0.869993,0.93792115,0.61650728,0.88424105,same_direction_not_significant
FASLG,Tumor necrosis factor ligand superfamily member 6,Inflammation,HF,FG_HF,rs79419452,0.9781111,0.83558256,0.971009,0.9926058,0.95127552,0.99285933,same_direction_not_significant
FCAR,Immunoglobulin alpha Fc receptor,Inflammation,AF,FG_AF,rs12608573,0.99645101,0.72098486,0.904093,1.005523,0.62349579,0.89066177,opposite_direction_not_significant
FCAR,Immunoglobulin alpha Fc receptor,Inflammation,HF,FG_HF,rs12608573,1.0104834,0.37885931,0.872653,1.0126102,0.23792209,0.67789317,same_direction_not_significant
FCRL2,Fc receptor-like protein 2,Inflammation,AF,FG_AF,rs12568320,0.9948006,0.65311558,0.904093,0.9780095,0.16227205,0.56285664,same_direction_not_significant
FCRL2,Fc receptor-like protein 2,Inflammation,HF,FG_HF,rs12568320,1.0007823,0.95528225,0.988726,1.0219932,0.14964277,0.5918841,same_direction_not_significant
FCRL3,Fc receptor-like protein 3,Inflammation,AF,FG_AF,rs7522061,1.0086409,0.20854523,0.769429,0.9936148,0.47586497,0.82817202,opposite_direction_not_significant
FCRL3,Fc receptor-like protein 3,Inflammation,HF,FG_HF,rs7522061,1.0077003,0.34890834,0.856601,1.001311,0.87780785,0.97841055,same_direction_not_significant
FCRL6,Fc receptor-like protein 6,Inflammation,AF,FG_AF,rs55650803,1,1,1,0.99069753,0.4907289,0.8284272,opposite_direction_not_significant
FCRL6,Fc receptor-like protein 6,Inflammation,HF,FG_HF,rs55650803,0.99418238,0.60306358,0.946293,1.014985,0.24828232,0.67789317,opposite_direction_not_significant
FGF2,Fibroblast growth factor 2,Inflammation,AF,FG_AF,rs2922979,0.99007028,0.33075078,0.858912,0.98115911,0.17831816,0.59359602,same_direction_not_significant
FGF2,Fibroblast growth factor 2,Inflammation,HF,FG_HF,rs2922979,1.0062036,0.60470454,0.946293,0.99241258,0.57088839,0.87533799,opposite_direction_not_significant
FGF5,Fibroblast growth factor 5,Inflammation,AF,FG_AF,rs12509595,1.0628884,7.5693691e-09,3.70142e-06,1.1297251,0,0,same_direction_fdr
FGF5,Fibroblast growth factor 5,Inflammation,HF,FG_HF,rs12509595,1.0293035,0.02046851,0.441689,1.0235722,0.07122471,0.48693802,same_direction_not_significant
FIS1,Mitochondrial fission 1 protein,Inflammation,AF,FG_AF,rs7778271,0.9723589,0.50351747,0.904093,1.0589814,0.27713817,0.70846316,opposite_direction_not_significant
FIS1,Mitochondrial fission 1 protein,Inflammation,HF,FG_HF,rs7778271,1.0296163,0.56384296,0.946293,0.98421126,0.74989006,0.95077843,opposite_direction_not_significant
FKBP1B,Peptidyl-prolyl cis-trans isomerase FKBP1B,Inflammation,AF,FG_AF,rs872169,1.0481957,0.14823804,0.717809,1.1016755,0.036315123,0.28590954,same_direction_nominal
FKBP1B,Peptidyl-prolyl cis-trans isomerase FKBP1B,Inflammation,HF,FG_HF,rs872169,1.0400047,0.3124469,0.848366,1.0059896,0.89127166,0.98456736,same_direction_not_significant
FOXO1,Forkhead box protein O1,Inflammation,AF,FG_AF,rs17061453,1,1,1,1.0941707,0.47412405,0.82817202,opposite_direction_not_significant
FOXO1,Forkhead box protein O1,Inflammation,HF,FG_HF,rs17061453,0.98616052,0.86116772,0.971009,1.1839792,0.15149824,0.5918841,opposite_direction_not_significant
FST,Follistatin,Inflammation,AF,FG_AF,rs31226,1.0844758,0.090803103,0.614454,1.1744715,0.0095989931,0.1531011,same_direction_nominal
FST,Follistatin,Inflammation,HF,FG_HF,rs31226,1.1587994,0.0089882692,0.306793,1.116672,0.060039554,0.46530654,same_direction_not_significant
FSTL3,Follistatin-related protein 3,Inflammation,AF,FG_AF,rs916904,1.0472294,0.57851472,0.904093,0.86233346,0.14519011,0.54074562,opposite_direction_not_significant
FSTL3,Follistatin-related protein 3,Inflammation,HF,FG_HF,rs916904,0.8295271,0.053784089,0.495811,0.98686834,0.89088932,0.98456736,same_direction_not_significant
FXYD5,FXYD domain-containing ion transport regulator 5,Inflammation,AF,FG_AF,rs756845,1.0005266,0.98549381,0.995872,,,,not_matched_in_finngen
FXYD5,FXYD domain-containing ion transport regulator 5,Inflammation,HF,FG_HF,rs756845,1.0223582,0.53379576,0.946293,,,,not_matched_in_finngen
GALNT3,Polypeptide N-acetylgalactosaminyltransferase 3,Inflammation,AF,FG_AF,rs2116546,0.99155713,0.65122951,0.904093,0.96481544,0.14893576,0.54074562,same_direction_not_significant
GALNT3,Polypeptide N-acetylgalactosaminyltransferase 3,Inflammation,HF,FG_HF,rs2116546,1.0007711,0.97184521,0.988726,0.99554233,0.8486613,0.97841055,opposite_direction_not_significant
GBP2,Guanylate-binding protein 2,Inflammation,AF,FG_AF,rs7531439,1.0950502,0.15780279,0.717809,0.94587018,0.48412229,0.8284272,opposite_direction_not_significant
GBP2,Guanylate-binding protein 2,Inflammation,HF,FG_HF,rs7531439,1.0510815,0.51399382,0.946293,0.98497085,0.84068096,0.9765287,opposite_direction_not_significant
GMPR,GMP reductase 1,Inflammation,AF,FG_AF,rs1042391,0.982696,0.51759387,0.904093,0.99473423,0.87674415,0.95521594,same_direction_not_significant
GMPR,GMP reductase 1,Inflammation,HF,FG_HF,rs1042391,1.0249013,0.44401429,0.912536,1.0769987,0.021577962,0.45693594,same_direction_nominal
GZMA,Granzyme A,Inflammation,AF,FG_AF,rs2047745,1.1843974,0.15014361,0.717809,1.3253186,0.067499456,0.38929919,same_direction_not_significant
GZMA,Granzyme A,Inflammation,HF,FG_HF,rs2047745,1.075885,0.5990458,0.946293,0.88741689,0.41240903,0.80407877,opposite_direction_not_significant
GZMB,Granzyme B,Inflammation,AF,FG_AF,rs8192918,0.93345642,0.22014951,0.769429,1.0002946,0.99220914,0.99913729,opposite_direction_not_significant
GZMB,Granzyme B,Inflammation,HF,FG_HF,rs8192918,,,,1.0242357,0.4000803,0.80407877,not_in_primary
HCLS1,Hematopoietic lineage cell-specific protein,Inflammation,AF,FG_AF,rs3732410,1.1717567,0.05447039,0.570142,1.4317335,0.0012581188,0.041392323,same_direction_fdr
HCLS1,Hematopoietic lineage cell-specific protein,Inflammation,HF,FG_HF,rs3732410,1.3443011,0.0026060101,0.178077,1.2556987,0.031048998,0.45693594,same_direction_nominal
HEXIM1,Protein HEXIM1,Inflammation,AF,FG_AF,rs36160143,0.91894663,0.59621542,0.904093,,,,not_matched_in_finngen
HEXIM1,Protein HEXIM1,Inflammation,HF,FG_HF,rs36160143,1.1091297,0.55929256,0.946293,,,,not_matched_in_finngen
HGF,Hepatocyte growth factor,Inflammation,AF,FG_AF,rs5745687,0.96919844,0.67427372,0.904093,1.0045057,0.9690467,0.99322132,opposite_direction_not_significant
HGF,Hepatocyte growth factor,Inflammation,HF,FG_HF,rs5745687,1.0691748,0.44118937,0.912536,1.168215,0.15532522,0.5918841,same_direction_not_significant
HPCAL1,Hippocalcin-like protein 1,Inflammation,AF,FG_AF,rs375285744,0.10915945,0.52172611,0.904093,,,,not_matched_in_finngen
HPCAL1,Hippocalcin-like protein 1,Inflammation,HF,FG_HF,rs375285744,,,,,,,not_in_primary
ICAM4,Intercellular adhesion molecule 4,Inflammation,AF,FG_AF,rs5030377,1.1035218,0.10646547,0.634898,1.3099267,0.00045010541,0.018604357,same_direction_fdr
ICAM4,Intercellular adhesion molecule 4,Inflammation,HF,FG_HF,rs5030377,1.0149299,0.83376403,0.971009,1.125803,0.10344551,0.52414709,same_direction_not_significant
IFNGR1,Interferon gamma receptor 1,Inflammation,AF,FG_AF,rs9376267,0.9350293,0.081230653,0.584579,0.98518067,0.76680162,0.93869307,same_direction_not_significant
IFNGR1,Interferon gamma receptor 1,Inflammation,HF,FG_HF,rs9376267,1.0144277,0.75517128,0.971009,1.0385071,0.42831451,0.8170923,same_direction_not_significant
IFNLR1,Interferon lambda receptor 1,Inflammation,AF,FG_AF,rs139958347,1.015829,0.61588214,0.904093,1.0357332,0.14689714,0.54074562,same_direction_not_significant
IFNLR1,Interferon lambda receptor 1,Inflammation,HF,FG_HF,rs139958347,0.98494011,0.73591778,0.971009,1.0526651,0.025827628,0.45693594,opposite_direction_nominal
IL10,Interleukin-10,Inflammation,AF,FG_AF,rs3024495,1.051784,0.4548412,0.886121,1.0274548,0.74770285,0.938471,same_direction_not_significant
IL10,Interleukin-10,Inflammation,HF,FG_HF,rs3024495,0.98447762,0.84004583,0.971009,0.93389013,0.39073495,0.80407877,same_direction_not_significant
IL10RA,Interleukin-10 receptor subunit alpha,Inflammation,AF,FG_AF,rs3135932,0.99577344,0.92994655,0.986349,1.0898254,0.13066975,0.51849757,opposite_direction_not_significant
IL10RA,Interleukin-10 receptor subunit alpha,Inflammation,HF,FG_HF,rs3135932,0.9692459,0.57779817,0.946293,1.0541228,0.32894921,0.78441735,opposite_direction_not_significant
IL10RB,Interleukin-10 receptor subunit beta,Inflammation,AF,FG_AF,rs2515717,1.0172599,0.4905754,0.904093,1.0019852,0.90264812,0.9646354,same_direction_not_significant
IL10RB,Interleukin-10 receptor subunit beta,Inflammation,HF,FG_HF,rs2515717,,,,0.98840702,0.44690358,0.82867494,not_in_primary
IL12B,Interleukin-12 subunit beta,Inflammation,AF,FG_AF,rs4244437,1.0064546,0.61707508,0.904093,0.9701984,0.08818754,0.44182848,opposite_direction_not_significant
IL12B,Interleukin-12 subunit beta,Inflammation,HF,FG_HF,rs4244437,1.0050166,0.73888268,0.971009,1.0009602,0.95447965,0.99285933,same_direction_not_significant
IL12RB1,Interleukin-12 receptor subunit beta-1,Inflammation,AF,FG_AF,rs369378,0.99956168,0.98077573,0.995872,0.95507659,0.045621867,0.30997871,same_direction_nominal
IL12RB1,Interleukin-12 receptor subunit beta-1,Inflammation,HF,FG_HF,rs369378,0.98326272,0.42730347,0.91207,0.96805338,0.13649733,0.5918841,same_direction_not_significant
IL15RA,Interleukin-15 receptor subunit alpha,Inflammation,AF,FG_AF,rs3136630,1.0163479,0.57032863,0.904093,1.0009687,0.97874379,0.99478877,same_direction_not_significant
IL15RA,Interleukin-15 receptor subunit alpha,Inflammation,HF,FG_HF,rs3136630,1.0273947,0.43156475,0.91207,0.9685139,0.35311406,0.80272919,opposite_direction_not_significant
IL17C,Interleukin-17C,Inflammation,AF,FG_AF,rs17700884,0.97047026,0.60705225,0.904093,1.1266078,0.097110411,0.45015667,opposite_direction_not_significant
IL17C,Interleukin-17C,Inflammation,HF,FG_HF,rs17700884,0.94968703,0.4495907,0.912536,0.94804665,0.43312974,0.81997081,same_direction_not_significant
IL17D,Interleukin-17D,Inflammation,AF,FG_AF,rs4770059,1.0078204,0.67936241,0.904093,1.0225466,0.36747726,0.76831256,same_direction_not_significant
IL17D,Interleukin-17D,Inflammation,HF,FG_HF,rs4770059,1.0144266,0.51716136,0.946293,0.97300901,0.24169706,0.67789317,opposite_direction_not_significant
IL17F,Interleukin-17F,Inflammation,AF,FG_AF,rs66834286,,,,0.6733659,0.55255001,0.85378444,not_in_primary
IL17F,Interleukin-17F,Inflammation,HF,FG_HF,rs66834286,,,,0.28309224,0.047987917,0.46530654,not_in_primary
IL17RB,Interleukin-17 receptor B,Inflammation,AF,FG_AF,rs6445607,1.0085852,0.31024605,0.847544,1.0053208,0.63510166,0.89066765,same_direction_not_significant
IL17RB,Interleukin-17 receptor B,Inflammation,HF,FG_HF,rs6445607,0.98524292,0.13847832,0.672724,0.99036797,0.36064005,0.80272919,same_direction_not_significant
IL18,Interleukin-18,Inflammation,AF,FG_AF,rs2250417,1.019165,0.40325567,0.869993,1.0167444,0.57282619,0.86506215,same_direction_not_significant
IL18,Interleukin-18,Inflammation,HF,FG_HF,rs2250417,0.99492799,0.84940832,0.971009,1.0073277,0.79324953,0.95934549,opposite_direction_not_significant
IL18R1,Interleukin-18 receptor 1,Inflammation,AF,FG_AF,rs10190555,0.9947798,0.55686795,0.904093,0.98669318,0.27326212,0.70846316,same_direction_not_significant
IL18R1,Interleukin-18 receptor 1,Inflammation,HF,FG_HF,rs10190555,1.0126631,0.23425332,0.827964,0.99633276,0.7509698,0.95077843,opposite_direction_not_significant
IL1R2,Interleukin-1 receptor type 2,Inflammation,AF,FG_AF,rs2310170,0.99421004,0.65908525,0.904093,1.0471083,0.0059364804,0.11324978,opposite_direction_nominal
IL1R2,Interleukin-1 receptor type 2,Inflammation,HF,FG_HF,rs2310170,1.0276677,0.07429212,0.56407,1.01074,0.50046902,0.85804728,same_direction_not_significant
IL1RL2,Interleukin-1 receptor-like 2,Inflammation,AF,FG_AF,rs3917265,0.99384572,0.6869592,0.904093,1.0323351,0.10773943,0.48066474,opposite_direction_not_significant
IL1RL2,Interleukin-1 receptor-like 2,Inflammation,HF,FG_HF,rs3917265,1.0075737,0.67997298,0.96566,0.99654425,0.85365309,0.97841055,opposite_direction_not_significant
IL1RN,Interleukin-1 receptor antagonist protein,Inflammation,AF,FG_AF,rs55709272,0.99112761,0.77673066,0.922471,0.97181293,0.50903574,0.83078626,same_direction_not_significant
IL1RN,Interleukin-1 receptor antagonist protein,Inflammation,HF,FG_HF,rs55709272,0.98233393,0.6305075,0.957279,0.96735118,0.41825065,0.80407877,same_direction_not_significant
IL20RA,Interleukin-20 receptor subunit alpha,Inflammation,AF,FG_AF,rs143005532,0.990843,0.94092232,0.987363,,,,not_matched_in_finngen
IL20RA,Interleukin-20 receptor subunit alpha,Inflammation,HF,FG_HF,rs143005532,,,,,,,not_in_primary
IL22RA1,Interleukin-22 receptor subunit alpha-1,Inflammation,AF,FG_AF,rs7355101,0.99716957,0.91365164,0.986349,0.97502376,0.49172624,0.8284272,same_direction_not_significant
IL22RA1,Interleukin-22 receptor subunit alpha-1,Inflammation,HF,FG_HF,rs7355101,1.0136344,0.66082421,0.958188,0.98917795,0.75525545,0.95077843,opposite_direction_not_significant
IL32,Interleukin-32,Inflammation,AF,FG_AF,rs45499297,1.0384846,0.23699163,0.777778,1.0055039,0.91526368,0.97210018,same_direction_not_significant
IL32,Interleukin-32,Inflammation,HF,FG_HF,rs45499297,1.0261879,0.502187,0.946293,1.0010327,0.98308883,0.99508015,same_direction_not_significant
IL33,Interleukin-33,Inflammation,AF,FG_AF,rs185705622,0.83451581,0.20346582,0.769429,1.084645,0.77753359,0.93869307,opposite_direction_not_significant
IL33,Interleukin-33,Inflammation,HF,FG_HF,rs185705622,,,,1.1136731,0.69135904,0.94360197,not_in_primary
IL4R,Interleukin-4 receptor subunit alpha,Inflammation,AF,FG_AF,rs8060025,0.95946883,0.059557134,0.570142,1.0243605,0.40246338,0.77673866,opposite_direction_not_significant
IL4R,Interleukin-4 receptor subunit alpha,Inflammation,HF,FG_HF,rs8060025,0.95824812,0.093934232,0.606285,1.0648345,0.020757478,0.45693594,opposite_direction_nominal
IL5RA,Interleukin-5 receptor subunit alpha,Inflammation,AF,FG_AF,rs77400868,1.0232879,0.25252795,0.803668,1.0140722,0.66081074,0.9004454,same_direction_not_significant
IL5RA,Interleukin-5 receptor subunit alpha,Inflammation,HF,FG_HF,rs77400868,1.0183509,0.43724167,0.912536,0.97365507,0.37565319,0.80407877,opposite_direction_not_significant
IL7,Interleukin-7,Inflammation,AF,FG_AF,rs146201210,0.90918534,0.1336144,0.702553,0.77091221,0.0014186885,0.041392323,same_direction_fdr
IL7,Interleukin-7,Inflammation,HF,FG_HF,rs146201210,0.93952904,0.39136594,0.876831,0.92276022,0.30003211,0.75140314,same_direction_not_significant
IRAK4,Interleukin-1 receptor-associated kinase 4,Inflammation,AF,FG_AF,rs183549317,0.94567663,0.74509987,0.909608,1.0338318,0.68883644,0.91228272,opposite_direction_not_significant
IRAK4,Interleukin-1 receptor-associated kinase 4,Inflammation,HF,FG_HF,rs183549317,,,,1.0067391,0.93167023,0.98952555,not_in_primary
ISM1,Isthmin-1,Inflammation,AF,FG_AF,rs1998123,1.0026804,0.94385736,0.988322,0.9683608,0.52860642,0.84214381,opposite_direction_not_significant
ISM1,Isthmin-1,Inflammation,HF,FG_HF,rs1998123,0.98829122,0.7957714,0.971009,1.0426196,0.38751495,0.80407877,opposite_direction_not_significant
ITGA11,Integrin alpha-11,Inflammation,AF,FG_AF,rs2306022,1.0165658,0.61707508,0.904093,0.95668461,0.29702657,0.72120425,opposite_direction_not_significant
ITGA11,Integrin alpha-11,Inflammation,HF,FG_HF,rs2306022,0.98644737,0.72253531,0.971009,1.0233806,0.56337556,0.87533799,opposite_direction_not_significant
ITGA6,Integrin alpha-6,Inflammation,AF,FG_AF,rs6714597,1.028108,0.3740628,0.869993,1.02467,0.56120179,0.85648027,same_direction_not_significant
ITGA6,Integrin alpha-6,Inflammation,HF,FG_HF,rs6714597,0.95761169,0.24491443,0.836791,1.0335173,0.40592203,0.80407877,opposite_direction_not_significant
ITGB6,Integrin beta-6,Inflammation,AF,FG_AF,rs6432601,1.0079923,0.74598069,0.909608,1.0262076,0.42077761,0.78242304,same_direction_not_significant
ITGB6,Integrin beta-6,Inflammation,HF,FG_HF,rs6432601,0.97134518,0.31731051,0.853675,1.0420671,0.17530273,0.59667969,opposite_direction_not_significant
KLRB1,Killer cell lectin-like receptor subfamily B member 1,Inflammation,AF,FG_AF,rs563890415,0.99171665,0.96741404,0.995872,,,,not_matched_in_finngen
KLRB1,Killer cell lectin-like receptor subfamily B member 1,Inflammation,HF,FG_HF,rs563890415,,,,,,,not_in_primary
KLRD1,Natural killer cells antigen CD94,Inflammation,AF,FG_AF,rs2537752,0.9940334,0.71313642,0.904093,1.0228031,0.28138557,0.70846316,opposite_direction_not_significant
KLRD1,Natural killer cells antigen CD94,Inflammation,HF,FG_HF,rs2537752,1.0455305,0.02007196,0.441689,1.0356237,0.077705857,0.51389473,same_direction_not_significant
KRT19,"Keratin, type I cytoskeletal 19",Inflammation,AF,FG_AF,rs7405611,0.99592981,0.93070607,0.986349,0.94597782,0.36476994,0.76831256,same_direction_not_significant
KRT19,"Keratin, type I cytoskeletal 19",Inflammation,HF,FG_HF,rs7405611,0.97848288,0.69279733,0.971009,0.97650833,0.68136273,0.935353,same_direction_not_significant
KYNU,Kynureninase,Inflammation,AF,FG_AF,rs78189771,1.0007017,0.98065924,0.995872,1.040888,0.27718443,0.70846316,same_direction_not_significant
KYNU,Kynureninase,Inflammation,HF,FG_HF,rs78189771,0.98347807,0.63979868,0.957279,1.0095179,0.78533373,0.95934549,opposite_direction_not_significant
LAIR1,Leukocyte-associated immunoglobulin-like receptor 1,Inflammation,AF,FG_AF,rs111949142,0.99379664,0.79123605,0.922471,0.98292964,0.31821526,0.74450363,same_direction_not_significant
LAIR1,Leukocyte-associated immunoglobulin-like receptor 1,Inflammation,HF,FG_HF,rs111949142,0.97811788,0.40709561,0.889069,0.98775992,0.45138552,0.82867494,same_direction_not_significant
LAMA4,Laminin subunit alpha-4,Inflammation,AF,FG_AF,rs7765769,0.98927196,0.78819386,0.922471,0.88304902,0.016541074,0.21036853,same_direction_nominal
LAMA4,Laminin subunit alpha-4,Inflammation,HF,FG_HF,rs7765769,1.0023998,0.96012239,0.988726,0.87667376,0.007360489,0.34292856,opposite_direction_nominal
LAMP3,Lysosome-associated membrane glycoprotein 3,Inflammation,AF,FG_AF,rs11921884,1.0225985,0.45756818,0.886121,0.93976143,0.11439349,0.48495018,opposite_direction_not_significant
LAMP3,Lysosome-associated membrane glycoprotein 3,Inflammation,HF,FG_HF,rs11921884,0.99742483,0.94237179,0.988165,0.93848166,0.087837912,0.52397098,same_direction_not_significant
LGALS4,Galectin-4,Inflammation,AF,FG_AF,rs140695578,0.93838983,0.41420636,0.869993,0.91992966,0.40962673,0.78144176,same_direction_not_significant
LGALS4,Galectin-4,Inflammation,HF,FG_HF,rs140695578,0.90837387,0.27999913,0.841464,0.96738834,0.7283436,0.95025355,same_direction_not_significant
LGALS9,Galectin-9,Inflammation,AF,FG_AF,rs79526289,1.0068364,0.81670262,0.939516,0.9789311,0.30220879,0.72120425,opposite_direction_not_significant
LGALS9,Galectin-9,Inflammation,HF,FG_HF,rs79526289,,,,1.0387447,0.052348592,0.46530654,not_in_primary
LGMN,Legumain,Inflammation,AF,FG_AF,rs148659834,0.9964052,0.90968741,0.986349,1.0020964,0.95152172,0.99257276,opposite_direction_not_significant
LGMN,Legumain,Inflammation,HF,FG_HF,rs148659834,0.95552928,0.1799912,0.778673,1.0113852,0.72755181,0.95025355,opposite_direction_not_significant
LHPP,Phospholysine phosphohistidine inorganic pyrophosphate phosphatase,Inflammation,AF,FG_AF,10:124470382:GC:G,,,,0.96924785,0.18984851,0.59779998,not_in_primary
LHPP,Phospholysine phosphohistidine inorganic pyrophosphate phosphatase,Inflammation,HF,FG_HF,10:124470382:GC:G,,,,0.96447515,0.10821225,0.5421543,not_in_primary
LIFR,Leukemia inhibitory factor receptor,Inflammation,AF,FG_AF,rs62353655,1.0011117,0.98089082,0.995872,1.0245915,0.57857127,0.86698293,same_direction_not_significant
LIFR,Leukemia inhibitory factor receptor,Inflammation,HF,FG_HF,rs62353655,0.94072254,0.24441544,0.836791,1.0014606,0.97172883,0.99508015,opposite_direction_not_significant
LILRB4,Leukocyte immunoglobulin-like receptor subfamily B member 4,Inflammation,AF,FG_AF,rs417477,0.91577552,0.13303458,0.702553,,,,not_matched_in_finngen
LILRB4,Leukocyte immunoglobulin-like receptor subfamily B member 4,Inflammation,HF,FG_HF,rs417477,,,,,,,not_in_primary
LRRN1,Leucine-rich repeat neuronal protein 1,Inflammation,AF,FG_AF,rs9839475,1.0066793,0.43385693,0.87326,1.0158023,0.1515396,0.54074562,same_direction_not_significant
LRRN1,Leucine-rich repeat neuronal protein 1,Inflammation,HF,FG_HF,rs9839475,1.0104092,0.30565099,0.848366,1.0188222,0.071666281,0.48693802,same_direction_not_significant
LSP1,Lymphocyte-specific protein 1,Inflammation,AF,FG_AF,rs907612,1.0459266,0.33849515,0.859547,1.0400488,0.50919158,0.83078626,same_direction_not_significant
LSP1,Lymphocyte-specific protein 1,Inflammation,HF,FG_HF,rs907612,0.98933415,0.84713825,0.971009,1.114998,0.053385589,0.46530654,opposite_direction_not_significant
LTBR,Tumor necrosis factor receptor superfamily member 3,Inflammation,AF,FG_AF,rs10849449,1.0389819,0.10307255,0.634898,0.95897777,0.16824822,0.57158299,opposite_direction_not_significant
LTBR,Tumor necrosis factor receptor superfamily member 3,Inflammation,HF,FG_HF,rs10849449,0.99487151,0.85240829,0.971009,0.9433639,0.042895293,0.46530654,same_direction_nominal
LY6D,Lymphocyte antigen 6D,Inflammation,AF,FG_AF,rs2572925,1.0077012,0.61707508,0.904093,0.9899706,0.61682944,0.88424105,opposite_direction_not_significant
LY6D,Lymphocyte antigen 6D,Inflammation,HF,FG_HF,rs2572925,1.0124874,0.49713004,0.946293,0.97773543,0.2373707,0.67789317,opposite_direction_not_significant
LY75,Lymphocyte antigen 75,Inflammation,AF,FG_AF,rs72957586,0.99540865,0.52100886,0.904093,1.0161725,0.091418993,0.44362655,opposite_direction_not_significant
LY75,Lymphocyte antigen 75,Inflammation,HF,FG_HF,rs72957586,0.99754154,0.77094483,0.971009,1.0072816,0.42036522,0.80502374,opposite_direction_not_significant
LY9,T-lymphocyte surface antigen Ly-9,Inflammation,AF,FG_AF,rs12128261,1.010897,0.42228164,0.869993,1.0055576,0.72760034,0.93012827,same_direction_not_significant
LY9,T-lymphocyte surface antigen Ly-9,Inflammation,HF,FG_HF,rs12128261,1.0176617,0.26904558,0.841464,0.98970034,0.49271411,0.85262675,opposite_direction_not_significant
MANF,Mesencephalic astrocyte-derived neurotrophic factor,Inflammation,AF,FG_AF,rs11721253,0.95036147,0.60622888,0.904093,0.90200225,0.42931207,0.78971494,same_direction_not_significant
MANF,Mesencephalic astrocyte-derived neurotrophic factor,Inflammation,HF,FG_HF,rs11721253,1.0299698,0.80090664,0.971009,0.92998968,0.55541568,0.87288527,opposite_direction_not_significant
MAPK9,Mitogen-activated protein kinase 9,Inflammation,AF,FG_AF,rs3763131,1.020482,0.7235948,0.904093,1.0451368,0.56051569,0.85648027,same_direction_not_significant
MAPK9,Mitogen-activated protein kinase 9,Inflammation,HF,FG_HF,rs3763131,0.99095237,0.89446777,0.976506,0.97035042,0.67592732,0.93374789,same_direction_not_significant
MATN2,Matrilin-2,Inflammation,AF,FG_AF,rs1869609,1.0286838,0.10454914,0.634898,0.98983309,0.64324834,0.89370077,opposite_direction_not_significant
MATN2,Matrilin-2,Inflammation,HF,FG_HF,rs1869609,0.99647123,0.86443473,0.971009,0.98231878,0.39222384,0.80407877,same_direction_not_significant
MEGF10,Multiple epidermal growth factor-like domains protein 10,Inflammation,AF,FG_AF,rs112394041,1.0520688,0.1230773,0.683918,0.97697671,0.29856433,0.72120425,opposite_direction_not_significant
MEGF10,Multiple epidermal growth factor-like domains protein 10,Inflammation,HF,FG_HF,rs112394041,,,,0.98565988,0.49509604,0.8526654,not_in_primary
MEPE,Matrix extracellular phosphoglycoprotein,Inflammation,AF,FG_AF,rs17013212,0.99945204,0.99142076,0.997541,0.96960862,0.59983436,0.87763375,same_direction_not_significant
MEPE,Matrix extracellular phosphoglycoprotein,Inflammation,HF,FG_HF,rs17013212,1.0289116,0.64244306,0.957279,0.94375892,0.30147021,0.75140314,opposite_direction_not_significant
MERTK,Tyrosine-protein kinase Mer,Inflammation,AF,FG_AF,rs10188640,1.0270892,0.30348649,0.838446,1.0505509,0.15150877,0.54074562,same_direction_not_significant
MERTK,Tyrosine-protein kinase Mer,Inflammation,HF,FG_HF,rs10188640,1.0399286,0.19915923,0.79277,1.0676512,0.044108934,0.46530654,same_direction_nominal
METAP1D,"Methionine aminopeptidase 1D, mitochondrial",Inflammation,AF,FG_AF,rs138869820,0.9047629,0.48111767,0.904093,0.58999378,0.31532721,0.74450363,same_direction_not_significant
METAP1D,"Methionine aminopeptidase 1D, mitochondrial",Inflammation,HF,FG_HF,rs138869820,,,,0.75774538,0.55077158,0.87288527,not_in_primary
MGLL,Monoglyceride lipase,Inflammation,AF,FG_AF,rs7578,1.167106,0.16511887,0.727416,1.227249,0.155507,0.55093909,same_direction_not_significant
MGLL,Monoglyceride lipase,Inflammation,HF,FG_HF,rs7578,1.0794296,0.55536257,0.946293,0.99747287,0.98520193,0.99508015,opposite_direction_not_significant
MGMT,Methylated-DNA--protein-cysteine methyltransferase,Inflammation,AF,FG_AF,rs1008982,1.0138604,0.41548129,0.869993,1.0050331,0.8124561,0.94748939,same_direction_not_significant
MGMT,Methylated-DNA--protein-cysteine methyltransferase,Inflammation,HF,FG_HF,rs1008982,1.0097066,0.62568806,0.957279,1.0401516,0.049194126,0.46530654,same_direction_nominal
MILR1,Allergin-1,Inflammation,AF,FG_AF,rs138176943,0.98133984,0.32372005,0.857964,1.0114788,0.60483068,0.87973614,opposite_direction_not_significant
MILR1,Allergin-1,Inflammation,HF,FG_HF,rs138176943,0.98925854,0.62705529,0.957279,1.0294489,0.16626358,0.5918841,opposite_direction_not_significant
MMP1,Interstitial collagenase,Inflammation,AF,FG_AF,rs534191,0.97727893,0.1298469,0.702553,0.97407511,0.1903993,0.59779998,same_direction_not_significant
MMP1,Interstitial collagenase,Inflammation,HF,FG_HF,rs534191,0.98143101,0.29371811,0.842129,0.99384786,0.74522876,0.95077843,same_direction_not_significant
MMP10,Stromelysin-2,Inflammation,AF,FG_AF,rs486055,1.0180861,0.43526152,0.87326,0.97975842,0.50106484,0.8284272,opposite_direction_not_significant
MMP10,Stromelysin-2,Inflammation,HF,FG_HF,rs486055,0.99924292,0.97763234,0.992152,0.95906417,0.14664531,0.5918841,same_direction_not_significant
MVK,Mevalonate kinase,Inflammation,AF,FG_AF,rs28934897,0.82244417,0.04078215,0.570142,0.99781489,0.9900451,0.99913729,same_direction_not_significant
MVK,Mevalonate kinase,Inflammation,HF,FG_HF,rs28934897,,,,1.2059065,0.27487213,0.71008634,not_in_primary
MZB1,Marginal zone B- and B1-cell-specific protein,Inflammation,AF,FG_AF,rs140248321,0.87719804,0.22697863,0.769429,1.0836513,0.27754279,0.70846316,opposite_direction_not_significant
MZB1,Marginal zone B- and B1-cell-specific protein,Inflammation,HF,FG_HF,rs140248321,,,,1.1044534,0.15945744,0.5918841,not_in_primary
NBN,Nibrin,Inflammation,AF,FG_AF,rs74378230,0.97415536,0.73782361,0.909608,1.0222994,0.88020734,0.95521594,opposite_direction_not_significant
NBN,Nibrin,Inflammation,HF,FG_HF,rs74378230,,,,1.2127881,0.15412201,0.5918841,not_in_primary
NCF2,Neutrophil cytosol factor 2,Inflammation,AF,FG_AF,rs35012521,1.0381712,0.37955698,0.869993,0.93329504,0.50047768,0.8284272,opposite_direction_not_significant
NCF2,Neutrophil cytosol factor 2,Inflammation,HF,FG_HF,rs35012521,,,,0.92598203,0.41795968,0.80407877,not_in_primary
NCR1,Natural cytotoxicity triggering receptor 1,Inflammation,AF,FG_AF,rs7255591,1.0554366,0.051277211,0.570142,0.98287752,0.61279217,0.88424105,opposite_direction_not_significant
NCR1,Natural cytotoxicity triggering receptor 1,Inflammation,HF,FG_HF,rs7255591,1.0117983,0.72288184,0.971009,0.95076908,0.11851256,0.54936663,opposite_direction_not_significant
NELL2,Protein kinase C-binding protein NELL2,Inflammation,AF,FG_AF,rs382115,1.0616359,0.26856079,0.810461,0.99317669,0.89483619,0.96068994,opposite_direction_not_significant
NELL2,Protein kinase C-binding protein NELL2,Inflammation,HF,FG_HF,rs382115,1.0757719,0.28586939,0.841464,1.0085622,0.8621999,0.97841055,same_direction_not_significant
NFASC,Neurofascin,Inflammation,AF,FG_AF,1:204982056:CT:C,,,,0.98094159,0.51907617,0.83919993,not_in_primary
NFASC,Neurofascin,Inflammation,HF,FG_HF,1:204982056:CT:C,,,,0.99194268,0.77513711,0.95934549,not_in_primary
NFATC1,"Nuclear factor of activated T-cells, cytoplasmic 1",Inflammation,AF,FG_AF,rs657693,1.2774074,0.00027783496,0.0271723,1.2603226,0.0037262565,0.084010147,same_direction_nominal
NFATC1,"Nuclear factor of activated T-cells, cytoplasmic 1",Inflammation,HF,FG_HF,rs657693,0.94169819,0.44807949,0.912536,0.90837981,0.20164431,0.6411255,same_direction_not_significant
NME3,Nucleoside diphosphate kinase 3,Inflammation,AF,FG_AF,rs749285440,0.99908303,0.98150764,0.995872,1.0907841,0.073749849,0.4009264,opposite_direction_not_significant
NME3,Nucleoside diphosphate kinase 3,Inflammation,HF,FG_HF,rs749285440,,,,0.96775381,0.45808236,0.83532666,not_in_primary
NRTN,Neurturin,Inflammation,AF,FG_AF,rs36055559,0.96388634,0.78574146,0.922471,1.0310079,0.84101223,0.94748939,opposite_direction_not_significant
NRTN,Neurturin,Inflammation,HF,FG_HF,rs36055559,1.1240226,0.46569086,0.917948,1.003148,0.98254666,0.99508015,same_direction_not_significant
NT5C3A,Cytosolic 5'-nucleotidase 3A,Inflammation,AF,FG_AF,rs10252880,1.0893781,0.23314062,0.777778,1.0105284,0.90249459,0.9646354,same_direction_not_significant
NT5C3A,Cytosolic 5'-nucleotidase 3A,Inflammation,HF,FG_HF,rs10252880,1.0509634,0.58161968,0.946293,1.0100049,0.90220612,0.98744463,same_direction_not_significant
NTF3,Neurotrophin-3,Inflammation,AF,FG_AF,rs73039984,1.0204736,0.66342802,0.904093,1.0448253,0.53143349,0.84214381,same_direction_not_significant
NTF3,Neurotrophin-3,Inflammation,HF,FG_HF,rs73039984,1.0458665,0.42012664,0.906589,1.0434844,0.52130116,0.86079772,same_direction_not_significant
NUB1,NEDD8 ultimate buster 1,Inflammation,AF,FG_AF,rs113920358,0.97032323,0.45041882,0.886121,0.97742646,0.63890201,0.89266309,same_direction_not_significant
NUB1,NEDD8 ultimate buster 1,Inflammation,HF,FG_HF,rs113920358,1.0831073,0.092464237,0.606285,0.98660241,0.76935643,0.95934549,opposite_direction_not_significant
OMD,Osteomodulin,Inflammation,AF,FG_AF,rs35209758,,,,,,,not_in_primary
OMD,Osteomodulin,Inflammation,HF,FG_HF,rs35209758,,,,,,,not_in_primary
OSCAR,Osteoclast-associated immunoglobulin-like receptor,Inflammation,AF,FG_AF,rs4442925,1.0011522,0.93070607,0.986349,1.0209192,0.21208184,0.62244138,same_direction_not_significant
OSCAR,Osteoclast-associated immunoglobulin-like receptor,Inflammation,HF,FG_HF,rs4442925,0.98570854,0.36038373,0.869161,1.0223687,0.15892162,0.5918841,opposite_direction_not_significant
OSM,Oncostatin-M,Inflammation,AF,FG_AF,rs4823082,1.0686435,0.56637762,0.904093,1.0823825,0.5285003,0.84214381,same_direction_not_significant
OSM,Oncostatin-M,Inflammation,HF,FG_HF,rs4823082,0.86548527,0.30286778,0.848366,0.9919024,0.94521977,0.99285933,same_direction_not_significant
PADI2,Protein-arginine deiminase type-2,Inflammation,AF,FG_AF,rs2235913,1.026558,0.64281389,0.904093,0.98412921,0.82161277,0.94748939,opposite_direction_not_significant
PADI2,Protein-arginine deiminase type-2,Inflammation,HF,FG_HF,rs2235913,0.94195771,0.36746362,0.871741,0.96800374,0.62907287,0.91290085,same_direction_not_significant
PAPPA,Pappalysin-1,Inflammation,AF,FG_AF,rs117448041,1.0828782,0.55590635,0.904093,1.1201177,0.37342608,0.76854496,same_direction_not_significant
PAPPA,Pappalysin-1,Inflammation,HF,FG_HF,rs117448041,1.1645073,0.28938144,0.841464,1.03637,0.76595646,0.95934549,same_direction_not_significant
PARP1,Poly [ADP-ribose] polymerase 1,Inflammation,AF,FG_AF,rs1433574,0.90802027,0.078641956,0.582665,0.84330927,0.0049475038,0.098158475,same_direction_nominal
PARP1,Poly [ADP-ribose] polymerase 1,Inflammation,HF,FG_HF,rs1433574,0.90060641,0.10364135,0.607042,0.97597756,0.67310031,0.93256356,same_direction_not_significant
PCDH1,Protocadherin-1,Inflammation,AF,FG_AF,rs4645358,1.0074496,0.92968967,0.986349,1.0905834,0.41680332,0.78242304,same_direction_not_significant
PCDH1,Protocadherin-1,Inflammation,HF,FG_HF,rs4645358,1.030133,0.76417716,0.971009,1.0656188,0.53022362,0.86261981,same_direction_not_significant
PGF,Placenta growth factor,Inflammation,AF,FG_AF,14:75029984:CA:C,,,,,,,not_in_primary
PGF,Placenta growth factor,Inflammation,HF,FG_HF,14:75029984:CA:C,,,,,,,not_in_primary
PIK3AP1,Phosphoinositide 3-kinase adapter protein 1,Inflammation,AF,FG_AF,rs41317268,0.99134542,0.81398046,0.939303,0.92099605,0.07598202,0.4009264,same_direction_not_significant
PIK3AP1,Phosphoinositide 3-kinase adapter protein 1,Inflammation,HF,FG_HF,rs41317268,0.98704626,0.76186677,0.971009,1.0318517,0.47611287,0.84179849,opposite_direction_not_significant
PKLR,Pyruvate kinase PKLR,Inflammation,AF,FG_AF,rs77350683,0.86176886,8.8442529e-05,0.0108121,0.95220312,0.2496428,0.6911367,same_direction_not_significant
PKLR,Pyruvate kinase PKLR,Inflammation,HF,FG_HF,rs77350683,0.97501849,0.55281421,0.946293,1.0028724,0.94357977,0.99285933,opposite_direction_not_significant
PLA2G4A,Cytosolic phospholipase A2,Inflammation,AF,FG_AF,rs556306120,,,,,,,not_in_primary
PLA2G4A,Cytosolic phospholipase A2,Inflammation,HF,FG_HF,rs556306120,,,,,,,not_in_primary
PLAUR,Urokinase plasminogen activator surface receptor,Inflammation,AF,FG_AF,rs2302524,1.0498618,0.34463083,0.859819,1.077493,0.33675463,0.7557932,same_direction_not_significant
PLAUR,Urokinase plasminogen activator surface receptor,Inflammation,HF,FG_HF,rs2302524,1.0136717,0.8225246,0.971009,0.86274354,0.044971874,0.46530654,opposite_direction_nominal
PLXNA4,Plexin-A4,Inflammation,AF,FG_AF,rs6467443,0.9181145,0.28936129,0.825746,1.0284423,0.76922757,0.93869307,opposite_direction_not_significant
PLXNA4,Plexin-A4,Inflammation,HF,FG_HF,rs6467443,0.90412113,0.28886897,0.841464,0.91118121,0.3047752,0.7558425,same_direction_not_significant
PNLIPRP2,Pancreatic lipase-related protein 2,Inflammation,AF,FG_AF,rs4751995,1.0004403,0.93961197,0.987363,1.0028251,0.71950927,0.9269522,same_direction_not_significant
PNLIPRP2,Pancreatic lipase-related protein 2,Inflammation,HF,FG_HF,rs4751995,0.9985043,0.82961929,0.971009,1.0141254,0.059921915,0.46530654,opposite_direction_not_significant
PON3,Serum paraoxonase/lactonase 3,Inflammation,AF,FG_AF,rs149867961,1.0267065,0.24645789,0.801264,0.9947573,0.87503836,0.95521594,opposite_direction_not_significant
PON3,Serum paraoxonase/lactonase 3,Inflammation,HF,FG_HF,rs149867961,1.0197939,0.45543982,0.914221,1.0113345,0.72398372,0.95025355,same_direction_not_significant
PRDX3,"Thioredoxin-dependent peroxide reductase, mitochondrial",Inflammation,AF,FG_AF,rs7358070,0.92404867,0.47256625,0.898321,1.2989983,0.069137303,0.38968298,opposite_direction_not_significant
PRDX3,"Thioredoxin-dependent peroxide reductase, mitochondrial",Inflammation,HF,FG_HF,rs7358070,0.98921672,0.93278822,0.988165,1.0435205,0.75502124,0.95077843,opposite_direction_not_significant
PRDX5,"Peroxiredoxin-5, mitochondrial",Inflammation,AF,FG_AF,rs77269065,1.0577223,0.29939305,0.83659,0.98861069,0.83911794,0.94748939,opposite_direction_not_significant
PRDX5,"Peroxiredoxin-5, mitochondrial",Inflammation,HF,FG_HF,rs77269065,,,,1.0207082,0.69946378,0.94406957,not_in_primary
PRELP,Prolargin,Inflammation,AF,FG_AF,rs41313926,1.0131185,0.41482794,0.869993,0.97266172,0.28073663,0.70846316,opposite_direction_not_significant
PRELP,Prolargin,Inflammation,HF,FG_HF,rs41313926,0.98666028,0.4612957,0.914221,0.98926368,0.66356741,0.92974417,same_direction_not_significant
PRKAB1,5'-AMP-activated protein kinase subunit beta-1,Inflammation,AF,FG_AF,rs749140768,,,,0.91810137,0.048988317,0.326033,not_in_primary
PRKAB1,5'-AMP-activated protein kinase subunit beta-1,Inflammation,HF,FG_HF,rs749140768,,,,0.90331883,0.013677664,0.45693594,not_in_primary
PROK1,Prokineticin-1,Inflammation,AF,FG_AF,rs1857513,1.0211007,0.27181121,0.810461,0.90496987,9.46812e-05,0.0058702344,opposite_direction_nominal
PROK1,Prokineticin-1,Inflammation,HF,FG_HF,rs1857513,1.0219539,0.33556611,0.854294,1.0190091,0.43725635,0.82463555,same_direction_not_significant
PRSS8,Prostasin,Inflammation,AF,FG_AF,rs889555,1.0545086,0.42218771,0.869993,1.0457312,0.57485122,0.86506215,same_direction_not_significant
PRSS8,Prostasin,Inflammation,HF,FG_HF,rs889555,1.0554265,0.53930693,0.946293,0.96293281,0.61702479,0.90419098,opposite_direction_not_significant
PSMG3,Proteasome assembly chaperone 3,Inflammation,AF,FG_AF,rs34407549,0.9259028,0.65559725,0.904093,0.66600241,0.35812838,0.76768515,same_direction_not_significant
PSMG3,Proteasome assembly chaperone 3,Inflammation,HF,FG_HF,rs34407549,,,,1.0450369,0.91648422,0.98952555,not_in_primary
PTH1R,Parathyroid hormone/parathyroid hormone-related peptide receptor,Inflammation,AF,FG_AF,rs121434601,0.95903397,0.28940989,0.825746,1.1854719,0.060171281,0.37306194,opposite_direction_not_significant
PTH1R,Parathyroid hormone/parathyroid hormone-related peptide receptor,Inflammation,HF,FG_HF,rs121434601,,,,1.0071818,0.93034966,0.98952555,not_in_primary
PTPRM,Receptor-type tyrosine-protein phosphatase mu,Inflammation,AF,FG_AF,rs72911294,1.0714894,0.4917677,0.904093,0.99946214,0.99627179,0.99913729,opposite_direction_not_significant
PTPRM,Receptor-type tyrosine-protein phosphatase mu,Inflammation,HF,FG_HF,rs72911294,1.2379122,0.070527063,0.556079,0.92087648,0.44883146,0.82867494,opposite_direction_not_significant
PTX3,Pentraxin-related protein PTX3,Inflammation,AF,FG_AF,rs56025932,0.91401117,0.40754543,0.869993,0.94487685,0.68880245,0.91228272,same_direction_not_significant
PTX3,Pentraxin-related protein PTX3,Inflammation,HF,FG_HF,rs56025932,0.84944294,0.2610753,0.841464,0.92679952,0.57355816,0.87533799,same_direction_not_significant
RAB6A,Ras-related protein Rab-6A,Inflammation,AF,FG_AF,rs35939600,,,,,,,not_in_primary
RAB6A,Ras-related protein Rab-6A,Inflammation,HF,FG_HF,rs35939600,,,,,,,not_in_primary
RABGAP1L,Rab GTPase-activating protein 1-like,Inflammation,AF,FG_AF,rs6661868,1.0443981,0.6298573,0.904093,0.9367159,0.59649458,0.87763375,opposite_direction_not_significant
RABGAP1L,Rab GTPase-activating protein 1-like,Inflammation,HF,FG_HF,rs6661868,0.85895175,0.15732039,0.724734,0.87965155,0.27266975,0.7080848,same_direction_not_significant
REG4,Regenerating islet-derived protein 4,Inflammation,AF,FG_AF,rs79795228,0.96009043,0.45846349,0.886121,1.1118448,0.019796786,0.22526551,opposite_direction_nominal
REG4,Regenerating islet-derived protein 4,Inflammation,HF,FG_HF,rs79795228,,,,0.91262725,0.035887942,0.45693594,not_in_primary
ROBO1,Roundabout homolog 1,Inflammation,AF,FG_AF,rs3773244,1.0200942,0.57121361,0.904093,1.0068925,0.87148101,0.95521594,same_direction_not_significant
ROBO1,Roundabout homolog 1,Inflammation,HF,FG_HF,rs3773244,1.0669076,0.11472201,0.627147,0.99074924,0.81720286,0.96437932,opposite_direction_not_significant
SAMD9L,Sterile alpha motif domain-containing protein 9-like,Inflammation,AF,FG_AF,rs17165120,0.93866376,0.006135362,0.216669,0.95045966,0.1888377,0.59779998,same_direction_not_significant
SAMD9L,Sterile alpha motif domain-containing protein 9-like,Inflammation,HF,FG_HF,rs17165120,0.97733943,0.41357988,0.897184,0.97643964,0.51465907,0.86079772,same_direction_not_significant
SCG3,Secretogranin-3,Inflammation,AF,FG_AF,rs2606134,0.989598,0.34890834,0.866072,1.0033389,0.84819487,0.950683,opposite_direction_not_significant
SCG3,Secretogranin-3,Inflammation,HF,FG_HF,rs2606134,1.0283732,0.035171099,0.457404,1.0281652,0.0920065,0.52414709,same_direction_not_significant
SCGB1A1,Uteroglobin,Inflammation,AF,FG_AF,rs3741240,0.98478748,0.45756818,0.886121,0.97530073,0.35183539,0.76768515,same_direction_not_significant
SCGB1A1,Uteroglobin,Inflammation,HF,FG_HF,rs3741240,0.97611652,0.32317625,0.853675,0.97451156,0.31031278,0.76574696,same_direction_not_significant
SCGB3A2,Secretoglobin family 3A member 2,Inflammation,AF,FG_AF,rs17717320,,,,1.1382372,0.0040685754,0.084083892,not_in_primary
SCGB3A2,Secretoglobin family 3A member 2,Inflammation,HF,FG_HF,rs17717320,0.99275575,0.85572542,0.971009,1.0610167,0.1643331,0.5918841,opposite_direction_not_significant
SCRN1,Secernin-1,Inflammation,AF,FG_AF,rs17324153,1.0370093,0.60588413,0.904093,1.3914815,0.0006898597,0.024440744,same_direction_fdr
SCRN1,Secernin-1,Inflammation,HF,FG_HF,rs17324153,1.026957,0.74578593,0.971009,1.0836615,0.38884218,0.80407877,same_direction_not_significant
SELPLG,P-selectin glycoprotein ligand 1,Inflammation,AF,FG_AF,rs7294337,1.0047235,0.71533097,0.904093,1.0046541,0.68044974,0.91228272,same_direction_not_significant
SELPLG,P-selectin glycoprotein ligand 1,Inflammation,HF,FG_HF,rs7294337,1.0361062,0.023489851,0.457404,1.0033855,0.75275952,0.95077843,same_direction_not_significant
SERPINB8,Serpin B8,Inflammation,AF,FG_AF,rs3826616,1.0034459,0.72475376,0.904093,0.99603652,0.7465632,0.938471,opposite_direction_not_significant
SERPINB8,Serpin B8,Inflammation,HF,FG_HF,rs3826616,0.99711458,0.80926115,0.971009,0.98439108,0.17575542,0.59667969,same_direction_not_significant
SHMT1,"Serine hydroxymethyltransferase, cytosolic",Inflammation,AF,FG_AF,rs669340,0.99680792,0.74247965,0.909608,0.98310379,0.17517986,0.59108307,same_direction_not_significant
SHMT1,"Serine hydroxymethyltransferase, cytosolic",Inflammation,HF,FG_HF,rs669340,0.99252167,0.5101934,0.946293,1.024427,0.042649033,0.46530654,opposite_direction_nominal
SIGLEC1,Sialoadhesin,Inflammation,AF,FG_AF,rs189448562,0.96376578,0.29549001,0.833073,,,,not_matched_in_finngen
SIGLEC1,Sialoadhesin,Inflammation,HF,FG_HF,rs189448562,0.96058025,0.21222347,0.805663,,,,not_matched_in_finngen
SIGLEC10,Sialic acid-binding Ig-like lectin 10,Inflammation,AF,FG_AF,rs148783636,0.99968292,0.98638488,0.995872,0.98680759,0.53506518,0.84320726,same_direction_not_significant
SIGLEC10,Sialic acid-binding Ig-like lectin 10,Inflammation,HF,FG_HF,rs148783636,,,,0.95599227,0.026572732,0.45693594,not_in_primary
SIRPB1,Signal-regulatory protein beta-1,Inflammation,AF,FG_AF,rs79462675,1.0016851,0.8811333,0.97926,1.0003807,0.97331587,0.99322132,same_direction_not_significant
SIRPB1,Signal-regulatory protein beta-1,Inflammation,HF,FG_HF,rs79462675,1.0166581,0.23073282,0.822613,1.0090197,0.4024623,0.80407877,same_direction_not_significant
SLAMF1,Signaling lymphocytic activation molecule,Inflammation,AF,FG_AF,rs7535367,0.94099923,0.3740628,0.869993,1.0647527,0.41671639,0.78242304,opposite_direction_not_significant
SLAMF1,Signaling lymphocytic activation molecule,Inflammation,HF,FG_HF,rs7535367,1.0006913,0.99312177,0.99555,1.018854,0.79880985,0.95934549,same_direction_not_significant
SLAMF7,SLAM family member 7,Inflammation,AF,FG_AF,rs11581248,1.0013798,0.90052355,0.985137,1.0258629,0.083367883,0.4262935,same_direction_not_significant
SLAMF7,SLAM family member 7,Inflammation,HF,FG_HF,rs11581248,1.0006366,0.96077559,0.988726,0.97382059,0.05764112,0.46530654,opposite_direction_not_significant
SLC39A5,Zinc transporter ZIP5,Inflammation,AF,FG_AF,rs147572362,1.0088085,0.89563071,0.984187,1.0936229,0.10843463,0.48066474,same_direction_not_significant
SLC39A5,Zinc transporter ZIP5,Inflammation,HF,FG_HF,rs147572362,,,,0.95321462,0.35656864,0.80272919,not_in_primary
SMOC2,SPARC-related modular calcium-binding protein 2,Inflammation,AF,FG_AF,rs56296467,0.99168819,0.65993711,0.904093,0.99874861,0.95764944,0.99257276,same_direction_not_significant
SMOC2,SPARC-related modular calcium-binding protein 2,Inflammation,HF,FG_HF,rs56296467,0.95549416,0.040810066,0.468736,1.0290984,0.19931463,0.63780682,opposite_direction_not_significant
SMPDL3A,Acid sphingomyelinase-like phosphodiesterase 3a,Inflammation,AF,FG_AF,rs28385609,1.0304313,0.0014876428,0.103922,1.0017099,0.87705273,0.95521594,same_direction_not_significant
SMPDL3A,Acid sphingomyelinase-like phosphodiesterase 3a,Inflammation,HF,FG_HF,rs28385609,1.0123616,0.26439156,0.841464,0.99748498,0.80964929,0.96165655,opposite_direction_not_significant
SPINK4,Serine protease inhibitor Kazal-type 4,Inflammation,AF,FG_AF,rs4879679,0.99248642,0.36121968,0.869993,1.0070756,0.52380839,0.8408057,opposite_direction_not_significant
SPINK4,Serine protease inhibitor Kazal-type 4,Inflammation,HF,FG_HF,rs4879679,0.99748917,0.79543521,0.971009,0.98694864,0.20849419,0.64791367,same_direction_not_significant
SPINT2,Kunitz-type protease inhibitor 2,Inflammation,AF,FG_AF,rs45437199,0.0011651165,0.1031917,0.634898,1.111348,0.041025424,0.29924427,opposite_direction_nominal
SPINT2,Kunitz-type protease inhibitor 2,Inflammation,HF,FG_HF,rs45437199,0.9690039,0.54447451,0.946293,1.0718904,0.15531091,0.5918841,opposite_direction_not_significant
SPON1,Spondin-1,Inflammation,AF,FG_AF,rs10832164,1.1137385,1.9593173e-06,0.000319369,1.143812,7.3122143e-06,0.00090671457,same_direction_fdr
SPON1,Spondin-1,Inflammation,HF,FG_HF,rs10832164,0.98535648,0.58623243,0.946293,0.9413346,0.033355835,0.45693594,same_direction_nominal
SPRY2,Protein sprouty homolog 2,Inflammation,AF,FG_AF,rs504122,0.91368477,0.29044639,0.825746,0.88755469,0.2797745,0.70846316,same_direction_not_significant
SPRY2,Protein sprouty homolog 2,Inflammation,HF,FG_HF,rs504122,0.94658575,0.58770231,0.946293,0.87780153,0.21182081,0.64791367,same_direction_not_significant
STX8,Syntaxin-8,Inflammation,AF,FG_AF,rs8077500,0.96544593,0.65271044,0.904093,0.91038268,0.35701839,0.76768515,same_direction_not_significant
STX8,Syntaxin-8,Inflammation,HF,FG_HF,rs8077500,1.353659,0.0034497871,0.202059,1.0098816,0.91899325,0.98952555,same_direction_not_significant
SULT2A1,Bile salt sulfotransferase,Inflammation,AF,FG_AF,rs62129966,0.9839798,0.50730271,0.904093,0.94554168,0.080218985,0.4154495,same_direction_not_significant
SULT2A1,Bile salt sulfotransferase,Inflammation,HF,FG_HF,rs62129966,0.95573681,0.10669942,0.60814,0.93729404,0.03217103,0.45693594,same_direction_nominal
TFF2,Trefoil factor 2,Inflammation,AF,FG_AF,rs225344,1.1122809,0.072288435,0.570142,0.80094465,0.0024037555,0.062778694,opposite_direction_nominal
TFF2,Trefoil factor 2,Inflammation,HF,FG_HF,rs225344,1.1329388,0.072956384,0.56407,0.86541844,0.036995148,0.45873984,opposite_direction_nominal
TIMP3,Metalloproteinase inhibitor 3,Inflammation,AF,FG_AF,rs5749504,1.0145324,0.21614571,0.769429,1.0127143,0.39824568,0.77649243,same_direction_not_significant
TIMP3,Metalloproteinase inhibitor 3,Inflammation,HF,FG_HF,rs5749504,0.98129813,0.1669648,0.752259,1.0047043,0.73956821,0.95077843,opposite_direction_not_significant
TLR3,Toll-like receptor 3,Inflammation,AF,FG_AF,rs3775291,0.9859325,0.039084975,0.570142,1.0000407,0.99594621,0.99913729,opposite_direction_not_significant
TLR3,Toll-like receptor 3,Inflammation,HF,FG_HF,rs3775291,0.99791618,0.78019128,0.971009,1.0029606,0.69811334,0.94406957,opposite_direction_not_significant
TNFAIP8,Tumor necrosis factor alpha-induced protein 8,Inflammation,AF,FG_AF,rs1035376,0.89725536,0.18351827,0.750044,1.2900795,0.014860913,0.19397402,opposite_direction_nominal
TNFAIP8,Tumor necrosis factor alpha-induced protein 8,Inflammation,HF,FG_HF,rs1035376,0.95071664,0.59300757,0.946293,1.2074232,0.057062626,0.46530654,opposite_direction_not_significant
TNFRSF11A,Tumor necrosis factor receptor superfamily member 11A,Inflammation,AF,FG_AF,rs113339733,1.0070491,0.66174878,0.904093,,,,not_matched_in_finngen
TNFRSF11A,Tumor necrosis factor receptor superfamily member 11A,Inflammation,HF,FG_HF,rs113339733,0.99799505,0.90725244,0.984057,,,,not_matched_in_finngen
TNFRSF11B,Tumor necrosis factor receptor superfamily member 11B,Inflammation,AF,FG_AF,rs748443516,,,,0.9111238,0.033394504,0.28007006,not_in_primary
TNFRSF11B,Tumor necrosis factor receptor superfamily member 11B,Inflammation,HF,FG_HF,rs748443516,,,,0.95179974,0.23134217,0.6749748,not_in_primary
TNFRSF13B,Tumor necrosis factor receptor superfamily member 13B,Inflammation,AF,FG_AF,rs34562254,1.0139173,0.82728745,0.944252,0.89836484,0.19484126,0.59779998,opposite_direction_not_significant
TNFRSF13B,Tumor necrosis factor receptor superfamily member 13B,Inflammation,HF,FG_HF,rs34562254,0.96492488,0.64358905,0.957279,1.0635716,0.43133846,0.81970834,opposite_direction_not_significant
TNFRSF13C,Tumor necrosis factor receptor superfamily member 13C,Inflammation,AF,FG_AF,rs763882049,,,,0.9789572,0.26862445,0.70846316,not_in_primary
TNFRSF13C,Tumor necrosis factor receptor superfamily member 13C,Inflammation,HF,FG_HF,rs763882049,,,,1.0026477,0.88398544,0.98088765,not_in_primary
TNFRSF14,Tumor necrosis factor receptor superfamily member 14,Inflammation,AF,FG_AF,rs2495366,1.0919703,0.1316921,0.702553,1.0535018,0.48704559,0.8284272,same_direction_not_significant
TNFRSF14,Tumor necrosis factor receptor superfamily member 14,Inflammation,HF,FG_HF,rs2495366,1.0948278,0.18802114,0.778673,1.0536385,0.4629628,0.84113388,same_direction_not_significant
TNFRSF4,Tumor necrosis factor receptor superfamily member 4,Inflammation,AF,FG_AF,1:1216707:CCT:C,,,,1.0070539,0.93799464,0.98568928,not_in_primary
TNFRSF4,Tumor necrosis factor receptor superfamily member 4,Inflammation,HF,FG_HF,1:1216707:CCT:C,,,,1.0471559,0.59408817,0.89023484,not_in_primary
TNFSF10,Tumor necrosis factor ligand superfamily member 10,Inflammation,AF,FG_AF,rs79287178,0.95928995,0.3018813,0.838446,1.0585536,0.15925212,0.56020604,opposite_direction_not_significant
TNFSF10,Tumor necrosis factor ligand superfamily member 10,Inflammation,HF,FG_HF,rs79287178,0.96018431,0.36965524,0.871741,1.0038395,0.92008401,0.98952555,opposite_direction_not_significant
TNFSF11,Tumor necrosis factor ligand superfamily member 11,Inflammation,AF,FG_AF,rs2062305,1.1142328,0.070923002,0.570142,1.0185753,0.81618064,0.94748939,same_direction_not_significant
TNFSF11,Tumor necrosis factor ligand superfamily member 11,Inflammation,HF,FG_HF,rs2062305,0.984918,0.83171698,0.971009,1.027214,0.71942577,0.95025355,opposite_direction_not_significant
TNFSF12,Tumor necrosis factor ligand superfamily member 12,Inflammation,AF,FG_AF,rs80067372,0.89624508,5.3280571e-08,1.30271e-05,0.97619567,0.37014763,0.76831256,same_direction_not_significant
TNFSF12,Tumor necrosis factor ligand superfamily member 12,Inflammation,HF,FG_HF,rs80067372,0.97220286,0.22747199,0.818101,1.000779,0.97548337,0.99508015,opposite_direction_not_significant
TNFSF13,Tumor necrosis factor ligand superfamily member 13,Inflammation,AF,FG_AF,rs3803800,1.0246296,0.33533949,0.859547,1.0491518,0.11997143,0.49627119,same_direction_not_significant
TNFSF13,Tumor necrosis factor ligand superfamily member 13,Inflammation,HF,FG_HF,rs3803800,0.93650367,0.02495457,0.457404,1.051844,0.083522679,0.5195401,opposite_direction_not_significant
TPP1,Tripeptidyl-peptidase 1,Inflammation,AF,FG_AF,rs140726254,1.0621392,0.091728322,0.614454,1.0430592,0.73658717,0.9350934,same_direction_not_significant
TPP1,Tripeptidyl-peptidase 1,Inflammation,HF,FG_HF,rs140726254,,,,0.86076323,0.21422952,0.64791367,not_in_primary
TPSAB1,Tryptase alpha/beta-1,Inflammation,AF,FG_AF,rs8051930,0.98960047,0.27078098,0.810461,0.98930309,0.31696054,0.74450363,same_direction_not_significant
TPSAB1,Tryptase alpha/beta-1,Inflammation,HF,FG_HF,rs8051930,0.96772835,0.0063334326,0.285537,1.0085427,0.40294231,0.80407877,opposite_direction_not_significant
TRAF2,TNF receptor-associated factor 2,Inflammation,AF,FG_AF,9:136927852:C:T,,,,0.7129558,0.033879443,0.28007006,not_in_primary
TRAF2,TNF receptor-associated factor 2,Inflammation,HF,FG_HF,9:136927852:C:T,,,,1.1134561,0.47661836,0.84179849,not_in_primary
TREM2,Triggering receptor expressed on myeloid cells 2,Inflammation,AF,FG_AF,rs143332484,1.0174821,0.51740211,0.904093,1.0066316,0.84168459,0.94748939,same_direction_not_significant
TREM2,Triggering receptor expressed on myeloid cells 2,Inflammation,HF,FG_HF,rs143332484,,,,1.0369753,0.24481088,0.67789317,not_in_primary
TRIM21,E3 ubiquitin-protein ligase TRIM21,Inflammation,AF,FG_AF,rs199881122,0.8724971,0.14829465,0.717809,0.72725606,0.19661099,0.59779998,same_direction_not_significant
TRIM21,E3 ubiquitin-protein ligase TRIM21,Inflammation,HF,FG_HF,rs199881122,,,,0.79220704,0.327734,0.78441735,not_in_primary
TRIM5,Tripartite motif-containing protein 5,Inflammation,AF,FG_AF,rs11821656,0.98659551,0.56670112,0.904093,1.011977,0.71842051,0.9269522,opposite_direction_not_significant
TRIM5,Tripartite motif-containing protein 5,Inflammation,HF,FG_HF,rs11821656,1.0088723,0.75216231,0.971009,0.97490257,0.41554721,0.80407877,opposite_direction_not_significant
VASH1,Tubulinyl-Tyr carboxypeptidase 1,Inflammation,AF,FG_AF,rs11159226,1.0720583,0.26506311,0.810461,0.94596247,0.41438163,0.78242304,opposite_direction_not_significant
VASH1,Tubulinyl-Tyr carboxypeptidase 1,Inflammation,HF,FG_HF,rs11159226,1.0071743,0.92290572,0.988165,0.9665152,0.59897882,0.89067863,opposite_direction_not_significant
VEGFA,Vascular endothelial growth factor A,Inflammation,AF,FG_AF,rs6921438,1.0017461,0.85785567,0.959935,0.99216595,0.53010245,0.84214381,opposite_direction_not_significant
VEGFA,Vascular endothelial growth factor A,Inflammation,HF,FG_HF,rs6921438,0.99941865,0.95961804,0.988726,1.0165671,0.16706406,0.5918841,opposite_direction_not_significant
WFIKKN2,"WAP, Kazal, immunoglobulin, Kunitz and NTR domain-containing protein 2",Inflammation,AF,FG_AF,rs4591185,0.99106838,0.39687127,0.869993,1.0103875,0.43675449,0.79062127,opposite_direction_not_significant
WFIKKN2,"WAP, Kazal, immunoglobulin, Kunitz and NTR domain-containing protein 2",Inflammation,HF,FG_HF,rs4591185,0.99471919,0.66823514,0.961321,0.98309077,0.1751179,0.59667969,same_direction_not_significant
WNT9A,Protein Wnt-9a,Inflammation,AF,FG_AF,rs4653881,1.1625751,0.0049296653,0.213325,1.1716993,0.019585053,0.22526551,same_direction_nominal
WNT9A,Protein Wnt-9a,Inflammation,HF,FG_HF,rs4653881,1.0715507,0.27187039,0.841464,1.0370557,0.57221762,0.87533799,same_direction_not_significant
A1BG,Alpha-1B-glycoprotein,Inflammation_II,AF,FG_AF,rs145144275,0.96660364,0.077011987,0.579367,0.98840159,0.77782833,0.93869307,same_direction_not_significant
A1BG,Alpha-1B-glycoprotein,Inflammation_II,HF,FG_HF,rs145144275,,,,0.95302846,0.21025517,0.64791367,not_in_primary
ABO,Histo-blood group ABO system transferase,Inflammation_II,AF,FG_AF,rs505922,1.0078881,0.19505313,0.763048,1.0157045,0.035587399,0.28469919,same_direction_nominal
ABO,Histo-blood group ABO system transferase,Inflammation_II,HF,FG_HF,rs505922,1.0343982,3.1802168e-06,0.00043463,1.0120154,0.088737021,0.52397098,same_direction_not_significant
ACE,Angiotensin-converting enzyme,Inflammation_II,AF,FG_AF,rs4362,0.99799375,0.89153382,0.984187,1.0092841,0.6333118,0.89066765,opposite_direction_not_significant
ACE,Angiotensin-converting enzyme,Inflammation_II,HF,FG_HF,rs4362,0.9906719,0.5949715,0.946293,0.97914889,0.2492089,0.67789317,same_direction_not_significant
ACHE,Acetylcholinesterase,Inflammation_II,AF,FG_AF,rs6976053,0.98730857,0.55049742,0.904093,1.0567306,0.044933627,0.30954276,opposite_direction_nominal
ACHE,Acetylcholinesterase,Inflammation_II,HF,FG_HF,rs6976053,1.0537633,0.035503891,0.457404,1.0373834,0.15950134,0.5918841,same_direction_not_significant
ACP1,Low molecular weight phosphotyrosine protein phosphatase,Inflammation_II,AF,FG_AF,rs11553746,0.97059207,0.10148822,0.634898,1.027404,0.25220916,0.6911367,opposite_direction_not_significant
ACP1,Low molecular weight phosphotyrosine protein phosphatase,Inflammation_II,HF,FG_HF,rs11553746,0.99394296,0.78169685,0.971009,1.0319495,0.16036731,0.5918841,opposite_direction_not_significant
ACRV1,Acrosomal protein SP-10,Inflammation_II,AF,FG_AF,rs113811036,,,,,,,not_in_primary
ACRV1,Acrosomal protein SP-10,Inflammation_II,HF,FG_HF,rs113811036,,,,,,,not_in_primary
ACYP1,Acylphosphatase-1,Inflammation_II,AF,FG_AF,rs75948138,0.99952488,0.98772534,0.995872,0.93507075,0.062569776,0.37980308,same_direction_not_significant
ACYP1,Acylphosphatase-1,Inflammation_II,HF,FG_HF,rs75948138,1.0176585,0.68067249,0.96566,0.9420678,0.083796791,0.5195401,opposite_direction_not_significant
ADAM12,Disintegrin and metalloproteinase domain-containing protein 12,Inflammation_II,AF,FG_AF,rs11244909,1.1404064,0.012419331,0.357238,1.115157,0.11075353,0.48312993,same_direction_not_significant
ADAM12,Disintegrin and metalloproteinase domain-containing protein 12,Inflammation_II,HF,FG_HF,rs11244909,1.1220472,0.065840771,0.529308,1.0136328,0.83426013,0.97361889,same_direction_not_significant
ADAMTS4,A disintegrin and metalloproteinase with thrombospondin motifs 4,Inflammation_II,AF,FG_AF,rs4656993,1.0882274,0.13555834,0.705192,1.0662957,0.38037507,0.77181199,same_direction_not_significant
ADAMTS4,A disintegrin and metalloproteinase with thrombospondin motifs 4,Inflammation_II,HF,FG_HF,rs4656993,1.1842389,0.012419331,0.339462,0.94301837,0.39771029,0.80407877,opposite_direction_not_significant
ADD1,Alpha-adducin,Inflammation_II,AF,FG_AF,rs1263339,0.94227344,0.21672106,0.769429,0.92179162,0.19620639,0.59779998,same_direction_not_significant
ADD1,Alpha-adducin,Inflammation_II,HF,FG_HF,rs1263339,0.91804506,0.13490152,0.672724,1.052633,0.39174642,0.80407877,opposite_direction_not_significant
ADGRD1,Adhesion G-protein coupled receptor D1,Inflammation_II,AF,FG_AF,rs4759533,1.009392,0.59791775,0.904093,1.0047489,0.83616857,0.94748939,same_direction_not_significant
ADGRD1,Adhesion G-protein coupled receptor D1,Inflammation_II,HF,FG_HF,rs4759533,0.99213974,0.7165089,0.971009,0.98573314,0.50640044,0.86079772,same_direction_not_significant
ADH1B,All-trans-retinol dehydrogenase,Inflammation_II,AF,FG_AF,rs41275699,0.88226735,0.076827328,0.579367,0.92504156,0.013918113,0.18657795,same_direction_nominal
ADH1B,All-trans-retinol dehydrogenase,Inflammation_II,HF,FG_HF,rs41275699,,,,0.9876085,0.68265683,0.935353,not_in_primary
ADIPOQ,Adiponectin,Inflammation_II,AF,FG_AF,rs143257534,0.99837485,0.96032062,0.995872,1.00489,0.91435852,0.97210018,opposite_direction_not_significant
ADIPOQ,Adiponectin,Inflammation_II,HF,FG_HF,rs143257534,0.94021834,0.10679536,0.60814,1.0043564,0.91913326,0.98952555,opposite_direction_not_significant
AFAP1,Actin filament-associated protein 1,Inflammation_II,AF,FG_AF,rs41264705,0.98369223,0.016154534,0.415767,0.99195546,0.36889916,0.76831256,same_direction_not_significant
AFAP1,Actin filament-associated protein 1,Inflammation_II,HF,FG_HF,rs41264705,0.99594388,0.60891145,0.948167,1.0045688,0.59364477,0.89023484,opposite_direction_not_significant
AFM,Afamin,Inflammation_II,AF,FG_AF,rs553977556,1.0713496,0.2012769,0.769429,,,,not_matched_in_finngen
AFM,Afamin,Inflammation_II,HF,FG_HF,rs553977556,,,,,,,not_in_primary
AGT,Angiotensinogen,Inflammation_II,AF,FG_AF,rs4762,1.0243601,0.073453911,0.570142,1.0031195,0.84242504,0.94748939,same_direction_not_significant
AGT,Angiotensinogen,Inflammation_II,HF,FG_HF,rs4762,1.0192766,0.2209002,0.808653,0.99451284,0.7097139,0.95025355,opposite_direction_not_significant
AHSG,Alpha-2-HS-glycoprotein,Inflammation_II,AF,FG_AF,rs1900618,1.002666,0.7941931,0.922471,1.0234409,0.075849845,0.4009264,same_direction_not_significant
AHSG,Alpha-2-HS-glycoprotein,Inflammation_II,HF,FG_HF,rs1900618,1.0144512,0.24818794,0.840967,1.022415,0.072800669,0.48796124,same_direction_not_significant
AKR7L,Aflatoxin B1 aldehyde reductase member 4,Inflammation_II,AF,FG_AF,rs59622577,0.9750502,0.49779319,0.904093,0.94776568,0.33188211,0.75396387,same_direction_not_significant
AKR7L,Aflatoxin B1 aldehyde reductase member 4,Inflammation_II,HF,FG_HF,rs59622577,1.0605039,0.1839894,0.778673,0.99346364,0.90076223,0.98744463,opposite_direction_not_significant
AMY1A_AMY1B_AMY1C,Alpha-amylase 1A_Alpha-amylase 1B_Alpha-amylase 1C,Inflammation_II,AF,FG_AF,rs72694438,1.0185185,0.38397902,0.869993,1.0598478,0.037292999,0.28902074,same_direction_nominal
AMY1A_AMY1B_AMY1C,Alpha-amylase 1A_Alpha-amylase 1B_Alpha-amylase 1C,Inflammation_II,HF,FG_HF,rs72694438,0.99876096,0.96012239,0.988726,1.0120101,0.65125226,0.92458022,opposite_direction_not_significant
ANKMY2,Ankyrin repeat and MYND domain-containing protein 2,Inflammation_II,AF,FG_AF,rs4719474,0.92707951,0.36889202,0.869993,0.89703201,0.32480927,0.75126103,same_direction_not_significant
ANKMY2,Ankyrin repeat and MYND domain-containing protein 2,Inflammation_II,HF,FG_HF,rs4719474,0.90581588,0.32911223,0.854025,1.030391,0.77433228,0.95934549,opposite_direction_not_significant
APCS,Serum amyloid P-component,Inflammation_II,AF,FG_AF,rs36126250,0.92089754,0.048981807,0.570142,1.0071576,0.87503122,0.95521594,opposite_direction_not_significant
APCS,Serum amyloid P-component,Inflammation_II,HF,FG_HF,rs36126250,0.9572163,0.33755049,0.854294,0.95834115,0.31899286,0.7832696,same_direction_not_significant
APOA1,Apolipoprotein A-I,Inflammation_II,AF,FG_AF,rs2727784,1.0094802,0.93169355,0.986349,1.3696569,0.021153917,0.22526551,same_direction_nominal
APOA1,Apolipoprotein A-I,Inflammation_II,HF,FG_HF,rs2727784,0.8411504,0.17977004,0.778673,0.96028924,0.75391627,0.95077843,same_direction_not_significant
APOA2,Apolipoprotein A-II,Inflammation_II,AF,FG_AF,rs4073054,0.87065209,0.17771433,0.744598,0.86258496,0.26077267,0.70295241,same_direction_not_significant
APOA2,Apolipoprotein A-II,Inflammation_II,HF,FG_HF,rs4073054,0.64252639,0.00024573278,0.0251876,1.1285981,0.33228817,0.78858819,opposite_direction_not_significant
APOA4,Apolipoprotein A-IV,Inflammation_II,AF,FG_AF,rs1729407,1.0156736,0.74629434,0.909608,0.93082953,0.24312062,0.68393741,opposite_direction_not_significant
APOA4,Apolipoprotein A-IV,Inflammation_II,HF,FG_HF,rs1729407,1.0128057,0.81976433,0.971009,0.96384651,0.52585022,0.86079772,opposite_direction_not_significant
APOC1,Apolipoprotein C-I,Inflammation_II,AF,FG_AF,rs5112,1.0081521,0.71612957,0.904093,1.0566784,0.032391972,0.27700721,same_direction_nominal
APOC1,Apolipoprotein C-I,Inflammation_II,HF,FG_HF,rs5112,1.0411286,0.14764036,0.703867,1.0554018,0.027095882,0.45693594,same_direction_nominal
APOD,Apolipoprotein D,Inflammation_II,AF,FG_AF,rs139828053,0.98355176,0.7012596,0.904093,0.95882103,0.29714075,0.72120425,same_direction_not_significant
APOD,Apolipoprotein D,Inflammation_II,HF,FG_HF,rs139828053,0.92299649,0.093018133,0.606285,1.0650816,0.099893774,0.52414709,opposite_direction_not_significant
APOE,Apolipoprotein E,Inflammation_II,AF,FG_AF,rs429358,1.0093319,0.32243144,0.857964,1.0146623,0.19303947,0.59779998,same_direction_not_significant
APOE,Apolipoprotein E,Inflammation_II,HF,FG_HF,rs429358,1.0226845,0.042684332,0.468736,1.059701,7.4515736e-08,3.6959805e-05,same_direction_fdr
APOF,Apolipoprotein F,Inflammation_II,AF,FG_AF,rs2020854,0.967536,0.34169592,0.859547,0.910356,0.08040958,0.4154495,same_direction_not_significant
APOF,Apolipoprotein F,Inflammation_II,HF,FG_HF,rs2020854,1.0379735,0.38564091,0.876831,1.0321128,0.53487635,0.86698912,same_direction_not_significant
APOL1,Apolipoprotein L1,Inflammation_II,AF,FG_AF,rs136168,1.0094853,0.72721153,0.904851,1.0116853,0.7562782,0.93869307,same_direction_not_significant
APOL1,Apolipoprotein L1,Inflammation_II,HF,FG_HF,rs136168,1.0193814,0.54586997,0.946293,1.0229382,0.52109874,0.86079772,same_direction_not_significant
APPL2,DCC-interacting protein 13-beta,Inflammation_II,AF,FG_AF,rs10778371,1.0219608,0.68051189,0.904093,0.85521291,0.019885021,0.22526551,opposite_direction_nominal
APPL2,DCC-interacting protein 13-beta,Inflammation_II,HF,FG_HF,rs10778371,0.98155247,0.76417716,0.971009,0.93641415,0.30145522,0.75140314,same_direction_not_significant
ARHGAP45,Rho GTPase-activating protein 45,Inflammation_II,AF,FG_AF,rs34593562,1.137907,0.19505313,0.763048,1.3515188,0.013620201,0.18657795,same_direction_nominal
ARHGAP45,Rho GTPase-activating protein 45,Inflammation_II,HF,FG_HF,rs34593562,1.0098782,0.93197054,0.988165,0.95542371,0.69248209,0.94360197,opposite_direction_not_significant
ASGR2,Asialoglycoprotein receptor 2,Inflammation_II,AF,FG_AF,rs2304978,1.0102073,0.66413557,0.904093,0.97633753,0.43308841,0.78971494,opposite_direction_not_significant
ASGR2,Asialoglycoprotein receptor 2,Inflammation_II,HF,FG_HF,rs2304978,1.0766549,0.0070045216,0.285537,0.97963149,0.47671077,0.84179849,opposite_direction_not_significant
ATRN,"Attractin, Isoform 2",Inflammation_II,AF,FG_AF,rs78971233,0.98388481,0.15033302,0.717809,0.98998029,0.43466165,0.78971494,same_direction_not_significant
ATRN,"Attractin, Isoform 2",Inflammation_II,HF,FG_HF,rs78971233,1.0079224,0.54134627,0.946293,1.0071627,0.55614356,0.87288527,same_direction_not_significant
BCHE,Cholinesterase,Inflammation_II,AF,FG_AF,rs73165060,1.0219545,0.1214345,0.682546,0.98320227,0.38279385,0.77181199,opposite_direction_not_significant
BCHE,Cholinesterase,Inflammation_II,HF,FG_HF,rs73165060,1.0039407,0.83871312,0.971009,0.9982267,0.92290371,0.98952555,opposite_direction_not_significant
BCL2L15,Bcl-2-like protein 15,Inflammation_II,AF,FG_AF,rs1230715,0.9683369,0.42855506,0.873181,1.1033383,0.064949236,0.37980308,opposite_direction_not_significant
BCL2L15,Bcl-2-like protein 15,Inflammation_II,HF,FG_HF,rs1230715,1.0485582,0.32303743,0.853675,1.0104654,0.836213,0.97361889,same_direction_not_significant
BLNK,B-cell linker protein,Inflammation_II,AF,FG_AF,rs55769428,1.1086065,0.40261701,0.869993,1.1206088,0.3932936,0.77649243,same_direction_not_significant
BLNK,B-cell linker protein,Inflammation_II,HF,FG_HF,rs55769428,0.73493555,0.026998572,0.457404,0.74384691,0.018826226,0.45693594,same_direction_nominal
BMP10,Bone morphogenetic protein 10,Inflammation_II,AF,FG_AF,rs34008398,1.034094,0.061460805,0.570142,0.96232033,0.12936658,0.51746632,opposite_direction_not_significant
BMP10,Bone morphogenetic protein 10,Inflammation_II,HF,FG_HF,rs34008398,,,,1.0074685,0.7540948,0.95077843,not_in_primary
BMPER,BMP-binding endothelial regulator protein,Inflammation_II,AF,FG_AF,rs201897458,1.0209198,0.65936541,0.904093,1.1025331,0.035522619,0.28469919,same_direction_nominal
BMPER,BMP-binding endothelial regulator protein,Inflammation_II,HF,FG_HF,rs201897458,,,,1.0749717,0.099663512,0.52414709,not_in_primary
BNIP3L,BCL2/adenovirus E1B 19 kDa protein-interacting protein 3-like,Inflammation_II,AF,FG_AF,rs201672609,1.5579822,0.16957732,0.732739,0.98241475,0.91788296,0.97279903,opposite_direction_not_significant
BNIP3L,BCL2/adenovirus E1B 19 kDa protein-interacting protein 3-like,Inflammation_II,HF,FG_HF,rs201672609,,,,1.0118646,0.94231956,0.99285933,not_in_primary
BTD,Biotinidase,Inflammation_II,AF,FG_AF,rs13078881,0.99870321,0.90608546,0.986349,0.99639817,0.767401,0.93869307,same_direction_not_significant
BTD,Biotinidase,Inflammation_II,HF,FG_HF,rs13078881,0.97389964,0.036815439,0.457404,1.0028112,0.80690815,0.96165655,opposite_direction_not_significant
C1QL2,Complement C1q-like protein 2,Inflammation_II,AF,FG_AF,rs34475538,0.99427286,0.84713825,0.955368,1.0172319,0.60659226,0.87973614,opposite_direction_not_significant
C1QL2,Complement C1q-like protein 2,Inflammation_II,HF,FG_HF,rs34475538,1.0028759,0.93493883,0.988165,0.9773669,0.46578357,0.84179849,opposite_direction_not_significant
C1QTNF5,Complement C1q tumor necrosis factor-related protein 5,Inflammation_II,AF,FG_AF,rs2509656,1.0160296,0.78866758,0.922471,0.86321748,0.028457676,0.27144245,opposite_direction_nominal
C1QTNF5,Complement C1q tumor necrosis factor-related protein 5,Inflammation_II,HF,FG_HF,rs2509656,0.98422325,0.82560716,0.971009,0.87513514,0.035928431,0.45693594,same_direction_nominal
C1QTNF9,Complement C1q and tumor necrosis factor-related protein 9A,Inflammation_II,AF,FG_AF,rs1961993,1.0009564,0.89822259,0.984823,0.98737932,0.19765967,0.59779998,opposite_direction_not_significant
C1QTNF9,Complement C1q and tumor necrosis factor-related protein 9A,Inflammation_II,HF,FG_HF,rs1961993,1.0013045,0.88193647,0.974199,1.011654,0.21410934,0.64791367,same_direction_not_significant
C1R,Complement C1r subcomponent,Inflammation_II,AF,FG_AF,rs10849546,0.9950051,0.81444634,0.939303,0.96896617,0.19887931,0.59784326,same_direction_not_significant
C1R,Complement C1r subcomponent,Inflammation_II,HF,FG_HF,rs10849546,1.0499766,0.055552481,0.495811,1.0078492,0.73616099,0.95077843,same_direction_not_significant
C1RL,Complement C1r subcomponent-like protein,Inflammation_II,AF,FG_AF,rs191448232,0.98464598,0.4234323,0.869993,0.99177928,0.69706594,0.91709471,same_direction_not_significant
C1RL,Complement C1r subcomponent-like protein,Inflammation_II,HF,FG_HF,rs191448232,,,,0.99685977,0.87505712,0.97841055,not_in_primary
C1S,Complement C1s subcomponent,Inflammation_II,AF,FG_AF,rs12146727,0.99507246,0.73631691,0.909608,0.98235625,0.29553062,0.72120425,same_direction_not_significant
C1S,Complement C1s subcomponent,Inflammation_II,HF,FG_HF,rs12146727,1.0224011,0.20200428,0.796363,1.0067055,0.67772024,0.93374789,same_direction_not_significant
C3,Complement C3,Inflammation_II,AF,FG_AF,rs11569466,1.1201368,0.082927851,0.587706,0.97429364,0.69899517,0.91720001,opposite_direction_not_significant
C3,Complement C3,Inflammation_II,HF,FG_HF,rs11569466,0.98510532,0.85308379,0.971009,1.0140447,0.82644227,0.96906706,opposite_direction_not_significant
C5,Complement C5,Inflammation_II,AF,FG_AF,rs4837810,0.97037482,0.514714,0.904093,1.0613615,0.32602382,0.75126103,opposite_direction_not_significant
C5,Complement C5,Inflammation_II,HF,FG_HF,rs4837810,0.96901846,0.56399142,0.946293,1.0371914,0.52334737,0.86079772,opposite_direction_not_significant
C7,Complement component C7,Inflammation_II,AF,FG_AF,rs74480769,0.97130514,0.033434272,0.570142,1.0076055,0.47120445,0.82817202,opposite_direction_not_significant
C7,Complement component C7,Inflammation_II,HF,FG_HF,rs74480769,1.0034784,0.82264998,0.971009,1.0082221,0.4107574,0.80407877,same_direction_not_significant
C8B,Complement component C8 beta chain,Inflammation_II,AF,FG_AF,rs626457,,,,1.009532,0.57487051,0.86506215,not_in_primary
C8B,Complement component C8 beta chain,Inflammation_II,HF,FG_HF,rs626457,1.0200363,0.220127,0.808653,1.0145108,0.36909377,0.80407877,same_direction_not_significant
C9,Complement component C9,Inflammation_II,AF,FG_AF,rs34000044,1.0091536,0.92028225,0.986349,0.89070399,0.22901093,0.65658625,opposite_direction_not_significant
C9,Complement component C9,Inflammation_II,HF,FG_HF,rs34000044,,,,0.94714905,0.54245851,0.86793362,not_in_primary
CACYBP,Calcyclin-binding protein,Inflammation_II,AF,FG_AF,1:174695323:TCTGA:T,,,,0.85867998,0.09301847,0.44362655,not_in_primary
CACYBP,Calcyclin-binding protein,Inflammation_II,HF,FG_HF,1:174695323:TCTGA:T,,,,0.97763051,0.7921218,0.95934549,not_in_primary
CASP9,Caspase-9,Inflammation_II,AF,FG_AF,rs12024833,1.1730738,0.052343423,0.570142,1.2529547,0.038830942,0.28969657,same_direction_nominal
CASP9,Caspase-9,Inflammation_II,HF,FG_HF,rs12024833,0.89757774,0.26531177,0.841464,1.1831784,0.10356132,0.52414709,opposite_direction_not_significant
CAT,Catalase,Inflammation_II,AF,FG_AF,rs2284368,1.013144,0.7612822,0.919178,1.0379376,0.52171572,0.84016558,same_direction_not_significant
CAT,Catalase,Inflammation_II,HF,FG_HF,rs2284368,0.99187173,0.87321629,0.972877,1.0864734,0.13150145,0.58761008,opposite_direction_not_significant
CD226,CD226 antigen,Inflammation_II,AF,FG_AF,rs13381239,1.0160381,0.53074729,0.904093,0.98549511,0.65721196,0.9004454,opposite_direction_not_significant
CD226,CD226 antigen,Inflammation_II,HF,FG_HF,rs13381239,0.9977296,0.93868474,0.988165,0.99620547,0.90293812,0.98744463,same_direction_not_significant
CD300A,CMRF35-like molecule 8,Inflammation_II,AF,FG_AF,rs62087202,1.0083873,0.74821975,0.909608,1.0644462,0.12201978,0.49906138,same_direction_not_significant
CD300A,CMRF35-like molecule 8,Inflammation_II,HF,FG_HF,rs62087202,1.0098461,0.75195532,0.971009,1.0019635,0.95923099,0.99491071,same_direction_not_significant
CD36,Platelet glycoprotein 4,Inflammation_II,AF,FG_AF,rs6961069,1.071251,0.0050165339,0.213325,1.0483555,0.13957329,0.54074562,same_direction_not_significant
CD36,Platelet glycoprotein 4,Inflammation_II,HF,FG_HF,rs6961069,1.0110436,0.70413335,0.971009,0.97845602,0.47164065,0.84179849,opposite_direction_not_significant
CD5L,CD5 antigen-like,Inflammation_II,AF,FG_AF,rs2765501,0.91837817,0.17038501,0.732739,1.0080853,0.85134961,0.950683,opposite_direction_not_significant
CD5L,CD5 antigen-like,Inflammation_II,HF,FG_HF,rs2765501,0.95592358,0.53197106,0.946293,1.0337939,0.4150012,0.80407877,opposite_direction_not_significant
CD7,T-cell antigen CD7,Inflammation_II,AF,FG_AF,rs3176831,1.0004419,0.97783939,0.995872,0.97851689,0.27763144,0.70846316,opposite_direction_not_significant
CD7,T-cell antigen CD7,Inflammation_II,HF,FG_HF,rs3176831,0.97478914,0.15658041,0.724734,1.0068618,0.72032799,0.95025355,opposite_direction_not_significant
CD72,B-cell differentiation antigen CD72,Inflammation_II,AF,FG_AF,rs869487,1.0127019,0.79293599,0.922471,1.0188084,0.77316119,0.93869307,same_direction_not_significant
CD72,B-cell differentiation antigen CD72,Inflammation_II,HF,FG_HF,rs869487,1.0593974,0.3122432,0.848366,0.94593455,0.36252286,0.80272919,opposite_direction_not_significant
CELSR2,Cadherin EGF LAG seven-pass G-type receptor 2,Inflammation_II,AF,FG_AF,rs12740374,0.9670886,0.054229358,0.570142,0.93592457,0.003544309,0.083713203,same_direction_nominal
CELSR2,Cadherin EGF LAG seven-pass G-type receptor 2,Inflammation_II,HF,FG_HF,rs12740374,0.88273185,3.2682066e-09,1.33996e-06,0.97718697,0.28409627,0.72262436,same_direction_not_significant
CEMIP2,Cell surface hyaluronidase,Inflammation_II,AF,FG_AF,rs191912523,1.0451156,0.5292093,0.904093,1.0958966,0.122753,0.49906138,same_direction_not_significant
CEMIP2,Cell surface hyaluronidase,Inflammation_II,HF,FG_HF,rs191912523,1.0215037,0.81196993,0.971009,1.0977513,0.096956157,0.52414709,same_direction_not_significant
CFD,Complement factor D,Inflammation_II,AF,FG_AF,rs71335276,1.0772445,0.12100673,0.682546,0.99476517,0.93433735,0.98393063,opposite_direction_not_significant
CFD,Complement factor D,Inflammation_II,HF,FG_HF,rs71335276,1.0119325,0.83709754,0.971009,1.0186981,0.7586304,0.95260931,same_direction_not_significant
CFH,Complement factor H,Inflammation_II,AF,FG_AF,rs731557,1.0085839,0.66823514,0.904093,0.99218269,0.79580466,0.94748939,opposite_direction_not_significant
CFH,Complement factor H,Inflammation_II,HF,FG_HF,rs731557,1.0387187,0.10959858,0.615382,0.98171299,0.52087655,0.86079772,opposite_direction_not_significant
CFHR2,Complement factor H-related protein 2,Inflammation_II,AF,FG_AF,rs4085749,1.0091031,0.23409615,0.777778,0.99162464,0.35838687,0.76768515,opposite_direction_not_significant
CFHR2,Complement factor H-related protein 2,Inflammation_II,HF,FG_HF,rs4085749,1.0132948,0.13645302,0.672724,0.97990257,0.018827921,0.45693594,opposite_direction_nominal
CFHR4,Complement factor H-related protein 4,Inflammation_II,AF,FG_AF,rs4915363,0.99346768,0.667376,0.904093,,,,not_matched_in_finngen
CFHR4,Complement factor H-related protein 4,Inflammation_II,HF,FG_HF,rs4915363,1.035006,0.046294227,0.469117,,,,not_matched_in_finngen
CFHR5,Complement factor H-related protein 5,Inflammation_II,AF,FG_AF,rs72732234,1.0093577,0.63846843,0.904093,0.98935965,0.37176414,0.76831256,opposite_direction_not_significant
CFHR5,Complement factor H-related protein 5,Inflammation_II,HF,FG_HF,rs72732234,0.99629381,0.86342836,0.971009,1.0018199,0.87296591,0.97841055,opposite_direction_not_significant
CFI,Complement factor I,Inflammation_II,AF,FG_AF,rs10033900,0.98895425,0.72018695,0.904093,0.87123129,0.00052704985,0.020108979,same_direction_fdr
CFI,Complement factor I,Inflammation_II,HF,FG_HF,rs10033900,1.0329265,0.3755766,0.872653,0.90488097,0.0081690682,0.34292856,opposite_direction_nominal
CGB3_CGB5_CGB8,Choriogonadotropin subunit beta 3,Inflammation_II,AF,FG_AF,rs7252920,0.94144949,0.59710278,0.904093,1.3880395,0.020571561,0.22526551,opposite_direction_nominal
CGB3_CGB5_CGB8,Choriogonadotropin subunit beta 3,Inflammation_II,HF,FG_HF,rs7252920,1.2482847,0.093149638,0.606285,1.1364418,0.33968871,0.79736401,same_direction_not_significant
CHAD,Chondroadherin,Inflammation_II,AF,FG_AF,rs144030994,1.0153973,0.64775677,0.904093,0.98242555,0.51942415,0.83919993,opposite_direction_not_significant
CHAD,Chondroadherin,Inflammation_II,HF,FG_HF,rs144030994,,,,0.97682676,0.36202569,0.80272919,not_in_primary
CLEC12A,C-type lectin domain family 12 member A,Inflammation_II,AF,FG_AF,rs12230629,0.97362629,0.37885931,0.869993,1.0118796,0.56107122,0.85648027,opposite_direction_not_significant
CLEC12A,C-type lectin domain family 12 member A,Inflammation_II,HF,FG_HF,rs12230629,,,,0.97906224,0.27135721,0.7080848,not_in_primary
CLEC3B,Tetranectin,Inflammation_II,AF,FG_AF,rs13065490,0.97920754,0.51060577,0.904093,0.9870361,0.74031661,0.93672714,same_direction_not_significant
CLEC3B,Tetranectin,Inflammation_II,HF,FG_HF,rs13065490,0.98871782,0.75898177,0.971009,0.98686771,0.72284907,0.95025355,same_direction_not_significant
CLU,Clusterin,Inflammation_II,AF,FG_AF,rs553014,1.0053225,0.9405116,0.987363,0.88894081,0.20426228,0.61032585,opposite_direction_not_significant
CLU,Clusterin,Inflammation_II,HF,FG_HF,rs553014,0.90694463,0.24419837,0.836791,0.99882995,0.98936153,0.99508015,same_direction_not_significant
COL5A1,Collagen alpha-1(V) chain,Inflammation_II,AF,FG_AF,rs12002679,1.0481567,0.16000246,0.717809,0.94541023,0.15049766,0.54074562,opposite_direction_not_significant
COL5A1,Collagen alpha-1(V) chain,Inflammation_II,HF,FG_HF,rs12002679,1.087056,0.032249503,0.457404,0.9332384,0.061649562,0.47043358,opposite_direction_not_significant
CPA4,Carboxypeptidase A4,Inflammation_II,AF,FG_AF,rs34587586,1.0050579,0.69557229,0.904093,0.99835947,0.92132305,0.97436297,opposite_direction_not_significant
CPA4,Carboxypeptidase A4,Inflammation_II,HF,FG_HF,rs34587586,1.0127873,0.40695261,0.889069,1.0054482,0.72951345,0.95025355,same_direction_not_significant
CPB2,Carboxypeptidase B2,Inflammation_II,AF,FG_AF,rs6561283,1.0052058,0.64943628,0.904093,1.0077745,0.63566938,0.89066765,same_direction_not_significant
CPB2,Carboxypeptidase B2,Inflammation_II,HF,FG_HF,rs6561283,0.99010969,0.46157021,0.914221,1.0133507,0.39025318,0.80407877,opposite_direction_not_significant
CPOX,"Oxygen-dependent coproporphyrinogen-III oxidase, mitochondrial",Inflammation_II,AF,FG_AF,rs1729988,1.0134669,0.82860204,0.944252,1.1306382,0.063486907,0.37980308,same_direction_not_significant
CPOX,"Oxygen-dependent coproporphyrinogen-III oxidase, mitochondrial",Inflammation_II,HF,FG_HF,rs1729988,1.0698537,0.34821712,0.856601,1.0998496,0.12755802,0.57945687,same_direction_not_significant
CR1,Complement receptor type 1,Inflammation_II,AF,FG_AF,rs679515,0.98985928,0.52726671,0.904093,0.98630542,0.49465246,0.8284272,same_direction_not_significant
CR1,Complement receptor type 1,Inflammation_II,HF,FG_HF,rs679515,0.98894251,0.54850624,0.946293,1.0123266,0.52268115,0.86079772,opposite_direction_not_significant
CRELD1,Protein disulfide isomerase CRELD1,Inflammation_II,AF,FG_AF,rs9878047,1.013308,0.15312745,0.717809,1.0306323,0.030199505,0.27460589,same_direction_nominal
CRELD1,Protein disulfide isomerase CRELD1,Inflammation_II,HF,FG_HF,rs9878047,0.99783903,0.84488242,0.971009,1.0011367,0.93128608,0.98952555,opposite_direction_not_significant
CRISP3,Cysteine-rich secretory protein 3,Inflammation_II,AF,FG_AF,rs1025347,0.99006958,0.38778768,0.869993,1.0157399,0.30244049,0.72120425,opposite_direction_not_significant
CRISP3,Cysteine-rich secretory protein 3,Inflammation_II,HF,FG_HF,rs1025347,1.0019278,0.88784969,0.974199,1.0262462,0.070894261,0.48693802,same_direction_not_significant
CSF1R,Macrophage colony-stimulating factor 1 receptor,Inflammation_II,AF,FG_AF,rs56048668,0.992873,0.83887932,0.951768,1.0122545,0.83253941,0.94748939,opposite_direction_not_significant
CSF1R,Macrophage colony-stimulating factor 1 receptor,Inflammation_II,HF,FG_HF,rs56048668,,,,1.0921976,0.10355456,0.52414709,not_in_primary
CSF2RB,Cytokine receptor common subunit beta,Inflammation_II,AF,FG_AF,rs2239749,1.0059888,0.32447962,0.857964,0.99653804,0.65905529,0.9004454,opposite_direction_not_significant
CSF2RB,Cytokine receptor common subunit beta,Inflammation_II,HF,FG_HF,rs2239749,1.0062577,0.3755766,0.872653,0.99819426,0.80808708,0.96165655,opposite_direction_not_significant
CSF3R,Granulocyte colony-stimulating factor receptor,Inflammation_II,AF,FG_AF,rs3917999,1.0112793,0.6791079,0.904093,0.99637828,0.82442713,0.94748939,opposite_direction_not_significant
CSF3R,Granulocyte colony-stimulating factor receptor,Inflammation_II,HF,FG_HF,rs3917999,1.0206107,0.48524899,0.934047,1.0216167,0.17000647,0.59667969,same_direction_not_significant
CST1,Cystatin-SN,Inflammation_II,AF,FG_AF,rs4549181,1.0003433,0.97900546,0.995872,1.0166633,0.37999367,0.77181199,same_direction_not_significant
CST1,Cystatin-SN,Inflammation_II,HF,FG_HF,rs4549181,1.0029221,0.85180711,0.971009,1.0314538,0.081541045,0.5195401,same_direction_not_significant
CTBS,Di-N-acetylchitobiase,Inflammation_II,AF,FG_AF,rs79723172,0.99060911,0.52799609,0.904093,1.0108608,0.66454668,0.90214746,opposite_direction_not_significant
CTBS,Di-N-acetylchitobiase,Inflammation_II,HF,FG_HF,rs79723172,0.979883,0.26271376,0.841464,0.9746897,0.28107992,0.72128072,same_direction_not_significant
CTSE,Cathepsin E,Inflammation_II,AF,FG_AF,rs41302235,0.9982907,0.91656474,0.986349,0.96034515,0.017033527,0.21121573,same_direction_nominal
CTSE,Cathepsin E,Inflammation_II,HF,FG_HF,rs41302235,1.0015564,0.93961197,0.988165,0.99203199,0.61798537,0.90419098,opposite_direction_not_significant
DAPK2,Death-associated protein kinase 2,Inflammation_II,AF,FG_AF,rs34772505,0.99228603,0.65908525,0.904093,1.0391525,0.095092164,0.44699202,opposite_direction_not_significant
DAPK2,Death-associated protein kinase 2,Inflammation_II,HF,FG_HF,rs34772505,0.98896182,0.58623243,0.946293,1.0523572,0.018940902,0.45693594,opposite_direction_nominal
DBH,Dopamine beta-hydroxylase,Inflammation_II,AF,FG_AF,rs1611115,1.0044536,0.53588499,0.904093,0.98227948,0.068460995,0.38968298,opposite_direction_not_significant
DBH,Dopamine beta-hydroxylase,Inflammation_II,HF,FG_HF,rs1611115,0.99880433,0.88865999,0.974199,1.0016974,0.85529226,0.97841055,opposite_direction_not_significant
DDI2,Protein DDI1 homolog 2,Inflammation_II,AF,FG_AF,rs41270291,1.0831565,0.55449602,0.904093,1.2452979,0.44126187,0.79587595,same_direction_not_significant
DDI2,Protein DDI1 homolog 2,Inflammation_II,HF,FG_HF,rs41270291,0.81387771,0.20898872,0.800798,0.72232442,0.21563656,0.64821657,same_direction_not_significant
DNAJB6,DnaJ homolog subfamily B member 6,Inflammation_II,AF,FG_AF,rs12668458,1.0190273,0.60185198,0.904093,1.0344658,0.45947956,0.81979087,same_direction_not_significant
DNAJB6,DnaJ homolog subfamily B member 6,Inflammation_II,HF,FG_HF,rs12668458,1.0416839,0.33556611,0.854294,0.93429485,0.11683085,0.5466802,opposite_direction_not_significant
DTD1,D-aminoacyl-tRNA deacylase 1,Inflammation_II,AF,FG_AF,rs6081238,1.013366,0.7498474,0.909608,0.97871105,0.69600253,0.91709471,opposite_direction_not_significant
DTD1,D-aminoacyl-tRNA deacylase 1,Inflammation_II,HF,FG_HF,rs6081238,0.95574498,0.35448448,0.859992,1.0235817,0.65428963,0.92458022,opposite_direction_not_significant
ECM1,Extracellular matrix protein 1,Inflammation_II,AF,FG_AF,rs3737240,0.98577438,0.15978438,0.717809,0.98010043,0.12006561,0.49627119,same_direction_not_significant
ECM1,Extracellular matrix protein 1,Inflammation_II,HF,FG_HF,rs3737240,0.987815,0.30550884,0.848366,0.983405,0.17184621,0.59667969,same_direction_not_significant
EPHA4,Ephrin type-A receptor 4,Inflammation_II,AF,FG_AF,rs10932916,0.98717574,0.78819386,0.922471,0.95657832,0.47281696,0.82817202,same_direction_not_significant
EPHA4,Ephrin type-A receptor 4,Inflammation_II,HF,FG_HF,rs10932916,1.0043117,0.93868474,0.988165,0.96631868,0.55787224,0.87288527,opposite_direction_not_significant
ERMAP,Erythroid membrane-associated protein,Inflammation_II,AF,FG_AF,rs11210710,0.92260013,0.26870029,0.810461,0.71635869,0.00043960757,0.018604357,same_direction_fdr
ERMAP,Erythroid membrane-associated protein,Inflammation_II,HF,FG_HF,rs11210710,0.87984269,0.13194053,0.672724,0.83382477,0.043488671,0.46530654,same_direction_nominal
EVI5,Ecotropic viral integration site 5 protein homolog,Inflammation_II,AF,FG_AF,rs11808092,1.0083001,0.87453975,0.97637,0.97274951,0.68972988,0.91228272,opposite_direction_not_significant
EVI5,Ecotropic viral integration site 5 protein homolog,Inflammation_II,HF,FG_HF,rs11808092,1.0117788,0.8501799,0.971009,1.0059065,0.9286333,0.98952555,same_direction_not_significant
F10,Coagulation factor X,Inflammation_II,AF,FG_AF,rs547138,0.9800994,0.58544093,0.904093,1.0459138,0.35298414,0.76768515,opposite_direction_not_significant
F10,Coagulation factor X,Inflammation_II,HF,FG_HF,rs547138,0.99110588,0.848936,0.971009,1.0563995,0.22961034,0.6749748,opposite_direction_not_significant
F11,Coagulation factor XI,Inflammation_II,AF,FG_AF,rs2289252,0.99922101,0.96481063,0.995872,1.0258068,0.25820531,0.70295241,opposite_direction_not_significant
F11,Coagulation factor XI,Inflammation_II,HF,FG_HF,rs2289252,0.98658306,0.52088922,0.946293,1.0175344,0.41746076,0.80407877,opposite_direction_not_significant
F12,Coagulation factor XII,Inflammation_II,AF,FG_AF,rs1801020,0.99132564,0.18666386,0.753626,0.99094763,0.27276305,0.70846316,same_direction_not_significant
F12,Coagulation factor XII,Inflammation_II,HF,FG_HF,rs1801020,1.0033042,0.67495682,0.964224,0.99411366,0.45276393,0.82867494,opposite_direction_not_significant
F13B,Coagulation factor XIII B chain,Inflammation_II,AF,FG_AF,rs12134960,1.0266699,0.10622743,0.634898,0.99382206,0.73427401,0.9350934,opposite_direction_not_significant
F13B,Coagulation factor XIII B chain,Inflammation_II,HF,FG_HF,rs12134960,1.0285098,0.13857138,0.672724,0.96408332,0.033823488,0.45693594,opposite_direction_nominal
F2,Prothrombin,Inflammation_II,AF,FG_AF,rs1799963,0.98546841,0.79262822,0.922471,0.96651885,0.68483394,0.91228272,same_direction_not_significant
F2,Prothrombin,Inflammation_II,HF,FG_HF,rs1799963,,,,0.95602296,0.5572133,0.87288527,not_in_primary
FCN1,Ficolin-1,Inflammation_II,AF,FG_AF,rs11103604,1,1,1,1.012629,0.53882239,0.84476551,opposite_direction_not_significant
FCN1,Ficolin-1,Inflammation_II,HF,FG_HF,rs11103604,1.0152636,0.4464399,0.912536,0.98178118,0.34080881,0.79736401,opposite_direction_not_significant
FGA,Fibrinogen alpha chain,Inflammation_II,AF,FG_AF,rs140473879,0.97640336,0.69653655,0.904093,1.0954744,0.36115396,0.76831256,opposite_direction_not_significant
FGA,Fibrinogen alpha chain,Inflammation_II,HF,FG_HF,rs140473879,,,,0.96333192,0.70799507,0.95025355,not_in_primary
FGFR4,Fibroblast growth factor receptor 4,Inflammation_II,AF,FG_AF,rs351855,1.0042701,0.55583371,0.904093,0.98915453,0.22822072,0.65658625,opposite_direction_not_significant
FGFR4,Fibroblast growth factor receptor 4,Inflammation_II,HF,FG_HF,rs351855,0.99082675,0.27952129,0.841464,0.98355891,0.052523162,0.46530654,same_direction_not_significant
FGL1,Fibrinogen-like protein 1,Inflammation_II,AF,FG_AF,rs3739404,1.0312149,0.0044401605,0.213325,1.0281905,0.049742747,0.326033,same_direction_nominal
FGL1,Fibrinogen-like protein 1,Inflammation_II,HF,FG_HF,rs3739404,1.0004566,0.97151018,0.988726,1.01269,0.34678182,0.80061734,same_direction_not_significant
FN1,Fibronectin,Inflammation_II,AF,FG_AF,rs1250259,0.96985559,0.067749903,0.570142,0.93066368,0.002404829,0.062778694,same_direction_nominal
FN1,Fibronectin,Inflammation_II,HF,FG_HF,rs1250259,0.99243261,0.69594168,0.971009,0.97101119,0.18960733,0.61467474,same_direction_not_significant
FOLH1,Glutamate carboxypeptidase 2,Inflammation_II,AF,FG_AF,rs61886488,1.4030184,0.04351321,0.570142,0.89044318,0.31629286,0.74450363,opposite_direction_not_significant
FOLH1,Glutamate carboxypeptidase 2,Inflammation_II,HF,FG_HF,rs61886488,,,,0.98104873,0.86348772,0.97841055,not_in_primary
FOXJ3,Forkhead box protein J3,Inflammation_II,AF,FG_AF,rs1139978,1.0560653,0.57162727,0.904093,1.0609331,0.63195159,0.89066765,same_direction_not_significant
FOXJ3,Forkhead box protein J3,Inflammation_II,HF,FG_HF,rs1139978,0.97119962,0.79592792,0.971009,0.99714139,0.980523,0.99508015,same_direction_not_significant
FUOM,Fucose mutarotase,Inflammation_II,AF,FG_AF,rs11816588,1.0353955,0.40688722,0.869993,0.93925728,0.55245267,0.85378444,opposite_direction_not_significant
FUOM,Fucose mutarotase,Inflammation_II,HF,FG_HF,rs11816588,0.88828517,0.053755374,0.495811,0.9463518,0.5781578,0.8779966,same_direction_not_significant
GC,Vitamin D-binding protein,Inflammation_II,AF,FG_AF,rs1352846,1.0051709,0.40212178,0.869993,1.0110035,0.21196577,0.62244138,same_direction_not_significant
GC,Vitamin D-binding protein,Inflammation_II,HF,FG_HF,rs1352846,0.99593216,0.57328618,0.946293,1.0029578,0.72335946,0.95025355,opposite_direction_not_significant
GCHFR,GTP cyclohydrolase 1 feedback regulatory protein,Inflammation_II,AF,FG_AF,rs2289218,1.0755054,0.22668005,0.769429,1.1482813,0.075135948,0.4009264,same_direction_not_significant
GCHFR,GTP cyclohydrolase 1 feedback regulatory protein,Inflammation_II,HF,FG_HF,rs2289218,1.0506676,0.48073046,0.930125,1.0257426,0.72993267,0.95025355,same_direction_not_significant
GHR,Growth hormone receptor,Inflammation_II,AF,FG_AF,rs4073476,1.0090908,0.41462055,0.869993,1.0684673,3.9770089e-06,0.00065753214,same_direction_fdr
GHR,Growth hormone receptor,Inflammation_II,HF,FG_HF,rs4073476,1.0196028,0.13946727,0.672724,1.0365227,0.0082966588,0.34292856,same_direction_nominal
GIMAP7,GTPase IMAP family member 7,Inflammation_II,AF,FG_AF,rs3735080,1.0292641,0.02485881,0.490015,1.0300745,0.050679663,0.326033,same_direction_not_significant
GIMAP7,GTPase IMAP family member 7,Inflammation_II,HF,FG_HF,rs3735080,1.0280773,0.06486987,0.529308,1.0165952,0.25150151,0.67789317,same_direction_not_significant
GIT1,ARF GTPase-activating protein GIT1,Inflammation_II,AF,FG_AF,rs142511067,1.0682599,0.54850624,0.904093,1.2962016,0.26007953,0.70295241,same_direction_not_significant
GIT1,ARF GTPase-activating protein GIT1,Inflammation_II,HF,FG_HF,rs142511067,0.93915918,0.61245028,0.948167,0.96771264,0.8807738,0.97951526,same_direction_not_significant
GLRX5,"Glutaredoxin-related protein 5, mitochondrial",Inflammation_II,AF,FG_AF,rs179133,1.0711515,0.20809408,0.769429,1.1019433,0.14847487,0.54074562,same_direction_not_significant
GLRX5,"Glutaredoxin-related protein 5, mitochondrial",Inflammation_II,HF,FG_HF,rs179133,1.010331,0.87288107,0.972877,1.0933081,0.160078,0.5918841,same_direction_not_significant
GMPR2,GMP reductase 2,Inflammation_II,AF,FG_AF,rs199867463,0.92455281,0.17426918,0.741023,1.0982907,0.010832295,0.15802407,opposite_direction_nominal
GMPR2,GMP reductase 2,Inflammation_II,HF,FG_HF,rs199867463,,,,1.0022455,0.94941036,0.99285933,not_in_primary
GNPDA2,Glucosamine-6-phosphate isomerase 2,Inflammation_II,AF,FG_AF,rs769805766,,,,1.0110347,0.77320148,0.93869307,not_in_primary
GNPDA2,Glucosamine-6-phosphate isomerase 2,Inflammation_II,HF,FG_HF,rs769805766,,,,1.0347132,0.34654263,0.80061734,not_in_primary
GP5,Platelet glycoprotein V,Inflammation_II,AF,FG_AF,rs10638925,0.9459683,0.70252846,0.904093,1.0267318,0.72242268,0.92829443,opposite_direction_not_significant
GP5,Platelet glycoprotein V,Inflammation_II,HF,FG_HF,rs10638925,,,,1.1360718,0.069950946,0.48693802,not_in_primary
GSN,Gelsolin,Inflammation_II,AF,FG_AF,rs116185403,1.1136001,0.064422266,0.570142,1.1336323,0.45164303,0.80871821,same_direction_not_significant
GSN,Gelsolin,Inflammation_II,HF,FG_HF,rs116185403,,,,0.92620221,0.60156722,0.89067863,not_in_primary
GSR,"Glutathione reductase, mitochondrial",Inflammation_II,AF,FG_AF,rs8190982,1.1119278,0.34211225,0.859547,1.0748024,0.39762668,0.77649243,same_direction_not_significant
GSR,"Glutathione reductase, mitochondrial",Inflammation_II,HF,FG_HF,rs8190982,,,,1.1430152,0.097185891,0.52414709,not_in_primary
HEG1,Protein HEG homolog 1,Inflammation_II,AF,FG_AF,rs6438868,1.1507686,0.024448945,0.490015,1.1150563,0.18136377,0.59779998,same_direction_not_significant
HEG1,Protein HEG homolog 1,Inflammation_II,HF,FG_HF,rs6438868,1.1667216,0.035728841,0.457404,0.90068121,0.17475285,0.59667969,opposite_direction_not_significant
HGFAC,Hepatocyte growth factor activator,Inflammation_II,AF,FG_AF,rs4690097,0.9921581,0.60759216,0.904093,1.0059467,0.77534207,0.93869307,opposite_direction_not_significant
HGFAC,Hepatocyte growth factor activator,Inflammation_II,HF,FG_HF,rs4690097,1.0008291,0.963745,0.988726,0.96469198,0.068777124,0.48693802,opposite_direction_not_significant
HMCN2,Hemicentin-2,Inflammation_II,AF,FG_AF,rs6415851,0.96520963,0.00097200296,0.0792182,1.0112307,0.4199607,0.78242304,opposite_direction_not_significant
HMCN2,Hemicentin-2,Inflammation_II,HF,FG_HF,rs6415851,1.001764,0.88784969,0.974199,0.99763316,0.85631871,0.97841055,opposite_direction_not_significant
HRG,Histidine-rich glycoprotein,Inflammation_II,AF,FG_AF,rs9898,1.0309925,0.031167345,0.564475,1.0224986,0.24544528,0.68393741,same_direction_not_significant
HRG,Histidine-rich glycoprotein,Inflammation_II,HF,FG_HF,rs9898,1.0357338,0.036149832,0.457404,0.98318719,0.35090589,0.80272919,opposite_direction_not_significant
IDO1,"Indoleamine 2,3-dioxygenase 1",Inflammation_II,AF,FG_AF,rs7010461,0.92885478,0.010772292,0.329228,1.0600306,0.09552652,0.44699202,opposite_direction_not_significant
IDO1,"Indoleamine 2,3-dioxygenase 1",Inflammation_II,HF,FG_HF,rs7010461,0.97534626,0.42771755,0.91207,0.97091463,0.37305079,0.80407877,same_direction_not_significant
IGLC2,Immunoglobulin lambda constant 2,Inflammation_II,AF,FG_AF,rs2856876,1.0332904,0.4665185,0.892952,1.0635516,0.21050886,0.62244138,same_direction_not_significant
IGLC2,Immunoglobulin lambda constant 2,Inflammation_II,HF,FG_HF,rs2856876,1.0092117,0.85992425,0.971009,0.97892446,0.64618992,0.92366052,opposite_direction_not_significant
IL20RB,Interleukin-20 receptor subunit beta,Inflammation_II,AF,FG_AF,3:136979649:CTG:C,,,,1.1191679,0.13529729,0.52840516,not_in_primary
IL20RB,Interleukin-20 receptor subunit beta,Inflammation_II,HF,FG_HF,3:136979649:CTG:C,,,,1.0991347,0.18495682,0.60754028,not_in_primary
IL31RA,Interleukin-31 receptor subunit alpha,Inflammation_II,AF,FG_AF,rs161651,0.99037501,0.39687127,0.869993,0.98085137,0.19689129,0.59779998,same_direction_not_significant
IL31RA,Interleukin-31 receptor subunit alpha,Inflammation_II,HF,FG_HF,rs161651,1.0151764,0.25807513,0.841464,0.97758572,0.11004381,0.5458173,opposite_direction_not_significant
IL36A,Interleukin-36 alpha,Inflammation_II,AF,FG_AF,rs895497,1.107789,0.38711296,0.869993,1.2162923,0.24531234,0.68393741,same_direction_not_significant
IL36A,Interleukin-36 alpha,Inflammation_II,HF,FG_HF,rs895497,1.0508334,0.72159956,0.971009,1.1391206,0.41387194,0.80407877,same_direction_not_significant
IL36G,Interleukin-36 gamma,Inflammation_II,AF,FG_AF,rs13410389,1.0084772,0.9212168,0.986349,1.3564191,0.044680804,0.30954276,same_direction_nominal
IL36G,Interleukin-36 gamma,Inflammation_II,HF,FG_HF,rs13410389,0.8422803,0.093171713,0.606285,1.0012489,0.99307394,0.99508015,opposite_direction_not_significant
INHBB,Inhibin beta B chain,Inflammation_II,AF,FG_AF,rs17050272,1.0079862,0.67427372,0.904093,0.99125305,0.71142046,0.92372918,opposite_direction_not_significant
INHBB,Inhibin beta B chain,Inflammation_II,HF,FG_HF,rs17050272,0.9435082,0.0097275718,0.306793,0.94138018,0.0071280274,0.34292856,same_direction_nominal
ITGA2,Integrin alpha-2,Inflammation_II,AF,FG_AF,rs755331637,,,,1.0234216,0.47001479,0.82817202,not_in_primary
ITGA2,Integrin alpha-2,Inflammation_II,HF,FG_HF,rs755331637,,,,0.99464635,0.85968941,0.97841055,not_in_primary
ITGAL,Integrin alpha-L,Inflammation_II,AF,FG_AF,rs11574938,1.0585919,0.1840598,0.750044,1.1300004,0.029455892,0.27460589,same_direction_nominal
ITGAL,Integrin alpha-L,Inflammation_II,HF,FG_HF,rs11574938,1.1741946,0.0014869666,0.121931,1.0628412,0.25085912,0.67789317,same_direction_not_significant
ITIH1,Inter-alpha-trypsin inhibitor heavy chain H1,Inflammation_II,AF,FG_AF,rs678,0.91081759,0.057623572,0.570142,0.90323419,0.1082955,0.48066474,same_direction_not_significant
ITIH1,Inter-alpha-trypsin inhibitor heavy chain H1,Inflammation_II,HF,FG_HF,rs678,0.87204861,0.043274317,0.468736,1.0362346,0.55271502,0.87288527,opposite_direction_not_significant
ITIH4,Inter-alpha-trypsin inhibitor heavy chain H4,Inflammation_II,AF,FG_AF,rs2710331,1.045403,0.1108906,0.653319,1.0536127,0.14438673,0.54074562,same_direction_not_significant
ITIH4,Inter-alpha-trypsin inhibitor heavy chain H4,Inflammation_II,HF,FG_HF,rs2710331,1.0445594,0.1878141,0.778673,0.9855816,0.66771787,0.93256356,opposite_direction_not_significant
JAM3,Junctional adhesion molecule C,Inflammation_II,AF,FG_AF,rs94499,0.94257484,0.35545995,0.869993,0.99744105,0.97350318,0.99322132,same_direction_not_significant
JAM3,Junctional adhesion molecule C,Inflammation_II,HF,FG_HF,rs94499,0.98472527,0.83811823,0.971009,1.0354263,0.63349381,0.91290085,opposite_direction_not_significant
KLK7,Kallikrein-7,Inflammation_II,AF,FG_AF,rs1991821,0.99310245,0.70323858,0.904093,0.9647332,0.074207862,0.4009264,same_direction_not_significant
KLK7,Kallikrein-7,Inflammation_II,HF,FG_HF,rs1991821,0.98058028,0.34494258,0.856601,0.98680113,0.48558919,0.85106798,same_direction_not_significant
KLKB1,Plasma kallikrein,Inflammation_II,AF,FG_AF,rs4253306,0.99414539,0.76417716,0.920401,1.0080949,0.72708942,0.93012827,opposite_direction_not_significant
KLKB1,Plasma kallikrein,Inflammation_II,HF,FG_HF,rs4253306,1.0303441,0.20653244,0.800798,1.0168761,0.44660931,0.82867494,same_direction_not_significant
KLRF1,Killer cell lectin-like receptor subfamily F member 1,Inflammation_II,AF,FG_AF,rs146460124,1.0693019,0.089327594,0.614454,1.0347231,0.64123398,0.89340465,same_direction_not_significant
KLRF1,Killer cell lectin-like receptor subfamily F member 1,Inflammation_II,HF,FG_HF,rs146460124,,,,0.98409981,0.81236713,0.96165655,not_in_primary
LATS1,Serine/threonine-protein kinase LATS1,Inflammation_II,AF,FG_AF,6:149735975:TAA:T,,,,,,,not_in_primary
LATS1,Serine/threonine-protein kinase LATS1,Inflammation_II,HF,FG_HF,6:149735975:TAA:T,,,,,,,not_in_primary
LCAT,Phosphatidylcholine-sterol acyltransferase,Inflammation_II,AF,FG_AF,rs4986970,0.97544863,0.69573137,0.904093,1.2421833,0.0068743505,0.12453787,opposite_direction_nominal
LCAT,Phosphatidylcholine-sterol acyltransferase,Inflammation_II,HF,FG_HF,rs4986970,1.0673017,0.4076705,0.889069,0.92351971,0.29787926,0.75140314,opposite_direction_not_significant
LEG1,Protein LEG1 homolog,Inflammation_II,AF,FG_AF,rs1550942,1.0176325,0.3319721,0.858912,1.0492926,0.039132399,0.28969657,same_direction_nominal
LEG1,Protein LEG1 homolog,Inflammation_II,HF,FG_HF,rs1550942,0.98505415,0.47278891,0.927481,0.99014193,0.65408003,0.92458022,same_direction_not_significant
LGALS3BP,Galectin-3-binding protein,Inflammation_II,AF,FG_AF,rs111526614,0.89213514,0.072379874,0.570142,0.9001376,0.27980447,0.70846316,same_direction_not_significant
LGALS3BP,Galectin-3-binding protein,Inflammation_II,HF,FG_HF,rs111526614,0.87392789,0.098838628,0.606285,0.97013948,0.7415307,0.95077843,same_direction_not_significant
LMOD1,Leiomodin-1,Inflammation_II,AF,FG_AF,1:201917641:TA:T,,,,0.83105773,9.2209787e-05,0.0058702344,not_in_primary
LMOD1,Leiomodin-1,Inflammation_II,HF,FG_HF,1:201917641:TA:T,,,,0.88580693,0.0068847823,0.34292856,not_in_primary
LPA,Apolipoprotein(a),Inflammation_II,AF,FG_AF,rs56393506,1.0347384,0.0062032059,0.216669,1.0654534,1.4939924e-05,0.0014820405,same_direction_fdr
LPA,Apolipoprotein(a),Inflammation_II,HF,FG_HF,rs56393506,1.0797214,1.1017337e-07,2.25855e-05,1.0301798,0.031800502,0.45693594,same_direction_nominal
LRG1,Leucine-rich alpha-2-glycoprotein,Inflammation_II,AF,FG_AF,rs8105192,0.97025865,0.020609184,0.471288,0.9907708,0.55572747,0.85602741,same_direction_not_significant
LRG1,Leucine-rich alpha-2-glycoprotein,Inflammation_II,HF,FG_HF,rs8105192,0.98001447,0.21432577,0.80618,1.0128262,0.39176969,0.80407877,opposite_direction_not_significant
LRIG3,Leucine-rich repeats and immunoglobulin-like domains protein 3,Inflammation_II,AF,FG_AF,rs11172841,0.83731062,0.059788111,0.570142,1.2787912,0.044602549,0.30954276,opposite_direction_nominal
LRIG3,Leucine-rich repeats and immunoglobulin-like domains protein 3,Inflammation_II,HF,FG_HF,rs11172841,0.95446,0.65501333,0.958188,1.1408974,0.2586295,0.68599055,opposite_direction_not_significant
LYVE1,Lymphatic vessel endothelial hyaluronic acid receptor 1,Inflammation_II,AF,FG_AF,rs7119709,1.0569967,0.46747608,0.892952,1.021004,0.66569752,0.90214746,same_direction_not_significant
LYVE1,Lymphatic vessel endothelial hyaluronic acid receptor 1,Inflammation_II,HF,FG_HF,rs7119709,0.97461215,0.74435857,0.971009,0.97073487,0.51256123,0.86079772,same_direction_not_significant
LZTFL1,Leucine zipper transcription factor-like protein 1,Inflammation_II,AF,FG_AF,rs1129183,1.018949,0.67944314,0.904093,0.95893795,0.3818296,0.77181199,opposite_direction_not_significant
LZTFL1,Leucine zipper transcription factor-like protein 1,Inflammation_II,HF,FG_HF,rs1129183,1.003008,0.9544314,0.988726,1.0072549,0.87378543,0.97841055,same_direction_not_significant
MBL2,Mannose-binding protein C,Inflammation_II,AF,FG_AF,rs7899547,0.9947667,0.4928933,0.904093,1.0171827,0.089859779,0.44362655,opposite_direction_not_significant
MBL2,Mannose-binding protein C,Inflammation_II,HF,FG_HF,rs7899547,0.9972709,0.76325832,0.971009,1.0111518,0.24263866,0.67789317,opposite_direction_not_significant
MCEMP1,Mast cell-expressed membrane protein 1,Inflammation_II,AF,FG_AF,rs141879681,0.99881356,0.9726585,0.995872,1.0152642,0.68367487,0.91228272,opposite_direction_not_significant
MCEMP1,Mast cell-expressed membrane protein 1,Inflammation_II,HF,FG_HF,rs141879681,,,,1.0036579,0.91679055,0.98952555,not_in_primary
MDH1,"Malate dehydrogenase, cytoplasmic",Inflammation_II,AF,FG_AF,rs71422399,1.0747684,0.39136594,0.869993,1.03796,0.76009202,0.93869307,same_direction_not_significant
MDH1,"Malate dehydrogenase, cytoplasmic",Inflammation_II,HF,FG_HF,rs71422399,1.1301613,0.20823738,0.800798,1.0753229,0.53044162,0.86261981,same_direction_not_significant
MENT,Protein MENT,Inflammation_II,AF,FG_AF,1:151048273:TAGTC:T,,,,0.99042694,0.61447689,0.88424105,not_in_primary
MENT,Protein MENT,Inflammation_II,HF,FG_HF,1:151048273:TAGTC:T,,,,0.98229651,0.32837085,0.78441735,not_in_primary
MFAP4,Microfibril-associated glycoprotein 4,Inflammation_II,AF,FG_AF,rs139356332,1.0168983,0.64795587,0.904093,1.1017629,0.025992356,0.2527884,same_direction_nominal
MFAP4,Microfibril-associated glycoprotein 4,Inflammation_II,HF,FG_HF,rs139356332,1.0054157,0.8955276,0.976506,1.0825668,0.052109132,0.46530654,same_direction_not_significant
MOCS2,Molybdopterin synthase catalytic subunit,Inflammation_II,AF,FG_AF,rs6880055,0.99666163,0.83032426,0.944252,0.97406068,0.18477056,0.59779998,same_direction_not_significant
MOCS2,Molybdopterin synthase catalytic subunit,Inflammation_II,HF,FG_HF,rs6880055,0.99933143,0.97081561,0.988726,0.96832064,0.085837439,0.52397098,same_direction_not_significant
MRC1,Macrophage mannose receptor 1,Inflammation_II,AF,FG_AF,rs74118031,1.0562549,0.25135731,0.803668,1.0057808,0.86898185,0.95521594,same_direction_not_significant
MRC1,Macrophage mannose receptor 1,Inflammation_II,HF,FG_HF,rs74118031,,,,0.93122924,0.031035028,0.45693594,not_in_primary
MST1,Hepatocyte growth factor-like protein,Inflammation_II,AF,FG_AF,rs11130213,1.0027642,0.68711171,0.904093,0.99874139,0.87997284,0.95521594,opposite_direction_not_significant
MST1,Hepatocyte growth factor-like protein,Inflammation_II,HF,FG_HF,rs11130213,1.0156362,0.058046202,0.495811,1.0034549,0.66256598,0.92974417,same_direction_not_significant
MXRA8,Matrix remodeling-associated protein 8,Inflammation_II,AF,FG_AF,rs200138692,0.69470495,0.030529037,0.564475,,,,not_matched_in_finngen
MXRA8,Matrix remodeling-associated protein 8,Inflammation_II,HF,FG_HF,rs200138692,,,,,,,not_in_primary
MYOM3,Myomesin-3,Inflammation_II,AF,FG_AF,rs6700245,1.0480074,0.60622888,0.904093,0.96440752,0.74926314,0.938471,opposite_direction_not_significant
MYOM3,Myomesin-3,Inflammation_II,HF,FG_HF,rs6700245,1.0829775,0.4598278,0.914221,1.0710786,0.5244383,0.86079772,same_direction_not_significant
NAGA,Alpha-N-acetylgalactosaminidase,Inflammation_II,AF,FG_AF,rs121434529,0.96581328,0.48334384,0.904093,0.99530974,0.95365694,0.99257276,same_direction_not_significant
NAGA,Alpha-N-acetylgalactosaminidase,Inflammation_II,HF,FG_HF,rs121434529,,,,1.1462921,0.082098864,0.5195401,not_in_primary
NAGPA,N-acetylglucosamine-1-phosphodiester alpha-N-acetylglucosaminidase,Inflammation_II,AF,FG_AF,rs12599777,0.98765182,0.55316559,0.904093,1.0066296,0.82492979,0.94748939,opposite_direction_not_significant
NAGPA,N-acetylglucosamine-1-phosphodiester alpha-N-acetylglucosaminidase,Inflammation_II,HF,FG_HF,rs12599777,0.95058782,0.043443847,0.468736,0.99243573,0.78812564,0.95934549,same_direction_not_significant
NEXN,Nexilin,Inflammation_II,AF,FG_AF,rs71590706,,,,,,,not_in_primary
NEXN,Nexilin,Inflammation_II,HF,FG_HF,rs71590706,,,,,,,not_in_primary
NHLRC3,NHL repeat-containing protein 3,Inflammation_II,AF,FG_AF,rs149175958,0.96416989,0.16432218,0.727416,1.0361543,0.70652403,0.92299091,opposite_direction_not_significant
NHLRC3,NHL repeat-containing protein 3,Inflammation_II,HF,FG_HF,rs149175958,,,,0.88977536,0.20504401,0.64778235,not_in_primary
NPHS1,Nephrin,Inflammation_II,AF,FG_AF,rs200857931,,,,1.0105387,0.59230892,0.87763375,not_in_primary
NPHS1,Nephrin,Inflammation_II,HF,FG_HF,rs200857931,,,,1.0098778,0.59399155,0.89023484,not_in_primary
NUMB,Protein numb homolog,Inflammation_II,AF,FG_AF,rs7141139,0.84127374,0.050059003,0.570142,1.0232963,0.85484802,0.950683,opposite_direction_not_significant
NUMB,Protein numb homolog,Inflammation_II,HF,FG_HF,rs7141139,0.81949916,0.10157722,0.607042,1.0956835,0.44167775,0.82854082,opposite_direction_not_significant
NXPH3,Neurexophilin-3,Inflammation_II,AF,FG_AF,rs147028083,0.99189182,0.71247474,0.904093,1.0038657,0.94241489,0.98824056,opposite_direction_not_significant
NXPH3,Neurexophilin-3,Inflammation_II,HF,FG_HF,rs147028083,,,,0.99661035,0.94842854,0.99285933,not_in_primary
OLFM4,Olfactomedin-4,Inflammation_II,AF,FG_AF,rs17552047,1.000233,0.97900546,0.995872,1.028491,0.0098081024,0.1531011,same_direction_nominal
OLFM4,Olfactomedin-4,Inflammation_II,HF,FG_HF,rs17552047,0.99535212,0.6602555,0.958188,0.9976601,0.81993811,0.96437932,same_direction_not_significant
ORM1,Alpha-1-acid glycoprotein 1,Inflammation_II,AF,FG_AF,rs10982156,0.98525599,0.42202114,0.869993,,,,not_matched_in_finngen
ORM1,Alpha-1-acid glycoprotein 1,Inflammation_II,HF,FG_HF,rs10982156,1.0126374,0.55861115,0.946293,,,,not_matched_in_finngen
PAXX,Protein PAXX,Inflammation_II,AF,FG_AF,9:136998671:C:T,,,,0.92622174,0.1622752,0.56285664,not_in_primary
PAXX,Protein PAXX,Inflammation_II,HF,FG_HF,9:136998671:C:T,,,,1.0173726,0.73948656,0.95077843,not_in_primary
PCBD1,Pterin-4-alpha-carbinolamine dehydratase,Inflammation_II,AF,FG_AF,rs2630336,1.030796,0.43203489,0.87326,1.0027028,0.95676877,0.99257276,same_direction_not_significant
PCBD1,Pterin-4-alpha-carbinolamine dehydratase,Inflammation_II,HF,FG_HF,rs2630336,1.0044216,0.92228091,0.988165,1.1069172,0.031344291,0.45693594,same_direction_nominal
PDE5A,"cGMP-specific 3',5'-cyclic phosphodiesterase",Inflammation_II,AF,FG_AF,rs58583086,0.96761038,0.4444467,0.883473,0.94651742,0.33289937,0.75396387,same_direction_not_significant
PDE5A,"cGMP-specific 3',5'-cyclic phosphodiesterase",Inflammation_II,HF,FG_HF,rs58583086,1.017243,0.73888268,0.971009,0.96370815,0.49335459,0.85262675,opposite_direction_not_significant
PDIA3,Protein disulfide-isomerase A3,Inflammation_II,AF,FG_AF,rs59162344,,,,,,,not_in_primary
PDIA3,Protein disulfide-isomerase A3,Inflammation_II,HF,FG_HF,rs59162344,,,,,,,not_in_primary
PDZK1,Na(+)/H(+) exchange regulatory cofactor NHE-RF3,Inflammation_II,AF,FG_AF,rs1471633,1.0126479,0.84791389,0.955368,1.1403981,0.092742946,0.44362655,same_direction_not_significant
PDZK1,Na(+)/H(+) exchange regulatory cofactor NHE-RF3,Inflammation_II,HF,FG_HF,rs1471633,1.0263768,0.7525966,0.971009,1.2333814,0.00476672,0.34292856,same_direction_nominal
PENK,Proenkephalin-A,Inflammation_II,AF,FG_AF,rs2576575,0.99800561,0.92756483,0.986349,1.0175089,0.54573865,0.851215,opposite_direction_not_significant
PENK,Proenkephalin-A,Inflammation_II,HF,FG_HF,rs2576575,0.96824046,0.21950399,0.808653,0.96794187,0.23062672,0.6749748,same_direction_not_significant
PEPD,Xaa-Pro dipeptidase,Inflammation_II,AF,FG_AF,rs17569,1.0258988,0.17082266,0.732739,1.0279481,0.27865194,0.70846316,same_direction_not_significant
PEPD,Xaa-Pro dipeptidase,Inflammation_II,HF,FG_HF,rs17569,1.0151301,0.49322707,0.944968,1.0148293,0.54098458,0.86793362,same_direction_not_significant
PER3,Period circadian protein homolog 3,Inflammation_II,AF,FG_AF,rs228647,0.99246371,0.67601259,0.904093,1.0277945,0.24142225,0.68393741,opposite_direction_not_significant
PER3,Period circadian protein homolog 3,Inflammation_II,HF,FG_HF,rs228647,0.98791585,0.56893529,0.946293,0.99902314,0.96484245,0.99508015,same_direction_not_significant
PF4,Platelet factor 4,Inflammation_II,AF,FG_AF,rs11574452,1.1302167,0.15742266,0.717809,1.2181385,0.08816733,0.44182848,same_direction_not_significant
PF4,Platelet factor 4,Inflammation_II,HF,FG_HF,rs11574452,1.0478855,0.65596017,0.958188,1.1010667,0.38196955,0.80407877,same_direction_not_significant
PGA4,Pepsin A-4,Inflammation_II,AF,FG_AF,rs4414241,0.86785472,0.28118109,0.825746,,,,not_matched_in_finngen
PGA4,Pepsin A-4,Inflammation_II,HF,FG_HF,rs4414241,,,,,,,not_in_primary
PGLYRP2,N-acetylmuramoyl-L-alanine amidase,Inflammation_II,AF,FG_AF,rs34440547,0.99216626,0.32794532,0.858912,0.99509784,0.59649195,0.87763375,same_direction_not_significant
PGLYRP2,N-acetylmuramoyl-L-alanine amidase,Inflammation_II,HF,FG_HF,rs34440547,1.0076314,0.4532547,0.914221,1.0122257,0.1649278,0.5918841,same_direction_not_significant
PHYKPL,5-phosphohydroxy-L-lysine phospho-lyase,Inflammation_II,AF,FG_AF,rs142181517,0.98761161,0.5619762,0.904093,0.9849571,0.65477122,0.89963026,same_direction_not_significant
PHYKPL,5-phosphohydroxy-L-lysine phospho-lyase,Inflammation_II,HF,FG_HF,rs142181517,,,,1.0472778,0.15902263,0.5918841,not_in_primary
PI16,Peptidase inhibitor 16,Inflammation_II,AF,FG_AF,rs62406524,1.0299748,0.27771351,0.823042,1.0224347,0.49219392,0.8284272,same_direction_not_significant
PI16,Peptidase inhibitor 16,Inflammation_II,HF,FG_HF,rs62406524,1.0306936,0.3319721,0.854294,1.0147203,0.63205568,0.91290085,same_direction_not_significant
PINLYP,phospholipase A2 inhibitor and Ly6/PLAUR domain-containing protein,Inflammation_II,AF,FG_AF,rs3213276,1.0011746,0.89470513,0.984187,0.97591559,0.031411657,0.27700721,opposite_direction_nominal
PINLYP,phospholipase A2 inhibitor and Ly6/PLAUR domain-containing protein,Inflammation_II,HF,FG_HF,rs3213276,1.004969,0.63478697,0.957279,0.97078696,0.0056179673,0.34292856,opposite_direction_nominal
PLG,Plasminogen,Inflammation_II,AF,FG_AF,rs73015965,0.96631243,0.15579559,0.717809,0.99891336,0.98601862,0.99913729,same_direction_not_significant
PLG,Plasminogen,Inflammation_II,HF,FG_HF,rs73015965,,,,0.98604408,0.81119171,0.96165655,not_in_primary
PON1,Serum paraoxonase/arylesterase 1,Inflammation_II,AF,FG_AF,rs705379,1.0041054,0.67527539,0.904093,0.99762729,0.8416744,0.94748939,opposite_direction_not_significant
PON1,Serum paraoxonase/arylesterase 1,Inflammation_II,HF,FG_HF,rs705379,1.0023817,0.84488242,0.971009,0.99973413,0.98115366,0.99508015,opposite_direction_not_significant
PPBP,Platelet basic protein,Inflammation_II,AF,FG_AF,rs202224981,1.0514618,0.6780341,0.904093,,,,not_matched_in_finngen
PPBP,Platelet basic protein,Inflammation_II,HF,FG_HF,rs202224981,,,,,,,not_in_primary
PPL,Periplakin,Inflammation_II,AF,FG_AF,rs61499243,1.0472274,0.57032863,0.904093,,,,not_matched_in_finngen
PPL,Periplakin,Inflammation_II,HF,FG_HF,rs61499243,1.1047476,0.29176226,0.842129,,,,not_matched_in_finngen
PRDX2,Peroxiredoxin-2,Inflammation_II,AF,FG_AF,19:12800438:CA:C,,,,0.98702869,0.77250668,0.93869307,not_in_primary
PRDX2,Peroxiredoxin-2,Inflammation_II,HF,FG_HF,19:12800438:CA:C,,,,0.93619844,0.120329,0.55262207,not_in_primary
PRKG1,cGMP-dependent protein kinase 1,Inflammation_II,AF,FG_AF,rs1937682,0.9296456,0.038929145,0.570142,0.94062285,0.18783774,0.59779998,same_direction_not_significant
PRKG1,cGMP-dependent protein kinase 1,Inflammation_II,HF,FG_HF,rs1937682,0.98091419,0.64441233,0.957279,0.92037866,0.059535488,0.46530654,same_direction_not_significant
PROS1,Vitamin K-dependent protein S,Inflammation_II,AF,FG_AF,rs528128538,0.96794583,0.71521228,0.904093,0.99352669,0.96361961,0.99257276,same_direction_not_significant
PROS1,Vitamin K-dependent protein S,Inflammation_II,HF,FG_HF,rs528128538,,,,0.89871688,0.41807468,0.80407877,not_in_primary
PRR4,Proline-rich protein 4,Inflammation_II,AF,FG_AF,rs1063193,0.9977036,0.78819386,0.922471,0.99792668,0.85472258,0.950683,same_direction_not_significant
PRR4,Proline-rich protein 4,Inflammation_II,HF,FG_HF,rs1063193,1.0089808,0.38157391,0.873996,1.0172311,0.11156749,0.5466802,same_direction_not_significant
PRSS22,Brain-specific serine protease 4,Inflammation_II,AF,FG_AF,rs8046218,0.95007709,0.068467458,0.570142,0.98517392,0.68870414,0.91228272,same_direction_not_significant
PRSS22,Brain-specific serine protease 4,Inflammation_II,HF,FG_HF,rs8046218,0.98433676,0.63354429,0.957279,1.0479219,0.18383536,0.60754028,opposite_direction_not_significant
PSMG4,Proteasome assembly chaperone 4,Inflammation_II,AF,FG_AF,6:3263148:TG:T,,,,0.98414262,0.80389724,0.94748939,not_in_primary
PSMG4,Proteasome assembly chaperone 4,Inflammation_II,HF,FG_HF,6:3263148:TG:T,,,,0.96364289,0.54230617,0.86793362,not_in_primary
PSTPIP2,Proline-serine-threonine phosphatase-interacting protein 2,Inflammation_II,AF,FG_AF,rs72642432,1.0373828,0.39702925,0.869993,0.94485751,0.3286767,0.75126103,opposite_direction_not_significant
PSTPIP2,Proline-serine-threonine phosphatase-interacting protein 2,Inflammation_II,HF,FG_HF,rs72642432,1.0187451,0.71961427,0.971009,1.0148129,0.78821657,0.95934549,same_direction_not_significant
PTGES2,Prostaglandin E synthase 2,Inflammation_II,AF,FG_AF,rs13283456,1.1213347,0.21232747,0.769429,0.88667791,0.41156422,0.78212971,opposite_direction_not_significant
PTGES2,Prostaglandin E synthase 2,Inflammation_II,HF,FG_HF,rs13283456,1.1880286,0.12896857,0.669331,0.99217334,0.95482641,0.99285933,opposite_direction_not_significant
PTRHD1,Putative peptidyl-tRNA hydrolase PTRHD1,Inflammation_II,AF,FG_AF,rs138426814,1.0414358,0.80237925,0.929771,,,,not_matched_in_finngen
PTRHD1,Putative peptidyl-tRNA hydrolase PTRHD1,Inflammation_II,HF,FG_HF,rs138426814,,,,,,,not_in_primary
PZP,Pregnancy zone protein,Inflammation_II,AF,FG_AF,rs7311982,1.0252155,0.25554401,0.80452,1.0093834,0.75196291,0.93869307,same_direction_not_significant
PZP,Pregnancy zone protein,Inflammation_II,HF,FG_HF,rs7311982,1.0441518,0.094048359,0.606285,1.0338679,0.23350495,0.67730091,same_direction_not_significant
QSOX1,Sulfhydryl oxidase 1,Inflammation_II,AF,FG_AF,rs12371,0.99476614,0.62613114,0.904093,0.98088546,0.19363986,0.59779998,same_direction_not_significant
QSOX1,Sulfhydryl oxidase 1,Inflammation_II,HF,FG_HF,rs12371,1.0055391,0.66372023,0.958188,1.0206209,0.14808453,0.5918841,same_direction_not_significant
RABEP1,Rab GTPase-binding effector protein 1,Inflammation_II,AF,FG_AF,17:5298656:AT:A,,,,2.2005971e-06,0.12907263,0.51746632,not_in_primary
RABEP1,Rab GTPase-binding effector protein 1,Inflammation_II,HF,FG_HF,17:5298656:AT:A,,,,0.0068288625,0.56981578,0.87533799,not_in_primary
RALB,Ras-related protein Ral-B,Inflammation_II,AF,FG_AF,rs148102406,,,,0.9388565,0.40219861,0.77673866,not_in_primary
RALB,Ras-related protein Ral-B,Inflammation_II,HF,FG_HF,rs148102406,,,,0.92396209,0.2678489,0.70292621,not_in_primary
RIDA,2-iminobutanoate/2-iminopropanoate deaminase,Inflammation_II,AF,FG_AF,rs77539382,1.0022067,0.96676443,0.995872,1.022973,0.43443954,0.78971494,same_direction_not_significant
RIDA,2-iminobutanoate/2-iminopropanoate deaminase,Inflammation_II,HF,FG_HF,rs77539382,,,,1.0181285,0.51361277,0.86079772,not_in_primary
RLN2,Prorelaxin H2,Inflammation_II,AF,FG_AF,rs2273782,1.0612304,0.22815381,0.769429,0.90445994,0.1514263,0.54074562,opposite_direction_not_significant
RLN2,Prorelaxin H2,Inflammation_II,HF,FG_HF,rs2273782,1.0314638,0.6021741,0.946293,1.0858662,0.21320682,0.64791367,same_direction_not_significant
RNASE1,Ribonuclease pancreatic,Inflammation_II,AF,FG_AF,rs17254387,0.97318588,0.41896442,0.869993,1.0393138,0.39185784,0.77649243,opposite_direction_not_significant
RNASE1,Ribonuclease pancreatic,Inflammation_II,HF,FG_HF,rs17254387,0.96337248,0.35183573,0.858647,1.0741404,0.093206357,0.52414709,opposite_direction_not_significant
RNASE4,Ribonuclease 4,Inflammation_II,AF,FG_AF,rs12588573,1.0090816,0.67997298,0.904093,1.0136129,0.62489979,0.89066177,same_direction_not_significant
RNASE4,Ribonuclease 4,Inflammation_II,HF,FG_HF,rs12588573,0.97457674,0.32749764,0.854025,1.0042651,0.87047169,0.97841055,opposite_direction_not_significant
RNASE6,Ribonuclease K6,Inflammation_II,AF,FG_AF,rs1045922,1.0326618,0.063290832,0.570142,0.9936294,0.77637342,0.93869307,opposite_direction_not_significant
RNASE6,Ribonuclease K6,Inflammation_II,HF,FG_HF,rs1045922,1.0038281,0.85180711,0.971009,1.000234,0.99123247,0.99508015,same_direction_not_significant
RPA2,Replication protein A 32 kDa subunit,Inflammation_II,AF,FG_AF,rs17185038,1.1017164,0.21876689,0.769429,0.88309541,0.25219687,0.6911367,opposite_direction_not_significant
RPA2,Replication protein A 32 kDa subunit,Inflammation_II,HF,FG_HF,rs17185038,1.1312105,0.19395454,0.782751,0.95255248,0.63498144,0.91290085,opposite_direction_not_significant
S100A13,Protein S100-A13,Inflammation_II,AF,FG_AF,rs114678888,1.0419619,0.26831474,0.810461,1.0196219,0.75377662,0.93869307,same_direction_not_significant
S100A13,Protein S100-A13,Inflammation_II,HF,FG_HF,rs114678888,0.99841265,0.97003955,0.988726,0.87418924,0.020997539,0.45693594,same_direction_nominal
SAA4,Serum amyloid A-4 protein,Inflammation_II,AF,FG_AF,rs7117890,0.98797881,0.51136328,0.904093,0.97092333,0.24065709,0.68393741,same_direction_not_significant
SAA4,Serum amyloid A-4 protein,Inflammation_II,HF,FG_HF,rs7117890,0.99670706,0.87926681,0.974199,1.0008924,0.97009325,0.99508015,opposite_direction_not_significant
SCGB3A1,Secretoglobin family 3A member 1,Inflammation_II,AF,FG_AF,rs307802,1.0702764,0.25309791,0.803668,1.0783634,0.32740656,0.75126103,same_direction_not_significant
SCGB3A1,Secretoglobin family 3A member 1,Inflammation_II,HF,FG_HF,rs307802,1.1233415,0.094774683,0.606285,1.0817858,0.28211383,0.72128072,same_direction_not_significant
SDK2,Protein sidekick-2,Inflammation_II,AF,FG_AF,rs11655934,1.0038641,0.78651922,0.922471,1.0197194,0.28708562,0.71719951,same_direction_not_significant
SDK2,Protein sidekick-2,Inflammation_II,HF,FG_HF,rs11655934,0.98571482,0.39066772,0.876831,0.97282015,0.11320929,0.5466802,same_direction_not_significant
SELENOP,Selenoprotein P,Inflammation_II,AF,FG_AF,rs10038285,1.0753085,0.32372005,0.857964,1.4643104,3.4647365e-05,0.0028641822,same_direction_fdr
SELENOP,Selenoprotein P,Inflammation_II,HF,FG_HF,rs10038285,1.1286392,0.16486654,0.751059,1.218337,0.023340974,0.45693594,same_direction_nominal
SELL,L-selectin,Inflammation_II,AF,FG_AF,rs2223286,1.0362959,0.0440212,0.570142,0.99994118,0.99805825,0.99913729,opposite_direction_not_significant
SELL,L-selectin,Inflammation_II,HF,FG_HF,rs2223286,0.99094367,0.66334895,0.958188,0.96461168,0.11601048,0.5466802,same_direction_not_significant
SEMA6C,Semaphorin-6C,Inflammation_II,AF,FG_AF,rs758673791,,,,0.79493143,0.0099551997,0.1531011,not_in_primary
SEMA6C,Semaphorin-6C,Inflammation_II,HF,FG_HF,rs758673791,,,,0.8924296,0.17692757,0.59667969,not_in_primary
SERPINA1,Alpha-1-antitrypsin,Inflammation_II,AF,FG_AF,rs17580,1.0267975,0.57158802,0.904093,0.97491504,0.834578,0.94748939,opposite_direction_not_significant
SERPINA1,Alpha-1-antitrypsin,Inflammation_II,HF,FG_HF,rs17580,0.9684541,0.54850624,0.946293,1.045084,0.70043871,0.94406957,opposite_direction_not_significant
SERPINA3,Alpha-1-antichymotrypsin,Inflammation_II,AF,FG_AF,rs61976127,0.97505446,0.19399521,0.763048,0.99632904,0.8931136,0.96068994,same_direction_not_significant
SERPINA3,Alpha-1-antichymotrypsin,Inflammation_II,HF,FG_HF,rs61976127,0.97005378,0.17813015,0.778673,1.0392915,0.13718732,0.5918841,opposite_direction_not_significant
SERPINA4,Kallistatin,Inflammation_II,AF,FG_AF,rs5511,1.0169877,0.18802114,0.753626,0.98275696,0.26855821,0.70846316,opposite_direction_not_significant
SERPINA4,Kallistatin,Inflammation_II,HF,FG_HF,rs5511,1.0042201,0.77980751,0.971009,1.0031349,0.83272013,0.97361889,same_direction_not_significant
SERPINA5,Plasma serine protease inhibitor,Inflammation_II,AF,FG_AF,rs1130267,0.98124957,0.57628216,0.904093,1.0101685,0.81459679,0.94748939,opposite_direction_not_significant
SERPINA5,Plasma serine protease inhibitor,Inflammation_II,HF,FG_HF,rs1130267,0.99503121,0.89927102,0.977987,0.9886371,0.7795339,0.95934549,same_direction_not_significant
SERPINA6,Corticosteroid-binding globulin,Inflammation_II,AF,FG_AF,14:94363079:CCACGCAGCCACACACA:C,,,,,,,not_in_primary
SERPINA6,Corticosteroid-binding globulin,Inflammation_II,HF,FG_HF,14:94363079:CCACGCAGCCACACACA:C,,,,,,,not_in_primary
SERPINC1,Antithrombin-III,Inflammation_II,AF,FG_AF,rs2227624,0.84282041,0.025051899,0.490015,1.0210608,0.838578,0.94748939,opposite_direction_not_significant
SERPINC1,Antithrombin-III,Inflammation_II,HF,FG_HF,rs2227624,,,,0.90948765,0.32541729,0.78441735,not_in_primary
SERPIND1,Heparin cofactor 2,Inflammation_II,AF,FG_AF,rs117254553,0.95450784,0.69541736,0.904093,0.93928934,0.53990054,0.84476551,same_direction_not_significant
SERPIND1,Heparin cofactor 2,Inflammation_II,HF,FG_HF,rs117254553,,,,0.97705136,0.81053939,0.96165655,not_in_primary
SERPINF1,Pigment epithelium-derived factor,Inflammation_II,AF,FG_AF,rs62088172,0.98875149,0.65672129,0.904093,0.91502874,0.0039916675,0.084083892,same_direction_nominal
SERPINF1,Pigment epithelium-derived factor,Inflammation_II,HF,FG_HF,rs62088172,0.9856107,0.62548238,0.957279,0.95043835,0.081750138,0.5195401,same_direction_not_significant
SERPINF2,Alpha-2-antiplasmin,Inflammation_II,AF,FG_AF,rs11078597,1.0674213,0.11646922,0.678017,0.99361407,0.90434569,0.9646354,opposite_direction_not_significant
SERPINF2,Alpha-2-antiplasmin,Inflammation_II,HF,FG_HF,rs11078597,1.1159539,0.02460651,0.457404,0.92033438,0.099887702,0.52414709,opposite_direction_not_significant
SERPING1,Plasma protease C1 inhibitor,Inflammation_II,AF,FG_AF,rs28362944,1.0054308,0.88913886,0.984187,0.97624735,0.59477957,0.87763375,opposite_direction_not_significant
SERPING1,Plasma protease C1 inhibitor,Inflammation_II,HF,FG_HF,rs28362944,0.90306191,0.056457296,0.495811,0.99924984,0.98601816,0.99508015,same_direction_not_significant
SERPINI1,Neuroserpin,Inflammation_II,AF,FG_AF,rs11717419,0.98751913,0.47396086,0.898321,0.98941318,0.63567812,0.89066765,same_direction_not_significant
SERPINI1,Neuroserpin,Inflammation_II,HF,FG_HF,rs11717419,1.0130773,0.52766205,0.946293,0.99978508,0.99194884,0.99508015,opposite_direction_not_significant
SFRP4,Secreted frizzled-related protein 4,Inflammation_II,AF,FG_AF,rs75207237,0.98456111,0.64878874,0.904093,0.97459603,0.54881668,0.85333252,same_direction_not_significant
SFRP4,Secreted frizzled-related protein 4,Inflammation_II,HF,FG_HF,rs75207237,1.0064474,0.87208005,0.972877,1.0505326,0.22546676,0.66964978,same_direction_not_significant
SHBG,Sex hormone-binding globulin,Inflammation_II,AF,FG_AF,rs858519,0.95466441,0.061811282,0.570142,0.93632186,0.043221636,0.30954276,same_direction_nominal
SHBG,Sex hormone-binding globulin,Inflammation_II,HF,FG_HF,rs858519,0.99781049,0.94021471,0.988165,0.99519504,0.87596777,0.97841055,same_direction_not_significant
SHH,Sonic hedgehog protein,Inflammation_II,AF,FG_AF,rs10225434,1.1555147,0.22786286,0.769429,1.0324077,0.83419294,0.94748939,same_direction_not_significant
SHH,Sonic hedgehog protein,Inflammation_II,HF,FG_HF,rs10225434,1.090215,0.53509112,0.946293,1.2218425,0.16525539,0.5918841,same_direction_not_significant
SLC9A3R1,Na(+)/H(+) exchange regulatory cofactor NHE-RF1,Inflammation_II,AF,FG_AF,rs745666,0.89258059,0.148614,0.717809,0.91137534,0.33451163,0.75417167,same_direction_not_significant
SLC9A3R1,Na(+)/H(+) exchange regulatory cofactor NHE-RF1,Inflammation_II,HF,FG_HF,rs745666,0.9902141,0.9156757,0.988165,0.92461517,0.38958517,0.80407877,same_direction_not_significant
SLITRK1,SLIT and NTRK-like protein 1,Inflammation_II,AF,FG_AF,rs2876803,0.99492657,0.9283765,0.986349,1.1446675,0.10156047,0.46642586,opposite_direction_not_significant
SLITRK1,SLIT and NTRK-like protein 1,Inflammation_II,HF,FG_HF,rs2876803,0.97923742,0.75555679,0.971009,1.067538,0.40283295,0.80407877,opposite_direction_not_significant
SNX15,Sorting nexin-15,Inflammation_II,AF,FG_AF,rs2670910,1.0064252,0.69149622,0.904093,1.0127006,0.59966902,0.87763375,same_direction_not_significant
SNX15,Sorting nexin-15,Inflammation_II,HF,FG_HF,rs2670910,1.017052,0.39136594,0.876831,1.0166509,0.46846686,0.84179849,same_direction_not_significant
SOD3,Extracellular superoxide dismutase,Inflammation_II,AF,FG_AF,rs1799895,0.99233667,0.6037178,0.904093,1.0100461,0.50024422,0.8284272,opposite_direction_not_significant
SOD3,Extracellular superoxide dismutase,Inflammation_II,HF,FG_HF,rs1799895,,,,1.0420159,0.0031946837,0.34292856,not_in_primary
SPINK2,Serine protease inhibitor Kazal-type 2,Inflammation_II,AF,FG_AF,rs28656303,0.9914053,0.56682937,0.904093,0.99369518,0.79654146,0.94748939,same_direction_not_significant
SPINK2,Serine protease inhibitor Kazal-type 2,Inflammation_II,HF,FG_HF,rs28656303,1.0203452,0.28327439,0.841464,0.95582345,0.053750486,0.46530654,opposite_direction_not_significant
SPRED2,"Sprouty-related, EVH1 domain-containing protein 2",Inflammation_II,AF,FG_AF,rs7569084,1.0626575,0.51136328,0.904093,0.99613754,0.97519916,0.99322132,opposite_direction_not_significant
SPRED2,"Sprouty-related, EVH1 domain-containing protein 2",Inflammation_II,HF,FG_HF,rs7569084,0.99449043,0.96012239,0.988726,1.0105178,0.92928906,0.98952555,opposite_direction_not_significant
ST13,Hsc70-interacting protein,Inflammation_II,AF,FG_AF,rs1005402,0.7698466,0.035336806,0.570142,0.88806778,0.46481256,0.82633344,same_direction_not_significant
ST13,Hsc70-interacting protein,Inflammation_II,HF,FG_HF,rs1005402,0.79894536,0.12560992,0.660257,0.7386206,0.048603138,0.46530654,same_direction_nominal
STAT2,Signal transducer and activator of transcription 2,Inflammation_II,AF,FG_AF,rs61754171,0.98876316,0.88019841,0.97926,1.0281614,0.49599119,0.8284272,opposite_direction_not_significant
STAT2,Signal transducer and activator of transcription 2,Inflammation_II,HF,FG_HF,rs61754171,,,,0.98905261,0.77379588,0.95934549,not_in_primary
STX7,Syntaxin-7,Inflammation_II,AF,FG_AF,rs3813356,0.98804261,0.29643096,0.833073,1.0007467,0.95947606,0.99257276,opposite_direction_not_significant
STX7,Syntaxin-7,Inflammation_II,HF,FG_HF,rs3813356,1.0027145,0.84148058,0.971009,1.0089161,0.52252514,0.86079772,same_direction_not_significant
SUMF1,Formylglycine-generating enzyme,Inflammation_II,AF,FG_AF,rs10494172,0.95038309,0.40325567,0.869993,0.9812094,0.80871881,0.94748939,same_direction_not_significant
SUMF1,Formylglycine-generating enzyme,Inflammation_II,HF,FG_HF,rs10494172,0.92734795,0.28106853,0.841464,1.0371588,0.62299857,0.90884497,opposite_direction_not_significant
SUSD5,Sushi domain-containing protein 5,Inflammation_II,AF,FG_AF,3:33149521:GC:G,,,,,,,not_in_primary
SUSD5,Sushi domain-containing protein 5,Inflammation_II,HF,FG_HF,3:33149521:GC:G,,,,,,,not_in_primary
TBCA,Tubulin-specific chaperone A,Inflammation_II,AF,FG_AF,rs254415,0.98510317,0.77657608,0.922471,0.87648972,0.052781843,0.3313898,same_direction_not_significant
TBCA,Tubulin-specific chaperone A,Inflammation_II,HF,FG_HF,rs254415,1.0275311,0.65859018,0.958188,1.124318,0.068570123,0.48693802,same_direction_not_significant
TCN1,Transcobalamin-1,Inflammation_II,AF,FG_AF,rs34324219,0.99115438,0.54246418,0.904093,1.0174841,0.34994185,0.76768515,opposite_direction_not_significant
TCN1,Transcobalamin-1,Inflammation_II,HF,FG_HF,rs34324219,1.0171192,0.32481303,0.853675,1.0118493,0.50168087,0.85804728,same_direction_not_significant
TF,Serotransferrin,Inflammation_II,AF,FG_AF,rs8177247,1.0042674,0.84368426,0.955004,0.96230003,0.17638011,0.59111172,opposite_direction_not_significant
TF,Serotransferrin,Inflammation_II,HF,FG_HF,rs8177247,1.014707,0.56770917,0.946293,0.96559998,0.19239544,0.61966324,opposite_direction_not_significant
TGOLN2,Trans-Golgi network integral membrane protein 2,Inflammation_II,AF,FG_AF,rs4247303,1.0040654,0.66037612,0.904093,0.99322415,0.57328124,0.86506215,opposite_direction_not_significant
TGOLN2,Trans-Golgi network integral membrane protein 2,Inflammation_II,HF,FG_HF,rs4247303,0.99748494,0.81749409,0.971009,1.010811,0.34704179,0.80061734,opposite_direction_not_significant
THSD1,Thrombospondin type-1 domain-containing protein 1,Inflammation_II,AF,FG_AF,rs149590732,0.97704504,0.60513238,0.904093,0.99791618,0.96455659,0.99257276,same_direction_not_significant
THSD1,Thrombospondin type-1 domain-containing protein 1,Inflammation_II,HF,FG_HF,rs149590732,,,,1.0420196,0.36100331,0.80272919,not_in_primary
TLR1,Toll-like receptor 1,Inflammation_II,AF,FG_AF,rs5743618,1.0134136,0.39035466,0.869993,0.99018558,0.67907709,0.91228272,opposite_direction_not_significant
TLR1,Toll-like receptor 1,Inflammation_II,HF,FG_HF,rs5743618,1.0380957,0.038834706,0.468301,0.98397128,0.476906,0.84179849,opposite_direction_not_significant
TLR4,Toll-like receptor 4,Inflammation_II,AF,FG_AF,rs4986790,0.96575704,0.42533326,0.870243,0.95567989,0.30241525,0.72120425,same_direction_not_significant
TLR4,Toll-like receptor 4,Inflammation_II,HF,FG_HF,rs4986790,0.98302979,0.72958396,0.971009,1.0215882,0.60757303,0.89689352,opposite_direction_not_significant
TNFAIP8L2,Tumor necrosis factor alpha-induced protein 8-like protein 2,Inflammation_II,AF,FG_AF,rs4970991,1.102838,0.42228164,0.869993,0.87314271,0.36853635,0.76831256,opposite_direction_not_significant
TNFAIP8L2,Tumor necrosis factor alpha-induced protein 8-like protein 2,Inflammation_II,HF,FG_HF,rs4970991,1.0912733,0.54573284,0.946293,0.96050297,0.77818631,0.95934549,opposite_direction_not_significant
TNFRSF17,Tumor necrosis factor receptor superfamily member 17,Inflammation_II,AF,FG_AF,rs71389075,,,,1.0130928,0.8341986,0.94748939,not_in_primary
TNFRSF17,Tumor necrosis factor receptor superfamily member 17,Inflammation_II,HF,FG_HF,rs71389075,,,,1.0097618,0.86893508,0.97841055,not_in_primary
TOP2B,DNA topoisomerase 2-beta,Inflammation_II,AF,FG_AF,rs3806631,1.1328481,0.14639571,0.717809,1.2782692,0.023402672,0.23215451,same_direction_nominal
TOP2B,DNA topoisomerase 2-beta,Inflammation_II,HF,FG_HF,rs3806631,0.92334848,0.43539088,0.912536,0.91659129,0.39476129,0.80407877,same_direction_not_significant
TP53I3,Quinone oxidoreductase PIG3,Inflammation_II,AF,FG_AF,rs1134516,1.0158851,0.30690439,0.843125,0.99400861,0.73714016,0.9350934,opposite_direction_not_significant
TP53I3,Quinone oxidoreductase PIG3,Inflammation_II,HF,FG_HF,rs1134516,0.98386826,0.37787514,0.872653,0.99069023,0.58090635,0.87844375,same_direction_not_significant
TSPYL1,Testis-specific Y-encoded-like protein 1,Inflammation_II,AF,FG_AF,rs61746508,0.94203956,0.42295629,0.869993,1.0162096,0.79756424,0.94748939,opposite_direction_not_significant
TSPYL1,Testis-specific Y-encoded-like protein 1,Inflammation_II,HF,FG_HF,rs61746508,0.94846349,0.52140804,0.946293,0.96406141,0.53836396,0.86793362,same_direction_not_significant
TTR,Transthyretin,Inflammation_II,AF,FG_AF,rs1667229,0.9454193,0.32458742,0.857964,0.97062703,0.68453907,0.91228272,same_direction_not_significant
TTR,Transthyretin,Inflammation_II,HF,FG_HF,rs1667229,1.0532438,0.44002447,0.912536,1.0410449,0.56217549,0.87533799,same_direction_not_significant
TXN,Thioredoxin,Inflammation_II,AF,FG_AF,rs146018216,0.83259731,0.1407151,0.71745,,,,not_matched_in_finngen
TXN,Thioredoxin,Inflammation_II,HF,FG_HF,rs146018216,,,,,,,not_in_primary
TYRP1,"5,6-dihydroxyindole-2-carboxylic acid oxidase",Inflammation_II,AF,FG_AF,rs10960751,1.0556614,0.52368125,0.904093,0.95823171,0.70713013,0.92299091,opposite_direction_not_significant
TYRP1,"5,6-dihydroxyindole-2-carboxylic acid oxidase",Inflammation_II,HF,FG_HF,rs10960751,1.2162127,0.052498368,0.495811,0.89919688,0.32162259,0.78383109,opposite_direction_not_significant
UBXN1,UBX domain-containing protein 1,Inflammation_II,AF,FG_AF,rs142782985,1.0649748,0.70666111,0.904093,,,,not_matched_in_finngen
UBXN1,UBX domain-containing protein 1,Inflammation_II,HF,FG_HF,rs142782985,,,,,,,not_in_primary
UNC5D,Netrin receptor UNC5D,Inflammation_II,AF,FG_AF,rs13260977,1.2739868,0.21129955,0.769429,,,,not_matched_in_finngen
UNC5D,Netrin receptor UNC5D,Inflammation_II,HF,FG_HF,rs13260977,1.3351173,0.25638817,0.841464,,,,not_matched_in_finngen
UROD,Uroporphyrinogen decarboxylase,Inflammation_II,AF,FG_AF,rs12749939,1.0122281,0.43932513,0.876857,0.99691827,0.88203407,0.95521594,opposite_direction_not_significant
UROD,Uroporphyrinogen decarboxylase,Inflammation_II,HF,FG_HF,rs12749939,1.0293401,0.18453413,0.778673,1.0342174,0.088426774,0.52397098,same_direction_not_significant
VAMP8,Vesicle-associated membrane protein 8,Inflammation_II,AF,FG_AF,rs3731828,0.92662175,0.070572395,0.570142,0.95304111,0.38084592,0.77181199,same_direction_not_significant
VAMP8,Vesicle-associated membrane protein 8,Inflammation_II,HF,FG_HF,rs3731828,0.93576123,0.18622174,0.778673,0.96693109,0.51737357,0.86079772,same_direction_not_significant
VEGFB,Vascular endothelial growth factor B,Inflammation_II,AF,FG_AF,rs660442,0.98448588,0.82831163,0.944252,0.87430532,0.11104196,0.48312993,same_direction_not_significant
VEGFB,Vascular endothelial growth factor B,Inflammation_II,HF,FG_HF,rs660442,1.0060991,0.94187243,0.988165,0.9436169,0.46697143,0.84179849,opposite_direction_not_significant
VNN1,Pantetheinase,Inflammation_II,AF,FG_AF,rs146101841,,,,1.0022165,0.8278467,0.94748939,not_in_primary
VNN1,Pantetheinase,Inflammation_II,HF,FG_HF,rs146101841,,,,0.99883716,0.90383037,0.98744463,not_in_primary
VTI1A,Vesicle transport through interaction with t-SNAREs homolog 1A,Inflammation_II,AF,FG_AF,rs79671623,1.0426263,0.73653261,0.909608,1.0306886,0.87277365,0.95521594,same_direction_not_significant
VTI1A,Vesicle transport through interaction with t-SNAREs homolog 1A,Inflammation_II,HF,FG_HF,rs79671623,1.1099967,0.47853461,0.930125,0.90401303,0.57139728,0.87533799,opposite_direction_not_significant
ZBP1,Z-DNA-binding protein 1,Inflammation_II,AF,FG_AF,rs45521631,0.94823118,0.048674876,0.570142,1.0392246,0.28919335,0.71719951,opposite_direction_not_significant
ZBP1,Z-DNA-binding protein 1,Inflammation_II,HF,FG_HF,rs45521631,0.92687321,0.019336311,0.441689,1.0055192,0.87201295,0.97841055,opposite_direction_not_significant
