protein,protein_name,panel,SNP,analysis_group,beta_protein_to_af,se_protein_to_af,or_protein_to_af,p_protein_to_af,fdr_protein_to_af,beta_af_to_hf,se_af_to_hf,or_af_to_hf,p_af_to_hf,beta_total_protein_to_hf,se_total_protein_to_hf,or_total_protein_to_hf,p_total_protein_to_hf,fdr_total_protein_to_hf,beta_indirect,se_indirect,or_indirect,or_indirect_lci95,or_indirect_uci95,p_indirect,beta_direct,se_direct,or_direct,or_direct_lci95,or_direct_uci95,proportion_mediated,same_direction_indirect_total,interpretation
ABO,Histo-blood group ABO system transferase,Inflammation_II,rs505922,all primary proteins,0.0078571368,0.0060636599,1.0078881,0.19505313,0.763048,0.2353126406831023,0.013191452075433655,1.2653042924995992,3.5658625949967565e-71,0.03381985,0.0072593111,1.0343982,3.1802168e-06,0.00043463,0.00184888360861638,0.0014306153396510346,1.0018505938477642,0.9990453335271692,1.0046637311737383,0.19622921935900478,0.031970966391383616,0.0073989362679123035,1.032487528031156,1.0176225275754733,1.0475696701406052,0.05466859281210236,True,no nominal AF-mediated support
ACE,Angiotensin-converting enzyme,Inflammation_II,rs4362,all primary proteins,-0.0020082606,0.014727245,0.99799375,0.89153382,0.984187,0.2353126406831023,0.013191452075433655,1.2653042924995992,3.5658625949967565e-71,-0.009371883,0.017628066,0.9906719,0.5949715,0.946293,-0.00047256910496583143,0.003465608167279103,0.9995275425382266,0.992761166373772,1.0063400363873265,0.8915369729896071,-0.008899313895034167,0.017965498903995614,0.9911401677920857,0.9568470795826668,1.0266623091323892,0.05042413621316351,True,no nominal AF-mediated support
ACHE,Acetylcholinesterase,Inflammation_II,rs6976053,all primary proteins,-0.012772656,0.021394199,0.98730857,0.55049742,0.904093,0.2353126406831023,0.013191452075433655,1.2653042924995992,3.5658625949967565e-71,0.052367891,0.02490668,1.0537633,0.035503891,0.457404,-0.0030055674118968706,0.005037144200510106,0.9969989447841351,0.9872042013209946,1.0068908687489186,0.5507204898531621,0.05537345841189687,0.02541093328311915,1.0569352623432142,1.0055835594624225,1.1109093205359475,-0.05739332546152891,False,no nominal AF-mediated support
ACP1,Low molecular weight phosphotyrosine protein phosphatase,Inflammation_II,rs11553746,all primary proteins,-0.029849012,0.018226388,0.97059207,0.10148822,0.634898,0.2353126406831023,0.013191452075433655,1.2653042924995992,3.5658625949967565e-71,-0.0060754625,0.021924495,0.99394296,0.78169685,0.971009,-0.007023849835501608,0.00430693618801214,0.9930007597460433,0.98465353109901,1.0014187505686898,0.10292771006322995,0.0009483873355016085,0.022343526586746182,1.0009488371969737,0.9580599499105122,1.0457577052245597,1.156101257394249,True,no nominal AF-mediated support
ACYP1,Acylphosphatase-1,Inflammation_II,rs75948138,all primary proteins,-0.00047523247,0.03089011,0.99952488,0.98772534,0.995872,0.2353126406831023,0.013191452075433655,1.2653042924995992,3.5658625949967565e-71,0.017504396,0.042533306,1.0176585,0.68067249,0.96566,-0.00011182820745405318,0.007268836058443708,0.9998881780450869,0.985743848290963,1.0142354632267696,0.9877253414664188,0.01761622420745405,0.04314994897950828,1.017772305056484,0.9352347835702786,1.1075940321483442,-0.0063885784721765424,False,no nominal AF-mediated support
ADA,Adenosine deaminase,Inflammation,rs11555566,all primary proteins,-0.02078531,0.011174057,0.97942922,0.062865741,0.570142,0.2353126406831023,0.013191452075433655,1.2653042924995992,3.5658625949967565e-71,-0.034381715,0.012893143,0.96620262,0.0076607611,0.285537,-0.004891046183516893,0.002643654125725211,0.995120895505817,0.9899779505532756,1.0002905581067363,0.06429795590168245,-0.029490668816483108,0.013161384560710658,0.9709399376176658,0.946213562199055,0.9963124606563987,0.14225719058856992,True,no nominal AF-mediated support
ADAM12,Disintegrin and metalloproteinase domain-containing protein 12,Inflammation_II,rs11244909,all primary proteins,0.13138472,0.052553887,1.1404064,0.012419331,0.357238,0.2353126406831023,0.013191452075433655,1.2653042924995992,3.5658625949967565e-71,0.11515484,0.062600954,1.1220472,0.065840771,0.529308,0.030916485408610004,0.012487452600909442,1.031399363393185,1.0064618666649021,1.056954746167299,0.013293652545533276,0.08423835459139,0.06383428478623439,1.0878881660475306,0.9599473463374161,1.232880809912949,0.2684775160871224,True,AF-mediated pathway supported
ADAM23,Disintegrin and metalloproteinase domain-containing protein 23,Inflammation,rs72933203,all primary proteins,-0.0060375054,0.012872417,0.99398068,0.63905066,0.904093,0.2353126406831023,0.013191452075433655,1.2653042924995992,3.5658625949967565e-71,-0.014353315,0.015036806,0.9857492,0.33980761,0.854731,-0.0014207013388124897,0.0030300892993092056,0.9985803073795821,0.9926673397354293,1.004528496477047,0.6391664844735652,-0.01293261366118751,0.015339066980863738,0.9871506532474312,0.9579140866453384,1.0172795512585673,0.09898071203847263,True,no nominal AF-mediated support
ADAMTS4,A disintegrin and metalloproteinase with thrombospondin motifs 4,Inflammation_II,rs4656993,all primary proteins,0.084550151,0.056648601,1.0882274,0.13555834,0.705192,0.2353126406831023,0.013191452075433655,1.2653042924995992,3.5658625949967565e-71,0.1691003,0.067640121,1.1842389,0.012419331,0.339462,0.019895719301965042,0.013376711028585116,1.0200949582657601,0.9936973114794808,1.047193860603205,0.13692499710705447,0.14920458069803497,0.06895014406683217,1.1609104647900401,1.0141616375438822,1.3288937949999238,0.11765632173310775,True,no nominal AF-mediated support
ADD1,Alpha-adducin,Inflammation_II,rs1263339,all primary proteins,-0.059459766,0.048134096,0.94227344,0.21672106,0.769429,0.2353126406831023,0.013191452075433655,1.2653042924995992,3.5658625949967565e-71,-0.085508806,0.057194632,0.91804506,0.13490152,0.672724,-0.013991634551859342,0.011353687113999412,0.9861057934452341,0.9644041193274988,1.0082958133197677,0.217821058755109,-0.07151717144814067,0.0583106520345813,0.9309802911778173,0.8304346426311565,1.0436995978580523,0.16362799583307644,True,no nominal AF-mediated support
ADGRD1,Adhesion G-protein coupled receptor D1,Inflammation_II,rs4759533,all primary proteins,0.0093481771,0.017725115,1.009392,0.59791775,0.904093,0.2353126406831023,0.013191452075433655,1.2653042924995992,3.5658625949967565e-71,-0.0078913183,0.021731477,0.99213974,0.7165089,0.971009,0.002199744238974305,0.0041727661688637134,1.0022021654513567,0.9940389604678433,1.010432407963833,0.59807768672913,-0.010091062538974306,0.022128467414205225,0.9899596814024089,0.9479411481442088,1.0338407323291654,-0.2787549754486909,False,no nominal AF-mediated support
ADGRE2,Adhesion G protein-coupled receptor E2,Inflammation,rs7251607,all primary proteins,0.033439341,0.028911097,1.0340047,0.24742499,0.801264,0.2353126406831023,0.013191452075433655,1.2653042924995992,3.5658625949967565e-71,-0.012888079,0.033439341,0.98719462,0.69992874,0.971009,0.00786869963341273,0.006817432396354558,1.0078997392106634,0.9945215936385609,1.0214578454594305,0.24841703054264172,-0.02075677863341273,0.03412721657260002,0.9794571605102073,0.9160850006757411,1.0472132264659644,-0.6105409218404644,False,no nominal AF-mediated support
ADIPOQ,Adiponectin,Inflammation_II,rs143257534,all primary proteins,-0.0016264685,0.032692017,0.99837485,0.96032062,0.995872,0.2353126406831023,0.013191452075433655,1.2653042924995992,3.5658625949967565e-71,-0.061643156,0.03822201,0.94021834,0.10679536,0.60814,-0.00038272859772288436,0.007692874769328345,0.999617344633524,0.9846581408818884,1.0148038128209997,0.9603207747361653,-0.061260427402277114,0.038988490233101726,0.9405782555253636,0.8713793454851289,1.0152724635383665,0.006208776814134636,True,no nominal AF-mediated support
AFAP1,Actin filament-associated protein 1,Inflammation_II,rs41264705,all primary proteins,-0.016442203,0.0068355225,0.98369223,0.016154534,0.415767,0.2353126406831023,0.013191452075433655,1.2653042924995992,3.5658625949967565e-71,-0.0040643648,0.0079439857,0.99594388,0.60891145,0.948167,-0.0038690582065776264,0.001623042703816987,0.9961384169554055,0.9929745726052498,0.9993123420380876,0.0171335060510316,-0.00019530659342237387,0.008108093266620583,0.9998047124776688,0.9840415380100489,1.015820394242693,0.9519465886963754,True,AF-mediated pathway supported
AGRN,Agrin,Inflammation,rs3121560,all primary proteins,-0.015097138,0.020129518,0.98501625,0.4532547,0.886121,0.2353126406831023,0.013191452075433655,1.2653042924995992,3.5658625949967565e-71,0.0060918277,0.022778138,1.0061104,0.78912897,0.971009,-0.0035525474095372093,0.004740914829699786,0.9964537554211007,0.9872374011311906,1.0057561489821119,0.4536535385470845,0.00964437510953721,0.023266281270746973,1.0096910319666152,0.9646812566635437,1.056800858306067,-0.5831661012896359,False,no nominal AF-mediated support
AGT,Angiotensinogen,Inflammation_II,rs4762,all primary proteins,0.024068165,0.013445902,1.0243601,0.073453911,0.570142,0.2353126406831023,0.013191452075433655,1.2653042924995992,3.5658625949967565e-71,0.019093181,0.015597247,1.0192766,0.2209002,0.808653,0.005663543462546618,0.003179880446851291,1.0056796116447835,0.9994311396491551,1.0119671492655773,0.07490338942736456,0.013429637537453382,0.01591809516353248,1.0135202201627092,0.9823871233807094,1.0456399643591232,0.2966265004530475,True,no nominal AF-mediated support
AHSG,Alpha-2-HS-glycoprotein,Inflammation_II,rs1900618,all primary proteins,0.0026624777,0.010206165,1.002666,0.7941931,0.922471,0.2353126406831023,0.013191452075433655,1.2653042924995992,3.5658625949967565e-71,0.014347797,0.012424896,1.0144512,0.24818794,0.840967,0.0006265146583468727,0.0024018964380418954,1.0006267109596485,0.995927114428125,1.0053484840212004,0.7942146147941491,0.013721282341653127,0.01265492580420345,1.0138158511764002,0.9889788110254525,1.0392766443911978,0.04366626168093071,True,no nominal AF-mediated support
AKR7L,Aflatoxin B1 aldehyde reductase member 4,Inflammation_II,rs59622577,all primary proteins,-0.025266323,0.037267826,0.9750502,0.49779319,0.904093,0.2353126406831023,0.013191452075433655,1.2653042924995992,3.5658625949967565e-71,0.058744201,0.044216065,1.0605039,0.1839894,0.778673,-0.005945485185482203,0.008775921999372343,0.9940721542359434,0.9771195282495683,1.0113189013810153,0.49810336707926667,0.06468968618548221,0.04507856709150472,1.066827921572184,0.9766134986982471,1.1653758787514792,-0.1012097378851438,False,no nominal AF-mediated support
ALDH3A1,"Aldehyde dehydrogenase, dimeric NADP-preferring",Inflammation,rs887241,all primary proteins,1.094015,1.1064235,2.9862397,0.32276832,0.857964,0.2353126406831023,0.013191452075433655,1.2653042924995992,3.5658625949967565e-71,-0.039913968,0.017165074,0.9608721,0.02005586,0.441689,0.25743555859692413,0.2607551058231201,1.2936084463509643,0.775967649220798,2.156562601741134,0.3235105467348341,-0.29734952659692415,0.26131946919097326,0.7427843441000597,0.44506466791742927,1.2396593610133875,-6.449761111120902,False,no nominal AF-mediated support
AMY1A_AMY1B_AMY1C,Alpha-amylase 1A_Alpha-amylase 1B_Alpha-amylase 1C,Inflammation_II,rs72694438,all primary proteins,0.018349124,0.021076697,1.0185185,0.38397902,0.869993,0.2353126406831023,0.013191452075433655,1.2653042924995992,3.5658625949967565e-71,-0.0012398057,0.024796114,0.99876096,0.96012239,0.988726,0.004317780822661689,0.004965516321893692,1.0043271158690037,0.9946000015249694,1.0141493606708267,0.3845445991802854,-0.005557586522661689,0.025288408843657774,0.994457828291708,0.9463688624964192,1.0449903958610032,-3.4826270137826345,False,no nominal AF-mediated support
ANGPTL4,Angiopoietin-related protein 4,Inflammation,rs2278236,all primary proteins,-0.043229107,0.023936778,0.95769195,0.070923002,0.570142,0.2353126406831023,0.013191452075433655,1.2653042924995992,3.5658625949967565e-71,0.01071796,0.028223963,1.0107756,0.70413335,0.971009,-0.010172355322542383,0.005661419524713614,0.9898792080952814,0.9789558469802553,1.0009244539903182,0.07236971252974157,0.02089031532254238,0.028786173042976336,1.02111004536898,0.9650932175204536,1.080378253441972,-0.949094354013486,False,no nominal AF-mediated support
ANKMY2,Ankyrin repeat and MYND domain-containing protein 2,Inflammation_II,rs4719474,all primary proteins,-0.075715943,0.084264517,0.92707951,0.36889202,0.869993,0.2353126406831023,0.013191452075433655,1.2653042924995992,3.5658625949967565e-71,-0.098919216,0.10136167,0.90581588,0.32911223,0.854025,-0.017816918489141253,0.019853645975829424,0.9823408643454651,0.9448490831598829,1.0213203261368926,0.3694986186850206,-0.08110229751085875,0.10328773113841967,0.9220993581505565,0.753108289667857,1.1290105791780105,0.1801158481597878,True,no nominal AF-mediated support
ANXA11,Annexin A11,Inflammation,rs2784773,all primary proteins,0.0045270992,0.10563232,1.0045374,0.96581541,0.995872,0.2353126406831023,0.013191452075433655,1.2653042924995992,3.5658625949967565e-71,-0.14184911,0.12374071,0.86775218,0.25165389,0.841464,0.0010652836673863597,0.024856691899222176,1.001065851283572,0.9534637881750885,1.0510444665383314,0.9658155127081949,-0.14291439366738637,0.1262125922540099,0.866828271708675,0.6768598291957592,1.1101135275323506,-0.007509977802372956,False,no nominal AF-mediated support
AOC1,Amiloride-sensitive amine oxidase [copper-containing],Inflammation,rs1049742,all primary proteins,0.042016043,0.025048026,1.0429112,0.093460507,0.617597,0.2353126406831023,0.013191452075433655,1.2653042924995992,3.5658625949967565e-71,0.013130013,0.02969403,1.0132166,0.65836122,0.958188,0.009886906029384775,0.005920119327115709,1.0099359429594035,0.9982849445395835,1.021722920354887,0.09490911233209907,0.0032431069706152244,0.030278428467940488,1.0032483715316665,0.9454421164248566,1.0645890187196219,0.7530004752763593,True,no nominal AF-mediated support
APCS,Serum amyloid P-component,Inflammation_II,rs36126250,all primary proteins,-0.082406494,0.041857267,0.92089754,0.048981807,0.570142,0.2353126406831023,0.013191452075433655,1.2653042924995992,3.5658625949967565e-71,-0.043725895,0.045594523,0.9572163,0.33755049,0.854294,-0.019391289712576223,0.009909350124776402,0.9807955119554002,0.9619299808379352,1.0000310370136236,0.050362994995865926,-0.024334605287423778,0.046658929986583865,0.9759590940441077,0.8906657091404679,1.069420483434348,0.44347382054904133,True,no nominal AF-mediated support
APOA1,Apolipoprotein A-I,Inflammation_II,rs2727784,all primary proteins,0.0094355349,0.11008124,1.0094802,0.93169355,0.986349,0.2353126406831023,0.013191452075433655,1.2653042924995992,3.5658625949967565e-71,-0.17298481,0.12895231,0.8411504,0.17977004,0.778673,0.0022203006335765716,0.025903806312625503,1.0022227673262902,0.9526086028515209,1.0544209577159642,0.9316943318710127,-0.17520511063357655,0.13152834460989052,0.8392848568647444,0.6485600598191065,1.0860969008158512,-0.01283523468665585,False,no nominal AF-mediated support
APOA2,Apolipoprotein A-II,Inflammation_II,rs4073054,all primary proteins,-0.13851282,0.10276758,0.87065209,0.17771433,0.744598,0.2353126406831023,0.013191452075433655,1.2653042924995992,3.5658625949967565e-71,-0.44234739,0.1206402,0.64252639,0.00024573278,0.0251876,-0.03259381744266322,0.02425144173136506,0.9679316367006168,0.9229994473475893,1.0150511530838584,0.17894999024992905,-0.4097535725573368,0.12305360735098259,0.6638138119225119,0.5215559920675532,0.8448733857936812,0.07368375665709981,True,no nominal AF-mediated support
APOA4,Apolipoprotein A-IV,Inflammation_II,rs1729407,all primary proteins,0.01555199,0.048069786,1.0156736,0.74629434,0.909608,0.2353126406831023,0.013191452075433655,1.2653042924995992,3.5658625949967565e-71,0.012724355,0.055845781,1.0128057,0.81976433,0.971009,0.0036595798347772,0.011313288542208146,1.0036662842730417,0.9816558741418985,1.026170205589624,0.7463346125694128,0.0090647751652228,0.05698018737367594,1.0091059846637829,0.90247310291166,1.1283382130713098,0.2876043488866194,True,no nominal AF-mediated support
APOC1,Apolipoprotein C-I,Inflammation_II,rs5112,all primary proteins,0.0081190484,0.022327383,1.0081521,0.71612957,0.904093,0.2353126406831023,0.013191452075433655,1.2653042924995992,3.5658625949967565e-71,0.040305276,0.027836738,1.0411286,0.14764036,0.703867,0.0019105147188379166,0.005255006987308019,1.0019123409148896,0.9916457929914678,1.0122851788130272,0.7161859786176579,0.038394761281162086,0.028328414726512673,1.039141364697527,0.9830169345347483,1.0984701665760255,0.04740110745893209,True,no nominal AF-mediated support
APOD,Apolipoprotein D,Inflammation_II,rs139828053,all primary proteins,-0.016585015,0.043232848,0.98355176,0.7012596,0.904093,0.2353126406831023,0.013191452075433655,1.2653042924995992,3.5658625949967565e-71,-0.080129848,0.047705212,0.92299649,0.093018133,0.606285,-0.003902663675418862,0.01017558784552124,0.9961049418193499,0.9764352727069818,1.0161708439374322,0.7013253396794877,-0.07622718432458114,0.04877837471633165,0.9266056723614244,0.8421199648930211,1.019567410637794,0.04870424408416277,True,no nominal AF-mediated support
APOE,Apolipoprotein E,Inflammation_II,rs429358,all primary proteins,0.0092886293,0.0093874445,1.0093319,0.32243144,0.857964,0.2353126406831023,0.013191452075433655,1.2653042924995992,3.5658625949967565e-71,0.022431052,0.011067303,1.0226845,0.042684332,0.468736,0.002185731888909436,0.002212380076783685,1.0021881223421671,0.9978517776779006,1.0065433113733708,0.32317470283144056,0.020245320111090565,0.011286266933665816,1.0204516466341929,0.9981259950652106,1.0432766687440127,0.09744223716789725,True,no nominal AF-mediated support
APOF,Apolipoprotein F,Inflammation_II,rs2020854,all primary proteins,-0.033002643,0.034709676,0.967536,0.34169592,0.859547,0.2353126406831023,0.013191452075433655,1.2653042924995992,3.5658625949967565e-71,0.037270226,0.042960337,1.0379735,0.38564091,0.876831,-0.0077659390738517,0.008179219927904161,0.992264137921931,0.9764837106832026,1.0082995841447064,0.34238068268640215,0.0450361650738517,0.04373202709436865,1.0460656902675862,0.9601376608986991,1.13968389421447,-0.2083684460043709,False,no nominal AF-mediated support
APOL1,Apolipoprotein L1,Inflammation_II,rs136168,all primary proteins,0.009440642,0.027063174,1.0094853,0.72721153,0.904851,0.2353126406831023,0.013191452075433655,1.2653042924995992,3.5658625949967565e-71,0.019195972,0.031783495,1.0193814,0.54586997,0.946293,0.0022215023987638043,0.006369524505924469,1.0022239717634456,0.9897897168544386,1.0148144322709847,0.7272615940664724,0.016974469601236195,0.03241544997137318,1.0171193545310466,0.9545074675348381,1.083838331860818,0.11572752860672043,True,no nominal AF-mediated support
APPL2,DCC-interacting protein 13-beta,Inflammation_II,rs10778371,all primary proteins,0.021723108,0.052756119,1.0219608,0.68051189,0.904093,0.2353126406831023,0.013191452075433655,1.2653042924995992,3.5658625949967565e-71,-0.018619807,0.062066023,0.98155247,0.76417716,0.971009,0.005111721907324225,0.012417488590345952,1.0051248090475247,0.9809570956152134,1.0298879393183065,0.6805922747180375,-0.023731528907324224,0.06329601278064757,0.9765478494360602,0.8626107660147535,1.1055341989806369,-0.2745314120239928,False,no nominal AF-mediated support
ARHGAP45,Rho GTPase-activating protein 45,Inflammation_II,rs34593562,all primary proteins,0.12919062,0.099701457,1.137907,0.19505313,0.763048,0.2353126406831023,0.013191452075433655,1.2653042924995992,3.5658625949967565e-71,0.0098297211,0.11514816,1.0098782,0.93197054,0.988165,0.030400185943687208,0.023522828805935342,1.0308669898976448,0.9844181150455569,1.07950751273147,0.19622922211872795,-0.020570464843687207,0.11752626185844142,0.9796396638865756,0.7780831078447997,1.233407924402888,3.0926804163026773,True,no nominal AF-mediated support
ASGR2,Asialoglycoprotein receptor 2,Inflammation_II,rs2304978,all primary proteins,0.010155596,0.023388645,1.0102073,0.66413557,0.904093,0.2353126406831023,0.013191452075433655,1.2653042924995992,3.5658625949967565e-71,0.07385888,0.027389335,1.0766549,0.0070045216,0.285537,0.0023897401124707506,0.005505274056435227,1.0023925978173105,0.9916345893792485,1.0132673173370481,0.6642289304255609,0.07146913988752925,0.027937138618310285,1.0740850038058374,1.016852780715057,1.1345384673967518,0.03235548809392656,True,no nominal AF-mediated support
ATP5IF1,"ATPase inhibitor, mitochondrial",Inflammation,rs510379,all primary proteins,-0.14257532,0.06187231,0.86712224,0.021203126,0.471288,0.2353126406831023,0.013191452075433655,1.2653042924995992,3.5658625949967565e-71,-0.066355811,0.073529412,0.93579784,0.3668237,0.871741,-0.03354977504543833,0.014680313355296085,0.9670067772272011,0.9395791758530007,0.9952350278031667,0.022291830727829833,-0.03280603595456167,0.07498057101193235,0.9677262454837368,0.8354640540614799,1.1209268449617045,0.5056041745226855,True,AF-mediated pathway supported
ATRN,"Attractin, Isoform 2",Inflammation_II,rs78971233,all primary proteins,-0.016246451,0.011295152,0.98388481,0.15033302,0.717809,0.2353126406831023,0.013191452075433655,1.2653042924995992,3.5658625949967565e-71,0.0078911333,0.012919797,1.0079224,0.54134627,0.946293,-0.0038229952865386275,0.002666518465764934,0.9961843030564693,0.9909914508510328,1.0014043661061611,0.15165706114982425,0.011714128586538627,0.013192098970576077,1.0117830076809153,0.9859571483691336,1.0382853416349216,-0.4844672040375528,False,no nominal AF-mediated support
B4GALT1,"Beta-1,4-galactosyltransferase 1",Inflammation,rs7019909,all primary proteins,0.012364742,0.033776856,1.0124415,0.71431178,0.904093,0.2353126406831023,0.013191452075433655,1.2653042924995992,3.5658625949967565e-71,-0.026538958,0.039808437,0.97381011,0.50498508,0.946293,0.0029095800913852637,0.007949794638549758,1.002913817027778,0.9874079345385415,1.018663198058357,0.7143692756151491,-0.029448538091385264,0.04059446872639281,0.9709808448829844,0.8967181352495474,1.051393703404138,-0.10963430031372232,False,no nominal AF-mediated support
BANK1,B-cell scaffold protein with ankyrin repeats,Inflammation,rs3113676,all primary proteins,-0.010045666,0.075342494,0.99000462,0.89392977,0.984187,0.2353126406831023,0.013191452075433655,1.2653042924995992,3.5658625949967565e-71,0.15947495,0.094805972,1.1728949,0.092545727,0.606285,-0.002363872193880457,0.01772953646523491,0.9976389195517841,0.9635665102551036,1.0329161539050902,0.8939327107411719,0.16183882219388046,0.09644951420373707,1.1756707340195962,0.9731644228205846,1.420316693066165,-0.014822843298464474,False,no nominal AF-mediated support
BCHE,Cholinesterase,Inflammation_II,rs73165060,all primary proteins,0.021716938,0.01402196,1.0219545,0.1214345,0.682546,0.2353126406831023,0.013191452075433655,1.2653042924995992,3.5658625949967565e-71,0.0039329887,0.019322945,1.0039407,0.83871312,0.971009,0.005110270028331211,0.0033119575923584313,1.0051233497289884,0.9986197865192737,1.0116692677317822,0.12283667605939784,-0.0011772813283312108,0.019604725618243314,0.9988234113954615,0.9611713870203251,1.0379503807790431,1.2993350396178893,True,no nominal AF-mediated support
BCL2L15,Bcl-2-like protein 15,Inflammation_II,rs1230715,all primary proteins,-0.032175214,0.040642375,0.9683369,0.42855506,0.873181,0.2353126406831023,0.013191452075433655,1.2653042924995992,3.5658625949967565e-71,0.047416105,0.047980582,1.0485582,0.32303743,0.853675,-0.007571234570883922,0.009573078278834489,0.9924573550272277,0.974009260195325,1.0112548635832448,0.42900923955052145,0.05498733957088392,0.04892627184643662,1.056527238502608,0.9599172911843327,1.1628604005254801,-0.15967643421752845,False,no nominal AF-mediated support
BLNK,B-cell linker protein,Inflammation_II,rs55769428,all primary proteins,0.10310383,0.12318899,1.1086065,0.40261701,0.869993,0.2353126406831023,0.013191452075433655,1.2653042924995992,3.5658625949967565e-71,-0.30797247,0.13925712,0.73493555,0.026998572,0.457404,0.02426163450184166,0.0290198161229043,1.024558342638416,0.9679089993128097,1.0845232332949186,0.4031341950947705,-0.33223410450184165,0.14224870895196756,0.7173193755015315,0.5427852235424688,0.9479754867159677,-0.07877858206560365,False,no nominal AF-mediated support
BSG,Basigin,Inflammation,rs56101188,all primary proteins,-0.048880512,0.056336861,0.95229491,0.38558758,0.869993,0.2353126406831023,0.013191452075433655,1.2653042924995992,3.5658625949967565e-71,-0.045980821,0.069592593,0.95506028,0.50879556,0.946293,-0.01150220235666207,0.013272447809077418,0.9885636950756759,0.9631788140374902,1.0146176026496734,0.3861488625023076,-0.03447861864333793,0.07084692563060399,0.9661089961866807,0.8408528598484346,1.1100236879506802,0.25015217446121873,True,no nominal AF-mediated support
BTD,Biotinidase,Inflammation_II,rs13078881,all primary proteins,-0.001297634,0.010998993,0.99870321,0.90608546,0.986349,0.2353126406831023,0.013191452075433655,1.2653042924995992,3.5658625949967565e-71,-0.026447016,0.012667379,0.97389964,0.036815439,0.457404,-0.00030534968318017677,0.0025882586929349134,0.9996946969312897,0.9946361006370235,1.0047790206211853,0.9060875083074951,-0.026141666316819825,0.01292909794963261,0.9741970689219281,0.9498200833239772,0.9991996860866104,0.011545714010993784,True,no nominal AF-mediated support
C1QA,Complement C1q subcomponent subunit A,Inflammation,rs12058824,all primary proteins,-0.0087129403,0.019168469,0.99132491,0.64943628,0.904093,0.2353126406831023,0.013191452075433655,1.2653042924995992,3.5658625949967565e-71,-0.00031683419,0.022019976,0.99968322,0.98852004,0.994067,-0.0020502649901072215,0.0045120471945966556,0.9979518353674826,0.9891652459027825,1.0068164746370467,0.6495424284545623,0.0017334308001072216,0.02247749792407606,1.00173493405975,0.9585606283510865,1.0468538436028434,6.471097674487787,True,no nominal AF-mediated support
C1QL2,Complement C1q-like protein 2,Inflammation_II,rs34475538,all primary proteins,-0.0057435986,0.029794918,0.99427286,0.84713825,0.955368,0.2353126406831023,0.013191452075433655,1.2653042924995992,3.5658625949967565e-71,0.0028717993,0.035179541,1.0028759,0.93493883,0.988165,-0.0013515413535897694,0.007011530210331948,0.9986493715670958,0.9850192049727661,1.0124681450844695,0.847147066424428,0.00422334065358977,0.035871460255488326,1.0042322715250058,0.9360515572896074,1.0773791756646327,-0.4706252813662046,False,no nominal AF-mediated support
C1QTNF5,Complement C1q tumor necrosis factor-related protein 5,Inflammation_II,rs2509656,all primary proteins,0.01590253,0.059328669,1.0160296,0.78866758,0.922471,0.2353126406831023,0.013191452075433655,1.2653042924995992,3.5658625949967565e-71,-0.01590253,0.07217302,0.98422325,0.82560716,0.971009,0.003742066327842255,0.013962361759974947,1.0037490765996164,0.9766527032825033,1.0315972150472337,0.7886908631799642,-0.019644596327842257,0.07351117168047869,0.9805471014273419,0.8489741906642845,1.132511009981649,-0.2353126406831023,False,no nominal AF-mediated support
C1QTNF9,Complement C1q and tumor necrosis factor-related protein 9A,Inflammation_II,rs1961993,all primary proteins,0.0009559814,0.0074740364,1.0009564,0.89822259,0.984823,0.2353126406831023,0.013191452075433655,1.2653042924995992,3.5658625949967565e-71,0.001303611,0.0087776474,1.0013045,0.88193647,0.974199,0.00022495450767792908,0.0017587804532553826,1.0002249798118406,0.996782930711937,1.0036789148516425,0.8982251918232527,0.001078656492322071,0.008952117211111568,1.0010792384514622,0.9836673547081491,1.0187993297346916,0.17256260316760832,True,no nominal AF-mediated support
C1R,Complement C1r subcomponent,Inflammation_II,rs10849546,all primary proteins,-0.0050074131,0.021335934,0.9950051,0.81444634,0.939303,0.2353126406831023,0.013191452075433655,1.2653042924995992,3.5658625949967565e-71,0.04876785,0.025472493,1.0499766,0.055552481,0.495811,-0.0011783075995521594,0.005021049487552747,0.9988223863322656,0.9890409284007218,1.0087005813315275,0.8144621043704698,0.04994615759955216,0.02596264311643756,1.051214494940466,0.9990598193383893,1.106091840531372,-0.02416156544838781,False,no nominal AF-mediated support
C1S,Complement C1s subcomponent,Inflammation_II,rs12146727,all primary proteins,-0.0049397204,0.014669473,0.99507246,0.73631691,0.909608,0.2353126406831023,0.013191452075433655,1.2653042924995992,3.5658625949967565e-71,0.022153898,0.017363866,1.0224011,0.20200428,0.796363,-0.0011623786515601903,0.0034525274097690697,0.9988382966488277,0.9921020218538155,1.00562031008474,0.7363621327924945,0.02331627665156019,0.017703778918105668,1.023590226046542,0.9886814126652662,1.0597316157017092,-0.052468358009059635,False,no nominal AF-mediated support
C3,Complement C3,Inflammation_II,rs11569466,all primary proteins,0.11345083,0.065429312,1.1201368,0.082927851,0.587706,0.2353126406831023,0.013191452075433655,1.2653042924995992,3.5658625949967565e-71,-0.015006723,0.081036304,0.98510532,0.85308379,0.971009,0.026696414394989723,0.015468909771074827,1.0270559560260046,0.9963839051191706,1.058672195916621,0.08438142309038395,-0.04170313739498972,0.08249951354696627,0.9591544754089455,0.8159500134290274,1.1274922391762796,-1.7789636281678367,False,no nominal AF-mediated support
C5,Complement C5,Inflammation_II,rs4837810,all primary proteins,-0.030072874,0.046158365,0.97037482,0.514714,0.904093,0.2353126406831023,0.013191452075433655,1.2653042924995992,3.5658625949967565e-71,-0.031471613,0.054550795,0.96901846,0.56399142,0.946293,-0.007076527393870209,0.010868888859916189,0.9929484522682889,0.9720193672563904,1.014328172950824,0.5149941790266912,-0.024395085606129793,0.05562303461859336,0.9759000695119852,0.8751007700723935,1.088310030391941,0.224854296278688,True,no nominal AF-mediated support
C7,Complement component C7,Inflammation_II,rs74480769,all primary proteins,-0.029114609,0.013689208,0.97130514,0.033434272,0.570142,0.2353126406831023,0.013191452075433655,1.2653042924995992,3.5658625949967565e-71,0.0034723845,0.015492177,1.0034784,0.82264998,0.971009,-0.006851035526246016,0.0032440585691365267,0.9931723793151606,0.9868774707931574,0.9995074406164834,0.03469745424473281,0.010323420026246016,0.015828185751984247,1.0103768903672947,0.9795129466756871,1.0422133408781655,-1.973006021149448,False,indirect effect significant but opposite to total
CASP9,Caspase-9,Inflammation_II,rs12024833,all primary proteins,0.1596275,0.082269559,1.1730738,0.052343423,0.570142,0.2353126406831023,0.013191452075433655,1.2653042924995992,3.5658625949967565e-71,-0.10805554,0.097004406,0.89757774,0.26531177,0.841464,0.03756236855064191,0.019473251716111497,1.0382767508786213,0.9993949782865568,1.0786712309314468,0.053740642454276545,-0.1456179085506419,0.09893969029571437,0.8644879535428277,0.7120980249676222,1.0494895303980745,-0.34762094151435374,False,no nominal AF-mediated support
CAT,Catalase,Inflammation_II,rs2284368,all primary proteins,0.013058382,0.04298384,1.013144,0.7612822,0.919178,0.2353126406831023,0.013191452075433655,1.2653042924995992,3.5658625949967565e-71,-0.0081614887,0.051145329,0.99187173,0.87321629,0.972877,0.003072802351468691,0.01011610763324383,1.0030775282479565,0.9833848118923458,1.023164599969618,0.7613157517633927,-0.01123429105146869,0.05213617086213385,0.9888285779464638,0.8927745568248249,1.0952170949417868,-0.37650022739952954,False,no nominal AF-mediated support
CCL11,Eotaxin,Inflammation,rs140905292,all primary proteins,-0.14174873,0.10527537,0.86783929,0.17815528,0.744598,0.2353126406831023,0.013191452075433655,1.2653042924995992,3.5658625949967565e-71,-0.023210319,0.12185417,0.97705697,0.848936,0.971009,-0.03335526796977608,0.02484309531132978,0.967194885181156,0.921227983031689,1.01545541728123,0.17938942597556354,0.01014494896977608,0.12436083841401487,1.0101965834265016,0.7916766075764311,1.2890328290621558,1.437087873276368,True,no nominal AF-mediated support
CCL13,C-C motif chemokine 13,Inflammation,rs3136674,all primary proteins,-0.016657076,0.031583547,0.98348089,0.59791775,0.904093,0.2353126406831023,0.013191452075433655,1.2653042924995992,3.5658625949967565e-71,0.040452899,0.038073317,1.0412823,0.28800876,0.841464,-0.003919620539619127,0.007435255365795568,0.9960880511463291,0.981677220138729,1.010710430355384,0.5980776906167837,0.044372519539619126,0.038792531365419824,1.0453717037497237,0.9688351146050405,1.1279545740309964,-0.09689343993910367,False,no nominal AF-mediated support
CCL17,C-C motif chemokine 17,Inflammation,rs9302690,all primary proteins,0.0057739448,0.031756696,1.0057906,0.85572542,0.959747,0.2353126406831023,0.013191452075433655,1.2653042924995992,3.5658625949967565e-71,0.00052490407,0.038842901,1.000525,0.9892181,0.994067,0.0013586821980464668,0.007473140153200049,1.0013596056248713,0.9867992320969224,1.0161348196901632,0.8557328250007112,-0.0008337781280464667,0.039555262378666786,0.9991665693683519,0.924629564592592,1.0797122129479009,2.588439060963019,True,no nominal AF-mediated support
CCL20,C-C motif chemokine 20,Inflammation,rs1395338,all primary proteins,0.08131273,0.072753495,1.0847101,0.26371776,0.810461,0.2353126406831023,0.013191452075433655,1.2653042924995992,3.5658625949967565e-71,-0.0074893304,0.085592347,0.99253864,0.93027409,0.988165,0.01913391321745211,0.01715338673739233,1.0193181396499151,0.9856177029296526,1.054170868411768,0.26465343902028654,-0.02662324361745211,0.08729426408150169,0.973728030675344,0.8205995878593795,1.155431091790118,-2.5548229541925553,False,no nominal AF-mediated support
CCL21,C-C motif chemokine 21,Inflammation,rs10814138,all primary proteins,0.037800221,0.07075426,1.0385237,0.59317095,0.904093,0.2353126406831023,0.013191452075433655,1.2653042924995992,3.5658625949967565e-71,0.087231279,0.08432357,1.091149,0.30091053,0.848366,0.008894869821914857,0.01665683708458888,1.0089345467295474,0.9765273402359197,1.0424172244255143,0.5933365987999832,0.07833640917808514,0.08595297946672607,1.0814864194378955,0.9138110746617619,1.2799285408764824,0.10196881123243484,True,no nominal AF-mediated support
CCL23,C-C motif chemokine 23,Inflammation,rs712048,all primary proteins,-0.012131655,0.017582108,0.98794164,0.49019419,0.904093,0.2353126406831023,0.013191452075433655,1.2653042924995992,3.5658625949967565e-71,0.035164217,0.021274351,1.0357898,0.098352731,0.606285,-0.0028547317739063614,0.004140386236941447,0.9971493390981735,0.9890900610172921,1.0052742855804924,0.49051847880467375,0.03801894877390636,0.021673504761857396,1.0387509157482615,0.9955488154582397,1.0838277824389748,-0.08118286193906611,False,no nominal AF-mediated support
CCL24,C-C motif chemokine 24,Inflammation,rs2024050,all primary proteins,0.015420537,0.0081466988,1.01554,0.05837687,0.570142,0.2353126406831023,0.013191452075433655,1.2653042924995992,3.5658625949967565e-71,0.011274449,0.0096014664,1.0113382,0.24029794,0.836791,0.003628647282221484,0.0019277836266773565,1.0036352387931156,0.9998502025946857,1.0074346036369626,0.059796690970145935,0.007645801717778516,0.009793084638744539,1.0076751054957487,0.9885177854470348,1.0272036914102385,0.32184697294045,True,no nominal AF-mediated support
CCL25,C-C motif chemokine 25,Inflammation,rs2032887,all primary proteins,0.0064914579,0.010386333,1.0065126,0.53197106,0.904093,0.2353126406831023,0.013191452075433655,1.2653042924995992,3.5658625949967565e-71,-0.00025965832,0.012074112,0.99974038,0.98284251,0.994067,0.0015275221003321856,0.0024455351265538034,1.0015286893564765,0.9967395999378046,1.00634078917572,0.5322226510967409,-0.0017871804203321855,0.012319286612614893,0.9982144156356403,0.9744003896094815,1.0226104486495033,-5.882815926453602,False,no nominal AF-mediated support
CCL4,C-C motif chemokine 4,Inflammation,rs1015673,all primary proteins,0.041045287,0.026408983,1.0418993,0.1201327,0.682546,0.2353126406831023,0.013191452075433655,1.2653042924995992,3.5658625949967565e-71,-0.016863567,0.031181691,0.98327783,0.58863419,0.946293,0.00965847487156581,0.006237910591823229,1.0097052684702537,0.9974354641666326,1.0221260079501922,0.12153782066772652,-0.02652204187156581,0.03179951858395126,0.9738265786385957,0.9149836357469469,1.0364537333924853,-0.5727421056035067,False,no nominal AF-mediated support
CCL7,C-C motif chemokine 7,Inflammation,rs6505397,all primary proteins,0.0066388467,0.063543247,1.0066609,0.91679033,0.986349,0.2353126406831023,0.013191452075433655,1.2653042924995992,3.5658625949967565e-71,0.01707132,0.074924127,1.0172179,0.81976433,0.971009,0.0015622045480672994,0.014952785710607205,1.0015634254252628,0.9726361089974525,1.0313510735104874,0.9167917561166007,0.015509115451932702,0.07640164008199998,1.0156300059426164,0.8743818502772042,1.1796954713138001,0.09151047183623172,True,no nominal AF-mediated support
CCN2,CCN family member 2,Inflammation,rs7767139,all primary proteins,0.043603384,0.022504972,1.044568,0.052684253,0.570142,0.2353126406831023,0.013191452075433655,1.2653042924995992,3.5658625949967565e-71,0.041634199,0.026724654,1.0425131,0.1192582,0.643367,0.010260427431759332,0.00532684998513317,1.0103132461101405,0.9998198176956798,1.0209168064083072,0.05408294431093757,0.031373771568240665,0.027250366276140754,1.0318711159018423,0.9782040933293927,1.0884824619865656,0.24644229211085178,True,no nominal AF-mediated support
CD160,CD160 antigen,Inflammation,rs9728526,all primary proteins,-0.0068444361,0.01926582,0.99317893,0.72239245,0.904093,0.2353126406831023,0.013191452075433655,1.2653042924995992,3.5658625949967565e-71,-0.060332437,0.02357528,0.94145151,0.010493154,0.3073,-0.001610582332677754,0.004534389968885268,0.9983907139590259,0.989556924868862,1.0073033624131418,0.7224452139134547,-0.05872185466732225,0.024007384686140373,0.9429690151145783,0.8996258460995198,0.9884004192647355,0.02669513138807494,True,no nominal AF-mediated support
CD200,OX-2 membrane glycoprotein,Inflammation,rs2399420,all primary proteins,0.049666939,0.04199778,1.050921,0.23696426,0.777778,0.2353126406831023,0.013191452075433655,1.2653042924995992,3.5658625949967565e-71,0.031407035,0.049666939,1.0319054,0.52715628,0.946293,0.01168725857073656,0.009904302632448578,1.0117558214207598,0.9923045878829418,1.0315883395870706,0.2379929279367931,0.01971977642926344,0.05064484218817202,1.0199154956164245,0.923537277906775,1.1263515215717161,0.372122314976137,True,no nominal AF-mediated support
CD200R1,Cell surface glycoprotein CD200 receptor 1,Inflammation,rs16860233,all primary proteins,-0.0090390652,0.0099703628,0.99100166,0.36462185,0.869993,0.2353126406831023,0.013191452075433655,1.2653042924995992,3.5658625949967565e-71,-0.001807813,0.011832958,0.99819382,0.87857352,0.974199,-0.002127006301518734,0.00234918046868282,0.997875254173419,0.9932912051031633,1.0024804586770166,0.36524037199230025,0.000319193301518734,0.012063894226335244,1.000319244249121,0.9769439096535963,1.024253880419745,1.1765632294483632,True,no nominal AF-mediated support
CD22,B-cell receptor CD22,Inflammation,rs10411704,all primary proteins,0.026468133,0.028843478,1.0268215,0.35880367,0.869993,0.2353126406831023,0.013191452075433655,1.2653042924995992,3.5658625949967565e-71,-0.010519386,0.033594169,0.98953575,0.7541809,0.971009,0.006228286270181562,0.006796209715285307,1.0062477223753703,0.9929328061275553,1.0197411874570967,0.35943864464735154,-0.016747672270181563,0.03427472330004576,0.9833917903495983,0.9194991770473994,1.0517240661729679,-0.5920769777039803,False,no nominal AF-mediated support
CD226,CD226 antigen,Inflammation_II,rs13381239,all primary proteins,0.015910839,0.025381576,1.0160381,0.53074729,0.904093,0.2353126406831023,0.013191452075433655,1.2653042924995992,3.5658625949967565e-71,-0.002272977,0.0295487,0.9977296,0.93868474,0.988165,0.0037440215405736906,0.005976292421766134,1.0037510391445088,0.992062160757926,1.0155776406328696,0.5310008243159821,-0.006016998540573691,0.030147002219133818,0.9940010673428524,0.9369689613149584,1.0545046449480033,-1.6471884847817162,False,no nominal AF-mediated support
CD276,CD276 antigen,Inflammation,rs2291014,all primary proteins,-0.0074051911,0.00830279,0.99262216,0.37245088,0.869993,0.2353126406831023,0.013191452075433655,1.2653042924995992,3.5658625949967565e-71,-0.0035903957,0.010023188,0.99641604,0.72018695,0.971009,-0.0017425350725040068,0.0019561919874971716,0.9982589822602723,0.9944388493989663,1.0020937901466809,0.37304765275375323,-0.001847860627495993,0.010212295764189958,0.9981538456158249,0.978373323587012,1.0183342855924185,0.4853323193607899,True,no nominal AF-mediated support
CD300A,CMRF35-like molecule 8,Inflammation_II,rs62087202,all primary proteins,0.0083523403,0.026020752,1.0083873,0.74821975,0.909608,0.2353126406831023,0.013191452075433655,1.2653042924995992,3.5658625949967565e-71,0.0097979376,0.031000032,1.0098461,0.75195532,0.971009,0.001965411251876895,0.006124003088566442,1.0019673439385386,0.9900125741211223,1.0140664720450547,0.7482591149246407,0.007832526348123106,0.03159913602979986,1.0078632808252674,0.9473356815130862,1.0722581368554103,0.2005943834421741,True,no nominal AF-mediated support
CD36,Platelet glycoprotein 4,Inflammation_II,rs6961069,all primary proteins,0.068827156,0.024528827,1.071251,0.0050165339,0.213325,0.2353126406831023,0.013191452075433655,1.2653042924995992,3.5658625949967565e-71,0.010983057,0.02892205,1.0110436,0.70413335,0.971009,0.016195899829067828,0.005842915688419103,1.0163277643410047,1.0047550546412871,1.0280337678312592,0.005573244460701532,-0.005212842829067829,0.029506349146318903,0.9948007204581166,0.9389009525725407,1.0540286179414946,1.4746258559040375,True,AF-mediated pathway supported
CD4,T-cell surface glycoprotein CD4,Inflammation,rs73053728,all primary proteins,0.035903944,0.020596061,1.0365563,0.081291135,0.584579,0.2353126406831023,0.013191452075433655,1.2653042924995992,3.5658625949967565e-71,0.023657638,0.023935963,1.0239397,0.32297045,0.853675,0.008448651873578227,0.004869601001104649,1.008484442455871,0.998904834043852,1.018155920377577,0.08274465589894836,0.015208986126421775,0.02442628376661764,1.015325231332151,0.9678612584203622,1.0651168402609532,0.3571215297815541,True,no nominal AF-mediated support
CD40,Tumor necrosis factor receptor superfamily member 5,Inflammation,rs4810485,all primary proteins,-0.029932428,0.018148008,0.97051111,0.099075819,0.634898,0.2353126406831023,0.013191452075433655,1.2653042924995992,3.5658625949967565e-71,-0.027811232,0.021447645,0.97257194,0.19473329,0.782751,-0.00704347867473683,0.004288671124527,0.9929812684850657,0.9846694537500279,1.001363245104304,0.10051847325190238,-0.02076775332526317,0.021872223848076737,0.9794464113286745,0.9383452643259276,1.0223478597227809,0.25326021784064906,True,no nominal AF-mediated support
CD48,CD48 antigen,Inflammation,rs2295615,all primary proteins,-0.0071816826,0.010933308,0.99284404,0.51126917,0.904093,0.2353126406831023,0.013191452075433655,1.2653042924995992,3.5658625949967565e-71,-0.011147686,0.013077094,0.98891422,0.39395938,0.877844,-0.0016899406971538878,0.002574489244253395,0.9983114864485823,0.9932866959728615,1.003361696090217,0.5115553078534265,-0.009457745302846113,0.013328104979839122,0.9905868385054523,0.9650447254859553,1.01680498188942,0.15159564928128472,True,no nominal AF-mediated support
CD58,Lymphocyte function-associated antigen 3,Inflammation,rs10801908,all primary proteins,0.036865286,0.038417509,1.0375532,0.3372586,0.859547,0.2353126406831023,0.013191452075433655,1.2653042924995992,3.5658625949967565e-71,0.12495392,0.046178622,1.1330962,0.0068123175,0.285537,0.0086748677981978,0.009053196289649639,1.0087126035023437,0.9909716059999082,1.0267712115099397,0.3379566205449172,0.1162790522018022,0.04705768261270215,1.1233092903319737,1.0243374304706783,1.2318438477507556,0.06942453504618183,True,no nominal AF-mediated support
CD5L,CD5 antigen-like,Inflammation_II,rs2765501,all primary proteins,-0.085146025,0.062106513,0.91837817,0.17038501,0.732739,0.2353126406831023,0.013191452075433655,1.2653042924995992,3.5658625949967565e-71,-0.045077308,0.072123692,0.95592358,0.53197106,0.946293,-0.020035935986419444,0.014657546028730943,0.9801634495334473,0.9524051793240454,1.008730746805853,0.1716451818270069,-0.02504137201358056,0.07359803396351855,0.9752695623280869,0.8442610607051566,1.1266073534283145,0.44447942602116886,True,no nominal AF-mediated support
CD6,T-cell differentiation antigen CD6,Inflammation,rs11230563,all primary proteins,0.0050632099,0.0086445046,1.005076,0.55806753,0.904093,0.2353126406831023,0.013191452075433655,1.2653042924995992,3.5658625949967565e-71,-0.0051867028,0.010249913,0.99482672,0.61283973,0.948167,0.0011914372919018261,0.0020352574424407858,1.0011921473352747,0.9972062425288865,1.0051939840887851,0.5582795864059018,-0.006378140091901826,0.010450023414546955,0.993642157067978,0.9734973405821864,1.0142038351252696,-0.2297099598422771,False,no nominal AF-mediated support
CD7,T-cell antigen CD7,Inflammation_II,rs3176831,all primary proteins,0.00044176636,0.015903589,1.0004419,0.97783939,0.995872,0.2353126406831023,0.013191452075433655,1.2653042924995992,3.5658625949967565e-71,-0.025534096,0.018024067,0.97478914,0.15658041,0.724734,0.00010395320873656201,0.0037423200612531466,1.0001039586120586,0.9927950866255192,1.0074666378851522,0.9778394168041797,-0.025638049208736562,0.01840847496837657,0.9746878147961184,0.9401473505048734,1.010497275562027,-0.00407115289049442,False,no nominal AF-mediated support
CD70,CD70 antigen,Inflammation,rs7254538,all primary proteins,0.0077286755,0.0095942179,1.0077586,0.42049916,0.869993,0.2353126406831023,0.013191452075433655,1.2653042924995992,3.5658625949967565e-71,0.0019987954,0.011326507,1.0020008,0.85992425,0.971009,0.001818655040887796,0.002259941604474646,1.001820309796958,0.9973925747499194,1.0062677009334275,0.42097237929548026,0.00018014035911220402,0.011549766096189327,1.000180156585361,0.97779288912024,1.0230799965493533,0.9098755384807249,True,no nominal AF-mediated support
CD72,B-cell differentiation antigen CD72,Inflammation_II,rs869487,all primary proteins,0.012621937,0.048083569,1.0127019,0.79293599,0.922471,0.2353126406831023,0.013191452075433655,1.2653042924995992,3.5658625949967565e-71,0.057700283,0.057099238,1.0593974,0.3122432,0.848366,0.002970101326005754,0.011315896610872041,1.0029745164469859,0.9809742622187841,1.0254681691309337,0.7929578890478826,0.054730181673994245,0.05820972853646192,1.056255579111124,0.9423666206204439,1.1839084958981543,0.05147464053175881,True,no nominal AF-mediated support
CD79B,B-cell antigen receptor complex-associated protein beta chain,Inflammation,rs12946669,all primary proteins,-0.050194657,0.041624838,0.95104428,0.22786286,0.769429,0.2353126406831023,0.013191452075433655,1.2653042924995992,3.5658625949967565e-71,-0.028157979,0.049582527,0.97223476,0.57010203,0.946293,-0.011811437286852564,0.009817205670607905,0.9882580439118841,0.9694240367354233,1.0074579588984272,0.2289235494780795,-0.016346541713147436,0.05054507405162985,0.9837863379735078,0.8909964045166289,1.0862395783834635,0.41947034930498966,True,no nominal AF-mediated support
CD83,CD83 antigen,Inflammation,rs12526086,all primary proteins,-0.032564151,0.040078956,0.96796035,0.41650479,0.869993,0.2353126406831023,0.013191452075433655,1.2653042924995992,3.5658625949967565e-71,0.080658898,0.046591786,1.0840011,0.083419167,0.606285,-0.007662756363413286,0.009440862926387268,0.9923665277074896,0.9741725376019554,1.0109003151930394,0.4169876304296452,0.0883216543634133,0.047538662323046384,1.0923394212678812,0.9951576384296731,1.1990114582637275,-0.09500199672221267,False,no nominal AF-mediated support
CD84,SLAM family member 5,Inflammation,rs11265440,all primary proteins,-0.046204877,0.056904954,0.95484632,0.41681125,0.869993,0.2353126406831023,0.013191452075433655,1.2653042924995992,3.5658625949967565e-71,-0.00097273426,0.066632297,0.99902774,0.98835246,0.994067,-0.010872591619307937,0.013404319701941093,0.9891863013718913,0.9635363563279339,1.0155190641179908,0.41729334199804685,0.009899857359307937,0.0679671890706689,1.0099490230577042,0.8839844268199326,1.153863120467601,11.1773503477794,True,no nominal AF-mediated support
CDON,Cell adhesion molecule-related/down-regulated by oncogenes,Inflammation,rs607980,all primary proteins,0.059649394,0.061306322,1.0614643,0.33056673,0.858912,0.2353126406831023,0.013191452075433655,1.2653042924995992,3.5658625949967565e-71,0.017121585,0.075666361,1.017269,0.8209857,0.971009,0.014036256417286798,0.014447595943304612,1.014135227181928,0.9858204585978325,1.0432632535078146,0.33128498881257035,0.003085328582713204,0.07703331237538286,1.0030900931077265,0.8625173936984757,1.166573268251814,0.8197988922922028,True,no nominal AF-mediated support
CELSR2,Cadherin EGF LAG seven-pass G-type receptor 2,Inflammation_II,rs12740374,all primary proteins,-0.033465166,0.017384502,0.9670886,0.054229358,0.570142,0.2353126406831023,0.013191452075433655,1.2653042924995992,3.5658625949967565e-71,-0.1247338,0.021078708,0.88273185,3.2682066e-09,1.33996e-06,-0.007874776582358372,0.004114543682432524,0.9921561482421496,0.9841870759152553,1.000189747034901,0.05563444306958623,-0.11685902341764164,0.0214765313927531,0.88971061268406,0.8530364294590789,0.9279615113560855,0.06313265997154237,True,no nominal AF-mediated support
CEMIP2,Cell surface hyaluronidase,Inflammation_II,rs191912523,all primary proteins,0.044127497,0.070131201,1.0451156,0.5292093,0.904093,0.2353126406831023,0.013191452075433655,1.2653042924995992,3.5658625949967565e-71,0.021275757,0.08943698,1.0215037,0.81196993,0.971009,0.010383757845805674,0.016513021288593083,1.0104378561450453,0.9782580745203459,1.043676191102843,0.529465326854381,0.010891999154194325,0.09094862980605001,1.0109515329279208,0.845888846379996,1.2082237593072518,0.4880558584028608,True,no nominal AF-mediated support
CFD,Complement factor D,Inflammation_II,rs71335276,all primary proteins,0.074406367,0.047986715,1.0772445,0.12100673,0.682546,0.2353126406831023,0.013191452075433655,1.2653042924995992,3.5658625949967565e-71,0.011861885,0.057691893,1.0119325,0.83709754,0.971009,0.01750875870240604,0.011334459197394339,1.017662935518529,0.9953042782123206,1.0405238608923821,0.12240988696822949,-0.005646873702406038,0.05879476578081459,0.9943690399207358,0.8861362008451114,1.1158214579315149,1.4760519683343785,True,no nominal AF-mediated support
CFH,Complement factor H,Inflammation_II,rs731557,all primary proteins,0.0085472926,0.019943683,1.0085839,0.66823514,0.904093,0.2353126406831023,0.013191452075433655,1.2653042924995992,3.5658625949967565e-71,0.037987967,0.02374248,1.0387187,0.10959858,0.615382,0.002011285992397139,0.00469435496240527,1.0020133099847839,0.9928361339687964,1.0112753142586748,0.6683251400048345,0.03597668100760286,0.024202114061863664,1.0366316730029728,0.9886059469961813,1.0869904523011058,0.052945344308558004,True,no nominal AF-mediated support
CFHR2,Complement factor H-related protein 2,Inflammation_II,rs4085749,all primary proteins,0.0090619005,0.0076158525,1.0091031,0.23409615,0.777778,0.2353126406831023,0.013191452075433655,1.2653042924995992,3.5658625949967565e-71,0.013207238,0.0088690941,1.0132948,0.13645302,0.672724,0.0021323797362625247,0.0017960887889830624,1.002134654874798,0.9986130084729362,1.0056687204953907,0.2351348811724451,0.011074858263737474,0.00904913062634005,1.0111364115278763,0.9933607004279802,1.0292302104129756,0.16145538804271753,True,no nominal AF-mediated support
CFHR4,Complement factor H-related protein 4,Inflammation_II,rs4915363,all primary proteins,-0.0065537489,0.01525007,0.99346768,0.667376,0.904093,0.2353126406831023,0.013191452075433655,1.2653042924995992,3.5658625949967565e-71,0.034407182,0.017266608,1.035006,0.046294227,0.469117,-0.0015421799600329768,0.0035895754915733625,0.9984590085884179,0.9914589359928079,1.0055085043265957,0.6674667074450183,0.035949361960032976,0.017635781922993043,1.036603353599817,1.0013841864939874,1.073061195879828,-0.04482145500997369,False,no nominal AF-mediated support
CFHR5,Complement factor H-related protein 5,Inflammation_II,rs72732234,all primary proteins,0.0093141512,0.019824038,1.0093577,0.63846843,0.904093,0.2353126406831023,0.013191452075433655,1.2653042924995992,3.5658625949967565e-71,-0.0037130738,0.021586175,0.99629381,0.86342836,0.971009,0.0021917375145936863,0.004666464546678593,1.0021941411269686,0.9930695938050936,1.0114025268468252,0.6385848156312386,-0.005904811314593686,0.022084810220964844,0.9941125878206883,0.9519992430109198,1.038088889795693,-0.5902757749101799,False,no nominal AF-mediated support
CFI,Complement factor I,Inflammation_II,rs10033900,all primary proteins,-0.011107203,0.031007608,0.98895425,0.72018695,0.904093,0.2353126406831023,0.013191452075433655,1.2653042924995992,3.5658625949967565e-71,0.032396009,0.03656121,1.0329265,0.3755766,0.872653,-0.0026136652685332757,0.007297953101661669,0.997389747380713,0.9832246465594066,1.0117589216881548,0.7202409715856097,0.035009674268533277,0.03728246499546607,1.0356297277112474,0.9626513705105826,1.114140555734535,-0.08067861904018102,False,no nominal AF-mediated support
CGB3_CGB5_CGB8,Choriogonadotropin subunit beta 3,Inflammation_II,rs7252920,all primary proteins,-0.06033458,0.1141465,0.94144949,0.59710278,0.904093,0.2353126406831023,0.013191452075433655,1.2653042924995992,3.5658625949967565e-71,0.22177035,0.13208381,1.2482847,0.093149638,0.606285,-0.01419748934430589,0.026871903548140386,0.9859028197340665,0.9353201327764312,1.0392210494542198,0.5972636879847039,0.2359678393443059,0.1347895844062762,1.2661335898256418,0.9721747117335333,1.6489775427569076,-0.06401887963970787,False,no nominal AF-mediated support
CKAP4,Cytoskeleton-associated protein 4,Inflammation,rs2704895,all primary proteins,-0.019256347,0.036273583,0.98092787,0.59551289,0.904093,0.2353126406831023,0.013191452075433655,1.2653042924995992,3.5658625949967565e-71,-0.022391101,0.042990914,0.97785772,0.60248288,0.946293,-0.004531261862480135,0.008539411553059525,0.9954789888158725,0.9789560712438958,1.01228078182783,0.5956756966958436,-0.017859839137519866,0.04383081377556117,0.982298702543451,0.9014341948861759,1.0704172822514086,0.20236887245875648,True,no nominal AF-mediated support
CKMT1A_CKMT1B,"Creatine kinase U-type, mitochondrial",Inflammation,rs690604,all primary proteins,0.11271168,0.057043105,1.1193092,0.048165695,0.570142,0.2353126406831023,0.013191452075433655,1.2653042924995992,3.5658625949967565e-71,0.033332417,0.072162965,1.0338942,0.64414962,0.957279,0.026522483056628805,0.013505059026140635,1.026877334343406,1.0000525687470814,1.054421630164226,0.049542569054625125,0.006809933943371198,0.07341580304601161,1.0068331742686025,0.8718960769135707,1.162653517602967,0.7956963653919487,True,AF-mediated pathway supported
CLEC3B,Tetranectin,Inflammation_II,rs13065490,all primary proteins,-0.02101167,0.031937738,0.97920754,0.51060577,0.904093,0.2353126406831023,0.013191452075433655,1.2653042924995992,3.5658625949967565e-71,-0.011346302,0.036980539,0.98871782,0.75898177,0.971009,-0.00494431155286192,0.007520462977190123,0.9950678914354281,0.9805080542106888,1.0098439317388679,0.5108930494355561,-0.006401990447138081,0.03773748306553854,0.9936184586321634,0.9227772029015822,1.0698981706853603,0.4357641417319863,True,no nominal AF-mediated support
CLEC4C,C-type lectin domain family 4 member C,Inflammation,rs10845821,all primary proteins,-0.0062203944,0.0079808834,0.99379891,0.4357372,0.87326,0.2353126406831023,0.013191452075433655,1.2653042924995992,3.5658625949967565e-71,-0.0073940538,0.0093892746,0.99263321,0.43098923,0.91207,-0.0014637374323543816,0.0018797945402899887,0.9985373333087894,0.9948650942031018,1.0022231273578839,0.43617481657654894,-0.0059303163676456185,0.009575599460499025,0.9940872332497326,0.975604020777978,1.0129206176519019,0.19796142575462214,True,no nominal AF-mediated support
CLEC4D,C-type lectin domain family 4 member D,Inflammation,rs4242896,all primary proteins,-0.036161393,0.012618819,0.96448462,0.0041612562,0.213325,0.2353126406831023,0.013191452075433655,1.2653042924995992,3.5658625949967565e-71,-0.0030134494,0.014690566,0.99699109,0.83747196,0.971009,-0.00850923287760945,0.0030074396708781,0.9915268681744843,0.9856994240341831,0.9973887641003709,0.004663619182754668,0.005495783477609451,0.014995246672673558,1.005510912999119,0.9763883227774135,1.0355021384158962,2.8237517038147213,True,AF-mediated pathway supported
CLEC4G,C-type lectin domain family 4 member G,Inflammation,rs76560987,all primary proteins,-0.00080123711,0.037391065,0.99919908,0.98290378,0.995872,0.2353126406831023,0.013191452075433655,1.2653042924995992,3.5658625949967565e-71,0.082260343,0.041397251,1.0857384,0.046911674,0.469117,-0.0001885412201673973,0.008798596591500476,0.9998114765526115,0.9827172986933177,1.0172030043385563,0.9829037943636031,0.0824488842201674,0.042321952841722285,1.0859431631887035,0.9994979827032637,1.1798648662469544,-0.0022920062485929254,False,no nominal AF-mediated support
CLEC7A,C-type lectin domain family 7 member A,Inflammation,rs16910526,all primary proteins,-0.0017927113,0.0078110994,0.99820889,0.81847395,0.939516,0.2353126406831023,0.013191452075433655,1.2653042924995992,3.5658625949967565e-71,0.0060824135,0.0092196584,1.0061009,0.5094321,0.946293,-0.00042184762998543723,0.0018382025514309813,0.9995782413352157,0.9959833637186218,1.0031860942137958,0.8184887150783695,0.006504261129985437,0.009401121722048808,1.0065254597719877,0.9881488472747478,1.0252438222877647,-0.06935530278982796,False,no nominal AF-mediated support
CLIP2,CAP-Gly domain-containing linker protein 2,Inflammation,rs117471007,all primary proteins,0.07801654,0.05481162,1.0811405,0.1546325,0.717809,0.2353126406831023,0.013191452075433655,1.2653042924995992,3.5658625949967565e-71,0.07721637,0.063613486,1.0802758,0.22481017,0.815683,0.018358278044358876,0.01293886111469182,1.0185278271849252,0.9930225663765634,1.0446881771633914,0.1559433165033199,0.05885809195564113,0.06491602058057379,1.0606247188806253,0.9339080357623487,1.2045348698411504,0.23775111474883984,True,no nominal AF-mediated support
CLU,Clusterin,Inflammation_II,rs553014,all primary proteins,0.0053083628,0.071132061,1.0053225,0.9405116,0.987363,0.2353126406831023,0.013191452075433655,1.2653042924995992,3.5658625949967565e-71,-0.097673875,0.083872132,0.90694463,0.24419837,0.836791,0.0012491248681719468,0.016738419586259483,1.0012499053495791,0.9689345846019252,1.034642987146967,0.9405121171787351,-0.09892299986817193,0.08552607331376262,0.9058124530166209,0.7660145584880003,1.071123506659621,-0.012788730539992878,False,no nominal AF-mediated support
CNTNAP2,Contactin-associated protein-like 2,Inflammation,rs7810370,all primary proteins,-0.016778645,0.013350749,0.98336133,0.20884173,0.769429,0.2353126406831023,0.013191452075433655,1.2653042924995992,3.5658625949967565e-71,-0.014072412,0.015696151,0.98602614,0.36995817,0.871741,-0.00394822726203433,0.0031493871816580844,0.9960595567395166,0.9899300190917774,1.0022270478092659,0.20996947743015074,-0.010124184737965669,0.01600899109359466,0.9899268923038745,0.9593476015288185,1.0214809007128887,0.2805650702974252,True,no nominal AF-mediated support
COL5A1,Collagen alpha-1(V) chain,Inflammation_II,rs12002679,all primary proteins,0.047033101,0.033474009,1.0481567,0.16000246,0.717809,0.2353126406831023,0.013191452075433655,1.2653042924995992,3.5658625949967565e-71,0.083473161,0.03898239,1.087056,0.032249503,0.457404,0.011067483195825059,0.007901254506859386,1.0111289543556712,0.9955907736692869,1.026909639357511,0.16129638147862702,0.07240567780417495,0.039775074517771375,1.0750913963264201,0.9944619237479753,1.1622581849076503,0.13258732583309094,True,no nominal AF-mediated support
CPA4,Carboxypeptidase A4,Inflammation_II,rs34587586,all primary proteins,0.0050451258,0.012893099,1.0050579,0.69557229,0.904093,0.2353126406831023,0.013191452075433655,1.2653042924995992,3.5658625949967565e-71,0.012706243,0.015322234,1.0127873,0.40695261,0.889069,0.001187181874576449,0.0030346390404097255,1.0011878868539301,0.9952506035765958,1.0071605896854838,0.6956418380769622,0.011519061125423552,0.015619855596526329,1.0115856609869927,0.9810853149747125,1.0430342131263746,0.0934329584737557,True,no nominal AF-mediated support
CPB2,Carboxypeptidase B2,Inflammation_II,rs6561283,all primary proteins,0.0051923006,0.011423061,1.0052058,0.64943628,0.904093,0.2353126406831023,0.013191452075433655,1.2653042924995992,3.5658625949967565e-71,-0.0099395468,0.013499981,0.99010969,0.46157021,0.914221,0.0012218139654064564,0.0026888631710903243,1.0012225606841756,0.9959598257036676,1.0065131043962814,0.6495424135039558,-0.011161360765406457,0.01376515427277177,0.9889006961272877,0.9625771471587714,1.0159441138692766,-0.12292451456704809,False,no nominal AF-mediated support
CPOX,"Oxygen-dependent coproporphyrinogen-III oxidase, mitochondrial",Inflammation_II,rs1729988,all primary proteins,0.013376989,0.061788949,1.0134669,0.82860204,0.944252,0.2353126406831023,0.013191452075433655,1.2653042924995992,3.5658625949967565e-71,0.067521945,0.071980941,1.0698537,0.34821712,0.856601,0.0031477746059788117,0.01454079153334628,1.0031527340508368,0.9749664909811232,1.0321538403037818,0.8286144679285663,0.06437417039402119,0.07343494049607256,1.0664913736120465,0.9235241649538255,1.2315907835998832,0.046618541660475146,True,no nominal AF-mediated support
CR1,Complement receptor type 1,Inflammation_II,rs679515,all primary proteins,-0.01019249,0.016122666,0.98985928,0.52726671,0.904093,0.2353126406831023,0.013191452075433655,1.2653042924995992,3.5658625949967565e-71,-0.01111908,0.0185318,0.98894251,0.54850624,0.946293,-0.002398421737036113,0.003796248867948075,0.9976044521782987,0.990209175767055,1.005054959458471,0.5275258881182359,-0.008720658262963886,0.01891663597755682,0.9913172563836989,0.9552356024621956,1.028761805224901,0.21570325395951043,True,no nominal AF-mediated support
CRELD1,Protein disulfide isomerase CRELD1,Inflammation_II,rs9878047,all primary proteins,0.013220216,0.0092541514,1.013308,0.15312745,0.717809,0.2353126406831023,0.013191452075433655,1.2653042924995992,3.5658625949967565e-71,-0.0021633081,0.011056908,0.99783903,0.84488242,0.971009,0.0031108839373609996,0.0021845907775980052,1.0031157277583493,0.9988297712655678,1.007420075195801,0.15444293808794046,-0.005274192037361,0.011270654434682588,0.9947396920935472,0.9730063459916841,1.0169584803867475,-1.4380216749343284,False,no nominal AF-mediated support
CRELD2,Protein disulfide isomerase CRELD2,Inflammation,rs74510325,all primary proteins,0.03640917,0.024723795,1.0370801,0.14084899,0.71745,0.2353126406831023,0.013191452075433655,1.2653042924995992,3.5658625949967565e-71,0.0061501977,0.028905929,1.0061691,0.83150952,0.971009,0.008567537937779987,0.00583761297038576,1.008604344329233,0.9971299430267776,1.0202107864817003,0.14220093614567694,-0.002417340237779987,0.029489497393903767,0.9975855791762531,0.9415604234122636,1.0569443691928422,1.393050818151746,True,no nominal AF-mediated support
CRHBP,Corticotropin-releasing factor-binding protein,Inflammation,rs6896257,all primary proteins,0.01308429,0.012234661,1.0131703,0.28486945,0.825746,0.2353126406831023,0.013191452075433655,1.2653042924995992,3.5658625949967565e-71,0.014783548,0.014613623,1.0148934,0.311716,0.848366,0.0030788988313635085,0.0028841396506537388,1.003083643508581,0.9974292950518431,1.0087700460233149,0.28573363349150877,0.011704649168636491,0.01489551068982202,1.0117734166124182,0.982661520020084,1.041747769407561,0.20826521694004094,True,no nominal AF-mediated support
CRISP3,Cysteine-rich secretory protein 3,Inflammation_II,rs1025347,all primary proteins,-0.0099800574,0.011555856,0.99006958,0.38778768,0.869993,0.2353126406831023,0.013191452075433655,1.2653042924995992,3.5658625949967565e-71,0.001925976,0.013656921,1.0019278,0.88784969,0.974199,-0.0023484336609629363,0.0027224240655371,0.9976543217519768,0.9923450645738914,1.002991984585302,0.38834315488556315,0.004274409660962936,0.01392562687970838,1.0042835579798477,0.9772431155773047,1.0320722128933517,-1.2193473132390726,False,no nominal AF-mediated support
CSF1,Macrophage colony-stimulating factor 1,Inflammation,rs11577194,all primary proteins,-0.020361361,0.035900294,0.97984453,0.57060264,0.904093,0.2353126406831023,0.013191452075433655,1.2653042924995992,3.5658625949967565e-71,0.054654178,0.041794372,1.0561753,0.19097769,0.782751,-0.004791285624811932,0.008452061881057705,0.995220174274302,0.9788691257881146,1.0118443509852482,0.5707972577737204,0.05944546362481193,0.042640437156713264,1.061247882788614,0.9761590027322683,1.1537537077166233,-0.08766549603603832,False,no nominal AF-mediated support
CSF2RB,Cytokine receptor common subunit beta,Inflammation_II,rs2239749,all primary proteins,0.0059708941,0.0060600119,1.0059888,0.32447962,0.857964,0.2353126406831023,0.013191452075433655,1.2653042924995992,3.5658625949967565e-71,0.0062382476,0.007040308,1.0062577,0.3755766,0.872653,0.0014050268579101552,0.0014281710263923904,1.0014060143705856,0.9986067830752599,1.004213092293811,0.3252165444911664,0.0048332207420898445,0.0071837044215008385,1.0048449195935776,0.9907957806305905,1.019093270452154,0.22522781203973938,True,no nominal AF-mediated support
CSF3R,Granulocyte colony-stimulating factor receptor,Inflammation_II,rs3917999,all primary proteins,0.011216208,0.027113195,1.0112793,0.6791079,0.904093,0.2353126406831023,0.013191452075433655,1.2653042924995992,3.5658625949967565e-71,0.020401134,0.029232794,1.0206107,0.48524899,0.934047,0.0026393155229309374,0.006381792903250485,1.002642801582408,0.9901795401913743,1.0152629364273924,0.6791893424369952,0.017761818477069063,0.029921288837655612,1.0179204976596083,0.9599405652404133,1.0794023891427924,0.12937102040165696,True,no nominal AF-mediated support
CST1,Cystatin-SN,Inflammation_II,rs4549181,all primary proteins,0.00034328046,0.013044657,1.0003433,0.97900546,0.995872,0.2353126406831023,0.013191452075433655,1.2653042924995992,3.5658625949967565e-71,0.0029178839,0.015619261,1.0029221,0.85180711,0.971009,8.077823153751008e-05,0.0030695760256964633,1.0000807814941868,0.9940819900387412,1.0061157726789167,0.979005483161975,0.0028371056684624897,0.015918027866656456,1.0028411340615075,0.9720362033697149,1.0346223079751438,0.027683840175241406,True,no nominal AF-mediated support
CST7,Cystatin-F,Inflammation,rs227651,all primary proteins,-0.017347735,0.0096908035,0.98280187,0.073434067,0.570142,0.2353126406831023,0.013191452075433655,1.2653042924995992,3.5658625949967565e-71,-0.011006839,0.01316035,0.98905352,0.40295036,0.889069,-0.0040821413327206775,0.0022918222781126802,0.9959261792803862,0.9914625398789201,1.0004099143243046,0.07488352533834135,-0.006924697667279322,0.01335841538046162,0.9930992228057507,0.967434852935049,1.0194444239271168,0.3708731755520979,True,no nominal AF-mediated support
CTBS,Di-N-acetylchitobiase,Inflammation_II,rs79723172,all primary proteins,-0.0094352632,0.014951263,0.99060911,0.52799609,0.904093,0.2353126406831023,0.013191452075433655,1.2653042924995992,3.5658625949967565e-71,-0.020322105,0.018144737,0.979883,0.26271376,0.841464,-0.002220236699132098,0.003520422098253147,0.9977822262032887,0.9909211994478031,1.0046907579351192,0.5282540717951432,-0.0181018683008679,0.018483096400469218,0.9820609863785992,0.9471207014685571,1.0182902553724038,0.10925229936230021,True,no nominal AF-mediated support
CTRC,Chymotrypsin-C,Inflammation,rs497078,all primary proteins,-0.0017564351,0.020550291,0.99824511,0.93188768,0.986349,0.2353126406831023,0.013191452075433655,1.2653042924995992,3.5658625949967565e-71,0.044613453,0.027049101,1.0456236,0.099075819,0.606285,-0.0004133113815694888,0.004835798749776065,0.9995867740198134,0.9901572828257065,1.0091060643859529,0.9318884577792786,0.04502676438156949,0.0274779696203438,1.046055856572147,0.9912088143772737,1.103937776982279,-0.00926427688906951,False,no nominal AF-mediated support
CTSC,Dipeptidyl peptidase 1,Inflammation,rs11600158,all primary proteins,0.014357792,0.011627789,1.0144614,0.21691142,0.769429,0.2353126406831023,0.013191452075433655,1.2653042924995992,3.5658625949967565e-71,-0.0087966755,0.013953347,0.9912419,0.52841016,0.946293,0.0033785699498987205,0.002742713134142501,1.0033842837503646,0.9980048451796586,1.0087927185323373,0.2180107375407492,-0.01217524544989872,0.014220350482270357,0.9878985729615108,0.9607441559119846,1.0158204808781552,-0.38407350025571824,False,no nominal AF-mediated support
CTSE,Cathepsin E,Inflammation_II,rs41302235,all primary proteins,-0.0017107576,0.016329958,0.9982907,0.91656474,0.986349,0.2353126406831023,0.013191452075433655,1.2653042924995992,3.5658625949967565e-71,0.0015552341,0.020529091,1.0015564,0.93961197,0.988165,-0.00040256288842468644,0.0038427118063444603,0.999597518129143,0.9920971152724648,1.007154625155349,0.9165661682002224,0.001957796988424686,0.020885641271287315,1.001959714724257,0.9617718102814078,1.0438268820091257,-0.2588439183687436,False,no nominal AF-mediated support
CTSO,Cathepsin O,Inflammation,rs2334114,all primary proteins,-0.016944728,0.038011147,0.98319803,0.65575391,0.904093,0.2353126406831023,0.013191452075433655,1.2653042924995992,3.5658625949967565e-71,0.090219228,0.045338597,1.0944142,0.046602064,0.469117,-0.003987308691336902,0.008947295922337655,0.9960206300690286,0.9787059797296807,1.0136416003068784,0.6558544261979197,0.0942065366913369,0.04621301204477251,1.0987866622447986,1.0036356259970316,1.2029586214894248,-0.04419577488888402,False,no nominal AF-mediated support
CXADR,Coxsackievirus and adenovirus receptor,Inflammation,rs2849900,all primary proteins,-0.030765494,0.097154192,0.96970295,0.75149654,0.909608,0.2353126406831023,0.013191452075433655,1.2653042924995992,3.5658625949967565e-71,0.029955876,0.1109177,1.0304091,0.7871041,0.971009,-0.00723950963506014,0.022865211458658077,0.9927866324913852,0.9492763475361999,1.0382912206879766,0.7515344014767722,0.03719538563506014,0.11324996277411815,1.03789579095657,0.8312916845833382,1.295848007219385,-0.24167243965958932,False,no nominal AF-mediated support
CXCL1,Growth-regulated alpha protein,Inflammation,rs3097411,all primary proteins,-0.010976395,0.011569713,0.98908363,0.34276408,0.859547,0.2353126406831023,0.013191452075433655,1.2653042924995992,3.5658625949967565e-71,0.014981296,0.013794658,1.0150941,0.27746948,0.841464,-0.0025828844926308004,0.00272634740766216,0.9974204482835108,0.99210480665145,1.0027645708238095,0.3434456484779469,0.0175641804926308,0.014061492080296108,1.0177193377832034,0.9900534533930757,1.0461583129155179,-0.17240727989292784,False,no nominal AF-mediated support
CXCL12,Stromal cell-derived factor 1,Inflammation,rs11239028,all primary proteins,0.026615347,0.036340185,1.0269727,0.4639279,0.892952,0.2353126406831023,0.013191452075433655,1.2653042924995992,3.5658625949967565e-71,0.040434854,0.042994022,1.0412635,0.34697336,0.856601,0.0062629275852670845,0.008558509400767333,1.0062825807235412,0.9895433045343007,1.0233050212432924,0.46430417233271043,0.03417192641473291,0.043837586736720655,1.0347624944416507,0.9495664722076298,1.1276023861855387,0.15488933347619074,True,no nominal AF-mediated support
CXCL14,C-X-C motif chemokine 14,Inflammation,rs13171268,all primary proteins,-0.1045251,0.094769425,0.90075219,0.27005271,0.810461,0.2353126406831023,0.013191452075433655,1.2653042924995992,3.5658625949967565e-71,0.11288711,0.11149344,1.1195055,0.31129905,0.848366,-0.024596077298665333,0.02234302980617365,0.9757039414159877,0.9338976625891614,1.0193816939806333,0.2709667597517358,0.13748318729866532,0.11371014969629212,1.1473824152120442,0.9181553224491525,1.4338384525464978,-0.21788207084639985,False,no nominal AF-mediated support
CXCL17,C-X-C motif chemokine 17,Inflammation,rs11668599,AF-HF nominal overlap,0.27135891,0.10345559,1.3117458,0.0087171855,0.28418,0.2353126406831023,0.013191452075433655,1.2653042924995992,3.5658625949967565e-71,0.25694297,0.12041552,1.2929714,0.032858925,0.457404,0.0638541816849883,0.024606175444738896,1.0659369542978714,1.0157488033736655,1.1186049018852136,0.009457798583136546,0.1930887883150117,0.12290387026813952,1.212990488119603,0.9533217660627787,1.5433885773376341,0.24851499803628915,True,AF-mediated pathway supported
CXCL6,C-X-C motif chemokine 6,Inflammation,rs16850073,all primary proteins,0.024297516,0.012506074,1.0245951,0.052033421,0.570142,0.2353126406831023,0.013191452075433655,1.2653042924995992,3.5658625949967565e-71,0.027513364,0.014828631,1.0278954,0.063536033,0.529308,0.005717512651999929,0.0029602405512048928,1.0057338888229082,0.9999154447466353,1.01158619005345,0.053429261856593496,0.02179585134800007,0.015121220898299148,1.0220351160802332,0.9921889246318171,1.0527791155184998,0.20780856357659241,True,no nominal AF-mediated support
CXCL8,Interleukin-8,Inflammation,rs74468557,all primary proteins,-0.16974256,0.088199564,0.84388204,0.054288397,0.570142,0.2353126406831023,0.013191452075433655,1.2653042924995992,3.5658625949967565e-71,-0.17029727,0.10428628,0.84341406,0.10247347,0.607042,-0.039942570029909925,0.02087491119634943,0.9608446188455455,0.9223252093543326,1.0009727287089303,0.05569370889022915,-0.13035469997009008,0.10635501922191483,0.8777840257284486,0.7126174504802986,1.0812320064639556,0.2345461558480058,True,no nominal AF-mediated support
CXCL9,C-X-C motif chemokine 9,Inflammation,rs13118503,all primary proteins,0.063554928,0.051512942,1.065618,0.21729003,0.769429,0.2353126406831023,0.013191452075433655,1.2653042924995992,3.5658625949967565e-71,-0.065561926,0.060878931,0.93654105,0.28151463,0.841464,0.014955277936104436,0.012150604748034846,1.0150676676795118,0.9911792259514448,1.0395318454937015,0.21838801997010396,-0.08051720393610444,0.06207963784886094,0.9226390304242896,0.8169370035607072,1.0420176546685407,-0.22810919154669793,False,no nominal AF-mediated support
DAPK2,Death-associated protein kinase 2,Inflammation_II,rs34772505,all primary proteins,-0.007743874,0.017552781,0.99228603,0.65908525,0.904093,0.2353126406831023,0.013191452075433655,1.2653042924995992,3.5658625949967565e-71,-0.011099553,0.020392201,0.98896182,0.58623243,0.946293,-0.0018222314400572182,0.004131654279936804,0.998179427815651,0.990128769778368,1.0062955451111757,0.6591828763978942,-0.009277321559942781,0.02080654773654969,0.9907655800146474,0.9511741072444856,1.0320049999946543,0.16417160583468707,True,no nominal AF-mediated support
DAPP1,Dual adapter for phosphotyrosine and 3-phosphotyrosine and 3-phosphoinositide,Inflammation,rs7688733,all primary proteins,-0.027047279,0.06611557,0.97331522,0.68247295,0.904093,0.2353126406831023,0.013191452075433655,1.2653042924995992,3.5658625949967565e-71,0.089155844,0.078136583,1.093251,0.25385925,0.841464,-0.006364566644782618,0.015561920054231081,0.9936556443087864,0.9638053441169864,1.024430446970903,0.6825518588681033,0.09552041064478262,0.07967119277813134,1.1002312782345605,0.9411665832200107,1.286179181441126,-0.07138698215657763,False,no nominal AF-mediated support
DBH,Dopamine beta-hydroxylase,Inflammation_II,rs1611115,all primary proteins,0.0044437228,0.0071783215,1.0044536,0.53588499,0.904093,0.2353126406831023,0.013191452075433655,1.2653042924995992,3.5658625949967565e-71,-0.0011963869,0.0085456208,0.99880433,0.88865999,0.974199,0.0010456641465317093,0.0016901666223311412,1.0010462110438925,0.9977355054119458,1.0043679023245626,0.5361303611668669,-0.002242051046531709,0.00871115939864694,0.9977604604725806,0.9808694336155154,1.0149423586510555,-0.8740183852996964,False,no nominal AF-mediated support
DBNL,Drebrin-like protein,Inflammation,rs7799945,all primary proteins,0.20453442,0.12653401,1.2269537,0.10599957,0.634898,0.2353126406831023,0.013191452075433655,1.2653042924995992,3.5658625949967565e-71,0.22880122,0.14906746,1.2570921,0.12481239,0.660257,0.04812953448078673,0.02989704833811845,1.0493065679030573,0.9895859256545428,1.1126312985062197,0.10743227770174739,0.18067168551921325,0.15203598629990006,1.1980217868176,0.8893015962486461,1.6139138934912485,0.21035523534702627,True,no nominal AF-mediated support
DDI2,Protein DDI1 homolog 2,Inflammation_II,rs41270291,all primary proteins,0.079879462,0.13515151,1.0831565,0.55449602,0.904093,0.2353126406831023,0.013191452075433655,1.2653042924995992,3.5658625949967565e-71,-0.20594515,0.16392326,0.81387771,0.20898872,0.800798,0.018796647139565522,0.03182031050818091,1.0189744161852274,0.957364424220086,1.0845492422448015,0.5547132402716786,-0.22474179713956552,0.16698313486656263,0.7987224245514811,0.5757805148696268,1.107987323304694,-0.0912701616890008,False,no nominal AF-mediated support
DNAJB6,DnaJ homolog subfamily B member 6,Inflammation_II,rs12668458,all primary proteins,0.018848562,0.036126411,1.0190273,0.60185198,0.904093,0.2353126406831023,0.013191452075433655,1.2653042924995992,3.5658625949967565e-71,0.040838552,0.042409265,1.0416839,0.33556611,0.854294,0.004435304897299175,0.008504636541745207,1.004445155420038,0.9878407457639858,1.0213286651448092,0.6020072916069032,0.03640324710270083,0.043253607948325105,1.0370739592532334,0.9527775489283953,1.1288284428729822,0.10860583150203698,True,no nominal AF-mediated support
DNER,Delta and Notch-like epidermal growth factor-related receptor,Inflammation,rs34412673,all primary proteins,-0.03104216,0.025333257,0.9694347,0.22044258,0.769429,0.2353126406831023,0.013191452075433655,1.2653042924995992,3.5658625949967565e-71,-0.017126709,0.029614934,0.98301912,0.56305265,0.946293,-0.00730461264210737,0.005975283500793219,0.9927220012001223,0.9811634983651767,1.0044166678732134,0.22152944733555627,-0.009822096357892631,0.030211725020912125,0.9902259828887819,0.9332920753941288,1.050633047295478,0.4265041603794033,True,no nominal AF-mediated support
DNPH1,2'-deoxynucleoside 5'-phosphate N-hydrolase 1,Inflammation,rs77321231,all primary proteins,0.015640953,0.024113136,1.0157639,0.5165655,0.904093,0.2353126406831023,0.013191452075433655,1.2653042924995992,3.5658625949967565e-71,-0.0052136511,0.028457845,0.99479992,0.8546363,0.971009,0.0036805139532302905,0.005677875775725041,1.0036872953618476,0.9925795459622162,1.0149193492539772,0.5168425179063866,-0.00889416505323029,0.02901873903822477,0.991145271029153,0.9363453624641979,1.0491523615796357,-0.7059379085091234,False,no nominal AF-mediated support
DPP10,Inactive dipeptidyl peptidase 10,Inflammation,rs17355498,all primary proteins,0.029113308,0.02566568,1.0295412,0.25665684,0.80452,0.2353126406831023,0.013191452075433655,1.2653042924995992,3.5658625949967565e-71,0.012641305,0.029879448,1.0127215,0.67223914,0.963699,0.006850729384500488,0.006051657309075696,1.0068742493099219,0.9950020127698809,1.0188881438553274,0.2576168369077739,0.0057905756154995125,0.030486127484008085,1.0058073734057855,0.9474678876585308,1.0677390606847093,0.5419321331540128,True,no nominal AF-mediated support
DTD1,D-aminoacyl-tRNA deacylase 1,Inflammation_II,rs6081238,all primary proteins,0.013277487,0.041643029,1.013366,0.7498474,0.909608,0.2353126406831023,0.013191452075433655,1.2653042924995992,3.5658625949967565e-71,-0.045264162,0.048885295,0.95574498,0.35448448,0.859992,0.0031243605276055617,0.009800696301620858,1.0031292464290729,0.984043668631961,1.0225849899936816,0.7498860284791904,-0.04838852252760556,0.04985805567040927,0.9527635450577432,0.8640623817874231,1.050570412419974,-0.06902503856374413,False,no nominal AF-mediated support
ECM1,Extracellular matrix protein 1,Inflammation_II,rs3737240,all primary proteins,-0.014327769,0.010191918,0.98577438,0.15978438,0.717809,0.2353126406831023,0.013191452075433655,1.2653042924995992,3.5658625949967565e-71,-0.012259844,0.011964426,0.987815,0.30550884,0.848366,-0.0033715051584874917,0.002405723121812929,0.9966341719830665,0.9919458871022271,1.001344615345946,0.16107899170277715,-0.008888338841512508,0.012203892544934232,0.9911510456681673,0.9677243755722911,1.0151448285552824,0.27500391999176266,True,no nominal AF-mediated support
EDAR,Tumor necrosis factor receptor superfamily member EDAR,Inflammation,rs140661471,all primary proteins,-0.02120878,0.020003736,0.97901454,0.28903499,0.825746,0.2353126406831023,0.013191452075433655,1.2653042924995992,3.5658625949967565e-71,-0.015966837,0.022654833,0.98415996,0.48094265,0.930125,-0.004990694027466966,0.004715438998230183,0.9950217387945685,0.9858678551925741,1.0042606171395778,0.28988535533985843,-0.010976142972533035,0.023140372149209682,0.9890838750950738,0.9452259567624165,1.0349767745734695,0.3125662288321078,True,no nominal AF-mediated support
EGLN1,Egl nine homolog 1,Inflammation,rs77466488,all primary proteins,-0.064368198,0.050723327,0.93765969,0.20443898,0.769429,0.2353126406831023,0.013191452075433655,1.2653042924995992,3.5658625949967565e-71,0.030849275,0.057545762,1.03133,0.59190155,0.946293,-0.015146650647392783,0.011966004545711414,0.9849674828919595,0.9621354675638706,1.0083413147744906,0.2055822382902339,0.045995925647392785,0.05877669596828857,1.047070144815272,0.9331340627763076,1.174917872895499,-0.4909888691838879,False,no nominal AF-mediated support
ENAH,Protein enabled homolog,Inflammation,rs10799316,all primary proteins,0.17275598,0.061870746,1.188576,0.0052349726,0.213325,0.2353126406831023,0.013191452075433655,1.2653042924995992,3.5658625949967565e-71,0.12615204,0.073923489,1.1344546,0.087910982,0.606285,0.040651665847597204,0.014736246561556771,1.0414892560754656,1.0118381452868686,1.0720092690448044,0.005804645488455458,0.08550037415240279,0.07537797548791102,1.0892619688939724,0.9396569117860208,1.2626860101774695,0.32224342822832835,True,AF-mediated pathway supported
ENPP5,Ectonucleotide pyrophosphatase/phosphodiesterase family member 5,Inflammation,rs9472701,all primary proteins,0.01516614,0.0088683361,1.0152817,0.087239077,0.609427,0.2353126406831023,0.013191452075433655,1.2653042924995992,3.5658625949967565e-71,-0.020050151,0.010539182,0.98014952,0.057113783,0.495811,0.003568784452369625,0.002096399636660907,1.0035751601458391,0.9994599870240344,1.0077072770673379,0.08869169567353663,-0.023618935452369625,0.010745661853311593,0.9766578085225772,0.9563030362016438,0.9974458292392102,-0.17799289653078548,False,no nominal AF-mediated support
ENPP7,Ectonucleotide pyrophosphatase/phosphodiesterase family member 7,Inflammation,rs8076533,all primary proteins,0.0018944198,0.0072619425,1.0018962,0.7941931,0.922471,0.2353126406831023,0.013191452075433655,1.2653042924995992,3.5658625949967565e-71,0.019049443,0.0086301345,1.019232,0.027291915,0.457404,0.00044578092570035454,0.0017090095862869077,1.0004458803007832,0.9971003343117004,1.0038026515172378,0.7942146034235141,0.018603662074299646,0.008797723299474178,1.018777788314747,1.0013610497960324,1.036497457310627,0.0234012577533293,True,no nominal AF-mediated support
EPHA1,Ephrin type-A receptor 1,Inflammation,rs75045569,all primary proteins,0.023589635,0.034598131,1.0238701,0.49535393,0.904093,0.2353126406831023,0.013191452075433655,1.2653042924995992,3.5658625949967565e-71,-0.057401444,0.04049554,0.94421494,0.15634389,0.724734,0.0055509393046005336,0.008147322422756736,1.0055663743145675,0.9896362648136164,1.0217529097345506,0.49566859670388136,-0.06295238330460054,0.04130699241716775,0.9389881841389907,0.8659621410200398,1.0181724675793131,-0.09670382690373666,False,no nominal AF-mediated support
EPHA4,Ephrin type-A receptor 4,Inflammation_II,rs10932916,all primary proteins,-0.012907204,0.048043483,0.98717574,0.78819386,0.922471,0.2353126406831023,0.013191452075433655,1.2653042924995992,3.5658625949967565e-71,0.0043024015,0.055931219,1.0043117,0.93868474,0.988165,-0.0030372282570755005,0.011306520932544176,0.9969673794545961,0.975116810728689,1.0193075791133233,0.7882173141506199,0.0073396297570755,0.057062585591822076,1.0073666308584994,0.900772060854597,1.1265752714448496,-0.7059378947026447,False,no nominal AF-mediated support
ERMAP,Erythroid membrane-associated protein,Inflammation_II,rs11210710,all primary proteins,-0.080559369,0.072834498,0.92260013,0.26870029,0.810461,0.2353126406831023,0.013191452075433655,1.2653042924995992,3.5658625949967565e-71,-0.12801215,0.084973581,0.87984269,0.13194053,0.672724,-0.01895663785115445,0.017171792621639773,0.9812219092108131,0.9487467731954765,1.0148086531799374,0.26961893582351976,-0.10905551214884554,0.08669129096860978,0.896680639447481,0.756562265013569,1.062749500393762,0.1480846767369695,True,no nominal AF-mediated support
ESM1,Endothelial cell-specific molecule 1,Inflammation,rs4242051,all primary proteins,-0.0031315567,0.040188311,0.99687334,0.93789004,0.987363,0.2353126406831023,0.013191452075433655,1.2653042924995992,3.5658625949967565e-71,0.075679287,0.047495277,1.0786166,0.11106901,0.615382,-0.0007368948765258615,0.00945690781137706,0.9992633765638252,0.9809120918495732,1.0179579842460187,0.9378906285617372,0.07641618187652587,0.048427620658665585,1.0794117122811886,0.9816681558071453,1.1868874809856869,-0.009737074776165129,False,no nominal AF-mediated support
EVI5,Ecotropic viral integration site 5 protein homolog,Inflammation_II,rs11808092,all primary proteins,0.0082658291,0.052350251,1.0083001,0.87453975,0.97637,0.2353126406831023,0.013191452075433655,1.2653042924995992,3.5658625949967565e-71,0.011709925,0.061993718,1.0117788,0.8501799,0.971009,0.0019450540729562308,0.012319158367904388,1.0019469469176592,0.9780441211367639,1.0264339437681045,0.8745446193239901,0.009764870927043768,0.06320587578981113,1.0098127028432098,0.8921520996629655,1.1429908590796747,0.16610303421723288,True,no nominal AF-mediated support
F10,Coagulation factor X,Inflammation_II,rs547138,all primary proteins,-0.020101288,0.036852362,0.9800994,0.58544093,0.904093,0.2353126406831023,0.013191452075433655,1.2653042924995992,3.5658625949967565e-71,-0.0089339058,0.046903006,0.99110588,0.848936,0.971009,-0.004730087160411556,0.008675879751211714,0.995281082084421,0.9784996875387952,1.0123502796886297,0.5856161681019113,-0.004203818639588444,0.04769866729053885,0.9958050050372795,0.9069271003903153,1.0933928511238977,0.5294534402200162,True,no nominal AF-mediated support
F11,Coagulation factor XI,Inflammation_II,rs2289252,all primary proteins,-0.00077929365,0.017663989,0.99922101,0.96481063,0.995872,0.2353126406831023,0.013191452075433655,1.2653042924995992,3.5658625949967565e-71,-0.013507757,0.021040929,0.98658306,0.52088922,0.946293,-0.0001833776466490733,0.004156572608847659,0.9998166391660038,0.9917043405118764,1.0079952977086237,0.964810732916313,-0.013324379353350927,0.02144755904609342,0.9867639972327181,0.946142965446679,1.029129023619598,0.013575728868166142,True,no nominal AF-mediated support
F12,Coagulation factor XII,Inflammation_II,rs1801020,all primary proteins,-0.0087122013,0.0065975893,0.99132564,0.18666386,0.753626,0.2353126406831023,0.013191452075433655,1.2653042924995992,3.5658625949967565e-71,0.0032987947,0.0078663565,1.0033042,0.67495682,0.964224,-0.0020500910940657565,0.0015567441819313175,0.9979520089073713,0.9949116798922805,1.0010016287979306,0.18786898502793953,0.005348885794065757,0.008018916200651385,1.005363216623615,0.9896853744405094,1.0212894152459144,-0.6214667114827596,False,no nominal AF-mediated support
F13B,Coagulation factor XIII B chain,Inflammation_II,rs12134960,all primary proteins,0.026320454,0.016293615,1.0266699,0.10622743,0.634898,0.2353126406831023,0.013191452075433655,1.2653042924995992,3.5658625949967565e-71,0.028110961,0.018979375,1.0285098,0.13857138,0.672724,0.006193535534718122,0.0038497824400258686,1.0062127551345315,0.9986488755439255,1.0138339244050865,0.10765976583957718,0.02191742546528188,0.019365884958507745,1.0221593766505832,0.9840882420668673,1.0617033581056807,0.22032457498404703,True,no nominal AF-mediated support
F2R,Proteinase-activated receptor 1,Inflammation,rs168753,all primary proteins,0.021046401,0.059193002,1.0212694,0.72217343,0.904093,0.2353126406831023,0.013191452075433655,1.2653042924995992,3.5658625949967565e-71,0.15258641,0.069716202,1.1648431,0.028620162,0.457404,0.004952484196185485,0.013931628247330175,1.004964768016145,0.9778944812323519,1.0327844203405163,0.722226316436207,0.14763392580381451,0.07109457846366778,1.1590885062953369,1.0083229971633105,1.3323966320371063,0.03245691537133277,True,no nominal AF-mediated support
FABP1,"Fatty acid-binding protein, liver",Inflammation,rs2241883,all primary proteins,-0.022785964,0.029959323,0.97747168,0.4469179,0.884789,0.2353126406831023,0.013191452075433655,1.2653042924995992,3.5658625949967565e-71,0.0,0.035444833,1.0,1.0,1.0,-0.005361825359350104,0.007056212355111487,0.994652523569304,0.9809909923437736,1.008504308769522,0.4473304929431982,0.005361825359350104,0.036140369660510076,1.0053762256707564,0.9366240550605064,1.0791750966492941,nan,False,no nominal AF-mediated support
FABP9,Fatty acid-binding protein 9,Inflammation,rs28497692,all primary proteins,-0.027187962,0.082901,0.9731783,0.74294418,0.909608,0.2353126406831023,0.013191452075433655,1.2653042924995992,3.5658625949967565e-71,-0.20948102,0.098946355,0.81100503,0.034249909,0.457404,-0.006397671133011839,0.019510949829410682,0.9936227503916766,0.9563425322238001,1.032356228892347,0.7429860846142384,-0.20308334886698814,0.1008516649888925,0.8162102083943175,0.6698157447562413,0.9946005442579402,0.030540576578306902,True,no nominal AF-mediated support
FASLG,Tumor necrosis factor ligand superfamily member 6,Inflammation,rs79419452,all primary proteins,-0.084504067,0.092552073,0.91896792,0.36121968,0.869993,0.2353126406831023,0.013191452075433655,1.2653042924995992,3.5658625949967565e-71,-0.022132017,0.10663608,0.9781111,0.83558256,0.971009,-0.0198848751542318,0.02180718254345279,0.9803115250237355,0.9392938091338043,1.0231204302097814,0.3618477879320677,-0.0022471418457681996,0.10884303729798186,0.9977553810873193,0.8060741888838877,1.235017587980481,0.8984664684755935,True,no nominal AF-mediated support
FCAR,Immunoglobulin alpha Fc receptor,Inflammation,rs12608573,all primary proteins,-0.0035552985,0.0099548359,0.99645101,0.72098486,0.904093,0.2353126406831023,0.013191452075433655,1.2653042924995992,3.5658625949967565e-71,0.010428876,0.011850995,1.0104834,0.37885931,0.872653,-0.0008366066784516725,0.0023429681679322687,0.9991637431793443,0.9945858851486212,1.0037626720742958,0.7210384329421948,0.011265482678451672,0.012080380057182344,1.0113291771868567,0.9876646496983842,1.0355607087302214,-0.08022021533784393,False,no nominal AF-mediated support
FCN1,Ficolin-1,Inflammation_II,rs11103604,all primary proteins,-0.0,0.016957008,1.0,1.0,1.0,0.2353126406831023,0.013191452075433655,1.2653042924995992,3.5658625949967565e-71,0.015148261,0.019896223,1.0152636,0.4464399,0.912536,-0.0,0.00399019833056449,1.0,0.9922097140698135,1.007851450978274,1.0,0.015148261,0.020292396910738975,1.015263577451108,0.9756758809191649,1.0564575304739143,-0.0,False,no nominal AF-mediated support
FCRL2,Fc receptor-like protein 2,Inflammation,rs12568320,all primary proteins,-0.0052129626,0.011598842,0.9948006,0.65311558,0.904093,0.2353126406831023,0.013191452075433655,1.2653042924995992,3.5658625949967565e-71,0.00078194438,0.013944675,1.0007823,0.95528225,0.988726,-0.0012266759951882506,0.0027302202949220995,0.9987740760642678,0.9934436793035665,1.004133073469594,0.6532184235929426,0.0020086203751882507,0.01420943572822051,1.002010639004421,0.9744891698398277,1.0303093679769424,-1.5687509579495291,False,no nominal AF-mediated support
FCRL3,Fc receptor-like protein 3,Inflammation,rs7522061,all primary proteins,0.0086037378,0.0068415264,1.0086409,0.20854523,0.769429,0.2353126406831023,0.013191452075433655,1.2653042924995992,3.5658625949967565e-71,0.0076708023,0.0081890998,1.0077003,0.34890834,0.856601,0.002024568261463025,0.0016138933415675344,1.0020266190835618,0.9988619853423631,1.005201279141572,0.20967404106842502,0.005646234038536975,0.008346616515230353,1.0056622040606258,0.9893440469133322,1.022249511513634,0.26393174824268706,True,no nominal AF-mediated support
FCRL6,Fc receptor-like protein 6,Inflammation,rs55650803,all primary proteins,0.0,0.0094251341,1.0,1.0,1.0,0.2353126406831023,0.013191452075433655,1.2653042924995992,3.5658625949967565e-71,-0.0058346068,0.011220398,0.99418238,0.60306358,0.946293,0.0,0.0022178531938633547,1.0,0.9956624422353718,1.0043564541360925,1.0,-0.0058346068,0.011437491161436317,0.9941823814622535,0.9721432688215964,1.0167211349496514,-0.0,False,no nominal AF-mediated support
FGF2,Fibroblast growth factor 2,Inflammation,rs2922979,all primary proteins,-0.0099793526,0.010260461,0.99007028,0.33075078,0.858912,0.2353126406831023,0.013191452075433655,1.2653042924995992,3.5658625949967565e-71,0.0061843875,0.011947112,1.0062036,0.60470454,0.946293,-0.0023482678126137825,0.0024180022974084284,0.9976544872113128,0.9929375051497318,1.0023938774503007,0.33146846484161235,0.008532655312613782,0.012189348639316885,1.0085691621755752,0.9847588717617,1.032955156902303,-0.3797090354725965,False,no nominal AF-mediated support
FGF5,Fibroblast growth factor 5,Inflammation,rs12509595,FGF5/LPA shared candidate,0.060990092,0.010555977,1.0628884,7.5693691e-09,3.70142e-06,0.2353126406831023,0.013191452075433655,1.2653042924995992,3.5658625949967565e-71,0.028882327,0.012461918,1.0293035,0.02046851,0.441689,0.014351739604025351,0.0026110015025453555,1.0144552202687485,1.0092769432049085,1.0196600654153434,3.87092182872379e-08,0.014530587395974648,0.012732506787157748,1.0146366695703446,0.9896290273699488,1.0402762477296978,0.4969038541813252,True,AF-mediated pathway supported
FGFR4,Fibroblast growth factor receptor 4,Inflammation_II,rs351855,all primary proteins,0.0042609695,0.007233739,1.0042701,0.55583371,0.904093,0.2353126406831023,0.013191452075433655,1.2653042924995992,3.5658625949967565e-71,-0.0092155852,0.008521939,0.99082675,0.27952129,0.841464,0.0010026599849151578,0.001703118007436165,1.0010031628164802,0.9976672737349344,1.0043502060736287,0.5560489806789746,-0.010218245184915157,0.008690457713318346,0.9898337837169234,0.9731164307873933,1.006838327243723,-0.10880046824537609,False,no nominal AF-mediated support
FGL1,Fibrinogen-like protein 1,Inflammation_II,rs3739404,all primary proteins,0.03073758,0.010803803,1.0312149,0.0044401605,0.213325,0.2353126406831023,0.013191452075433655,1.2653042924995992,3.5658625949967565e-71,0.00045649872,0.012781964,1.0004566,0.97151018,0.988726,0.007232941118008112,0.002574403338073712,1.0072591620165654,1.0021895040463287,1.0123544652682899,0.0049609242667295606,-0.006776442398008111,0.013038640889463176,0.9932464659129544,0.968184918403312,1.0189567336739036,15.844384225235311,True,AF-mediated pathway supported
FIS1,Mitochondrial fission 1 protein,Inflammation,rs7778271,all primary proteins,-0.028030307,0.041900975,0.9723589,0.50351747,0.904093,0.2353126406831023,0.013191452075433655,1.2653042924995992,3.5658625949967565e-71,0.029186196,0.050570142,1.0296163,0.56384296,0.946293,-0.006595885559328047,0.009866759963065899,0.9934258195461451,0.9743986815788063,1.0128245015088446,0.5038172936376759,0.03578208155932805,0.05152370536043506,1.036429964678143,0.9368759642117757,1.1465627390563762,-0.22599332778166933,False,no nominal AF-mediated support
FKBP1B,Peptidyl-prolyl cis-trans isomerase FKBP1B,Inflammation,rs872169,all primary proteins,0.047070268,0.032556935,1.0481957,0.14823804,0.717809,0.2353126406831023,0.013191452075433655,1.2653042924995992,3.5658625949967565e-71,0.039225223,0.038832971,1.0400047,0.3124469,0.848366,0.011076229060741327,0.007686180006152894,1.0111377975915896,0.9960192604818612,1.0264858183804064,0.1495683758967083,0.028148993939258668,0.03958632339298291,1.0285489205609082,0.9517620718913389,1.1115308260653083,0.28237517121932815,True,no nominal AF-mediated support
FN1,Fibronectin,Inflammation_II,rs1250259,all primary proteins,-0.030608096,0.016756257,0.96985559,0.067749903,0.570142,0.2353126406831023,0.013191452075433655,1.2653042924995992,3.5658625949967565e-71,-0.0075961697,0.019437258,0.99243261,0.69594168,0.971009,-0.007202471896041901,0.003963578268371058,0.9928234037445381,0.9851404242290542,1.0005663017983173,0.06919199946141281,-0.000393697803958099,0.01983726168724069,0.9996063796848529,0.9614865229819745,1.0392375664379345,0.948171536510289,True,no nominal AF-mediated support
FOXJ3,Forkhead box protein J3,Inflammation_II,rs1139978,all primary proteins,0.054550059,0.096436712,1.0560653,0.57162727,0.904093,0.2353126406831023,0.013191452075433655,1.2653042924995992,3.5658625949967565e-71,-0.029223246,0.11299655,0.97119962,0.79592792,0.971009,0.01283631843270903,0.022704183766811967,1.012919057611291,0.9688321695313217,1.0590121277336213,0.5718205063165679,-0.04205956443270903,0.11525493600024109,0.9588126677389266,0.7649389601495854,1.2018236483037312,-0.43925026099800923,False,no nominal AF-mediated support
FOXO1,Forkhead box protein O1,Inflammation,rs17061453,all primary proteins,0.0,0.069323347,1.0,1.0,1.0,0.2353126406831023,0.013191452075433655,1.2653042924995992,3.5658625949967565e-71,-0.013936137,0.079686115,0.98616052,0.86116772,0.971009,0.0,0.016312659843561016,1.0,0.9685329129414276,1.0324894349361935,1.0,-0.013936137,0.08133867342761962,0.9861605214212649,0.8408349128438898,1.1566034653825308,-0.0,False,no nominal AF-mediated support
FST,Follistatin,Inflammation,rs31226,all primary proteins,0.08109671,0.047952837,1.0844758,0.090803103,0.614454,0.2353126406831023,0.013191452075433655,1.2653042924995992,3.5658625949967565e-71,0.14738445,0.056415102,1.1587994,0.0089882692,0.306793,0.01908308098081175,0.011334506255498384,1.0192663267459228,0.9968723500395817,1.0421633670518353,0.09225377361488978,0.12830136901918826,0.0575424605463334,1.1368955761786628,1.0156391780334395,1.2726286845662207,0.12947825215490338,True,no nominal AF-mediated support
FSTL3,Follistatin-related protein 3,Inflammation,rs916904,all primary proteins,0.046148024,0.083066444,1.0472294,0.57851472,0.904093,0.2353126406831023,0.013191452075433655,1.2653042924995992,3.5658625949967565e-71,-0.1868995,0.096910851,0.8295271,0.053784089,0.495811,0.010859213389747182,0.01955606160407406,1.010918388652428,0.972903219960425,1.050418960024813,0.5786988376180932,-0.19775871338974718,0.09886431402182762,0.8205678212814189,0.6760198977218851,0.9960232703084482,-0.058101885717977746,False,no nominal AF-mediated support
FUOM,Fucose mutarotase,Inflammation_II,rs11816588,all primary proteins,0.034783438,0.041938888,1.0353955,0.40688722,0.869993,0.2353126406831023,0.013191452075433655,1.2653042924995992,3.5658625949967565e-71,-0.11846245,0.061417614,0.88828517,0.053755374,0.495811,0.008184982647816965,0.009879411619871352,1.0082185711963112,0.9888835849688739,1.0279316016122635,0.40739369107147827,-0.12664743264781697,0.06220712244918459,0.8810442452817604,0.7799126188821102,0.9952896559831677,-0.0690934777038375,False,no nominal AF-mediated support
FXYD5,FXYD domain-containing ion transport regulator 5,Inflammation,rs756845,all primary proteins,0.00052647512,0.028956131,1.0005266,0.98549381,0.995872,0.2353126406831023,0.013191452075433655,1.2653042924995992,3.5658625949967565e-71,0.022111955,0.03553707,1.0223582,0.53379576,0.946293,0.00012388625074115318,0.006813747188938083,1.0001238939249597,0.9868560874448852,1.013570079695624,0.9854938144628562,0.021988068749258845,0.03618439573821375,1.0222315878962875,0.952244597639952,1.0973624023520778,0.005602681931161364,True,no nominal AF-mediated support
GALNT3,Polypeptide N-acetylgalactosaminyltransferase 3,Inflammation,rs2116546,all primary proteins,-0.0084787133,0.018755942,0.99155713,0.65122951,0.904093,0.2353126406831023,0.013191452075433655,1.2653042924995992,3.5658625949967565e-71,0.00077079212,0.02183911,1.0007711,0.97184521,0.988726,-0.0019951484162179403,0.004414927212504461,0.9980068405693897,0.9894080878198392,1.0066803234022679,0.6513340388294625,0.0027659405362179404,0.022280895580829158,1.002769769278954,0.959920687805769,1.0475315543811154,-2.5884390414083893,False,no nominal AF-mediated support
GBP2,Guanylate-binding protein 2,Inflammation,rs7531439,all primary proteins,0.090800247,0.064283361,1.0950502,0.15780279,0.717809,0.2353126406831023,0.013191452075433655,1.2653042924995992,3.5658625949967565e-71,0.049819605,0.076336491,1.0510815,0.51399382,0.946293,0.021366445896247935,0.01517403593394198,1.0215963428420587,0.9916603052805066,1.0524360833552309,0.15910368737263886,0.028453159103752068,0.07783001493458448,1.0288618168961903,0.8832970984199287,1.1984151653622677,0.4288762605855252,True,no nominal AF-mediated support
GC,Vitamin D-binding protein,Inflammation_II,rs1352846,all primary proteins,0.005157555,0.0061557914,1.0051709,0.40212178,0.869993,0.2353126406831023,0.013191452075433655,1.2653042924995992,3.5658625949967565e-71,-0.0040761322,0.0072372143,0.99593216,0.57328618,0.946293,0.0012136378865183377,0.001450132417895703,1.0012143746429998,0.9983727038320177,1.0040641337089662,0.4026402265025257,-0.005289770086518338,0.007381067324822104,0.9947241961104238,0.9804372218719887,1.0092193607646613,-0.297742523296555,False,no nominal AF-mediated support
GCHFR,GTP cyclohydrolase 1 feedback regulatory protein,Inflammation_II,rs2289218,all primary proteins,0.072790668,0.060209565,1.0755054,0.22668005,0.769429,0.2353126406831023,0.013191452075433655,1.2653042924995992,3.5658625949967565e-71,0.049425763,0.070094718,1.0506676,0.48073046,0.930125,0.017128564304166993,0.014200572832428792,1.0172760993122882,0.9893525314494177,1.0459877842693255,0.22774490772325384,0.032297198695833,0.07151870916248865,1.0328244137652578,0.8977357928715071,1.1882407698789716,0.34655133809804806,True,no nominal AF-mediated support
GHR,Growth hormone receptor,Inflammation_II,rs4073476,all primary proteins,0.0090497473,0.011093239,1.0090908,0.41462055,0.869993,0.2353126406831023,0.013191452075433655,1.2653042924995992,3.5658625949967565e-71,0.019413168,0.01313673,1.0196028,0.13946727,0.672724,0.0021295199346777747,0.0026131076971609157,1.0021317889726218,0.9970123009308189,1.0072775647119643,0.415107981163705,0.017283648065322225,0.013394103438821936,1.0174338745497753,0.9910713049927494,1.0444976903946797,0.10969461216622524,True,no nominal AF-mediated support
GIMAP7,GTPase IMAP family member 7,Inflammation_II,rs3735080,all primary proteins,0.028844094,0.012856225,1.0292641,0.02485881,0.490015,0.2353126406831023,0.013191452075433655,1.2653042924995992,3.5658625949967565e-71,0.02769033,0.014998929,1.0280773,0.06486987,0.529308,0.006787379927251627,0.0030490665790570727,1.0068104663930382,1.0008115385516603,1.0128453521883964,0.026010716762107283,0.020902950072748373,0.015305707371780103,1.02112294692084,0.9909450092275031,1.0522199143433169,0.24511733616940018,True,AF-mediated pathway supported
GIT1,ARF GTPase-activating protein GIT1,Inflammation_II,rs142511067,all primary proteins,0.066031084,0.11005181,1.0682599,0.54850624,0.904093,0.2353126406831023,0.013191452075433655,1.2653042924995992,3.5658625949967565e-71,-0.062770289,0.12391018,0.93915918,0.61245028,0.948167,0.015537948743207745,0.025911226937410995,1.0156592903205859,0.9653659216934412,1.06857282905217,0.5487322751371667,-0.07830823774320775,0.1265903803179152,0.9246793615323089,0.7214982089519867,1.1850783703063885,-0.24753667683779093,False,no nominal AF-mediated support
GLRX5,"Glutaredoxin-related protein 5, mitochondrial",Inflammation_II,rs179133,all primary proteins,0.068734262,0.054601984,1.0711515,0.20809408,0.769429,0.2353126406831023,0.013191452075433655,1.2653042924995992,3.5658625949967565e-71,0.01027802,0.064237628,1.010331,0.87288107,0.972877,0.016174040696624214,0.012880489802941477,1.0163055485406078,0.9909693045823855,1.0422895676165278,0.2092244874630362,-0.005896020696624213,0.0655162565217982,0.9941213267230766,0.8743208342191606,1.1303370268286719,1.5736533589761659,True,no nominal AF-mediated support
GMPR,GMP reductase 1,Inflammation,rs1042391,all primary proteins,-0.017455469,0.026976633,0.982696,0.51759387,0.904093,0.2353126406831023,0.013191452075433655,1.2653042924995992,3.5658625949967565e-71,0.024596342,0.032133931,1.0249013,0.44401429,0.912536,-0.004107492504752031,0.006352117613262862,0.9959009317045139,0.983578681304329,1.0083775549655698,0.5178691244716599,0.02870383450475203,0.03275574636129492,1.0291197595733057,0.9651252161781522,1.0973575882082454,-0.16699607221073892,False,no nominal AF-mediated support
GZMA,Granzyme A,Inflammation,rs2047745,all primary proteins,0.1692341,0.11760336,1.1843974,0.15014361,0.717809,0.2353126406831023,0.013191452075433655,1.2653042924995992,3.5658625949967565e-71,0.073143552,0.13911617,1.075885,0.5990458,0.946293,0.0398229229646282,0.02776345749150725,1.0406264868231232,0.9855125146193713,1.0988226623343078,0.15146821991535284,0.0333206290353718,0.1418595020693067,1.0338819786854256,0.7829205984073934,1.3652878057172813,0.5444488526429261,True,no nominal AF-mediated support
HCLS1,Hematopoietic lineage cell-specific protein,Inflammation,rs3732410,all primary proteins,0.15850406,0.082422111,1.1717567,0.05447039,0.570142,0.2353126406831023,0.013191452075433655,1.2653042924995992,3.5658625949967565e-71,0.29587424,0.098272517,1.3443011,0.0026060101,0.178077,0.037298008917592884,0.019507344998010233,1.0380023086950716,0.9990640509952519,1.0784581747115822,0.055876422334279564,0.2585762310824071,0.1001899401456388,1.2950848718115695,1.0641793602718954,1.5760922338943477,0.12606034549541348,True,no nominal AF-mediated support
HEG1,Protein HEG homolog 1,Inflammation_II,rs6438868,AF-HF nominal overlap,0.1404301,0.062413378,1.1507686,0.024448945,0.490015,0.2353126406831023,0.013191452075433655,1.2653042924995992,3.5658625949967565e-71,0.15419776,0.073427504,1.1667216,0.035728841,0.457404,0.033044977662392123,0.01480302531551875,1.0335970269739716,1.0040391836461364,1.0640250217026916,0.025594319810057126,0.12115278233760787,0.07490479225097621,1.12879735949284,0.9746658248535435,1.307302919941274,0.2143025791191268,True,AF-mediated pathway supported
HEXIM1,Protein HEXIM1,Inflammation,rs36160143,all primary proteins,-0.084527231,0.15953027,0.91894663,0.59621542,0.904093,0.2353126406831023,0.013191452075433655,1.2653042924995992,3.5658625949967565e-71,0.10357562,0.17738813,1.1091297,0.55929256,0.946293,-0.019890325936240582,0.037556045444231544,0.980306181573875,0.9107378580407447,1.0551886046544008,0.5963773978146001,0.12346594593624058,0.1813201732138652,1.1314114747275354,0.7930082978244059,1.6142226111089002,-0.19203675475213747,False,no nominal AF-mediated support
HGF,Hepatocyte growth factor,Inflammation,rs5745687,all primary proteins,-0.031285905,0.074438877,0.96919844,0.67427372,0.904093,0.2353126406831023,0.013191452075433655,1.2653042924995992,3.5658625949967565e-71,0.066887106,0.086845356,1.0691748,0.44118937,0.912536,-0.007361968921710674,0.017521269959312323,0.9926650639923219,0.9591539760282012,1.027346968159686,0.6743588956703681,0.07424907492171068,0.08859520731819434,1.0770750444714106,0.9053827183952421,1.281326258887854,-0.11006559203967763,False,no nominal AF-mediated support
HGFAC,Hepatocyte growth factor activator,Inflammation_II,rs4690097,all primary proteins,-0.0078728086,0.015331259,0.9921581,0.60759216,0.904093,0.2353126406831023,0.013191452075433655,1.2653042924995992,3.5658625949967565e-71,0.00082871669,0.018231767,1.0008291,0.963745,0.988726,-0.0018525713812586374,0.0036091335597437904,0.998149143569916,0.9911132495208211,1.0052349852966291,0.6077408783910223,0.0026812880712586374,0.018585563564077305,1.0026848859390405,0.9668166422889156,1.039883817173834,-2.235470099267142,False,no nominal AF-mediated support
HMCN2,Hemicentin-2,Inflammation_II,rs6415851,all primary proteins,-0.035409971,0.010735149,0.96520963,0.00097200296,0.0792182,0.2353126406831023,0.013191452075433655,1.2653042924995992,3.5658625949967565e-71,0.0017624872,0.012497637,1.001764,0.88784969,0.974199,-0.008332413782522072,0.0025689402704520917,0.9917022045590234,0.9867214120233266,0.9967081392412079,0.0011806177366369293,0.010094900982522071,0.012758933525060764,1.0101460263859199,0.9851980335517841,1.0357257727612277,-4.72764499085274,False,indirect effect significant but opposite to total
HRG,Histidine-rich glycoprotein,Inflammation_II,rs9898,AF-HF nominal overlap,0.030521925,0.014163769,1.0309925,0.031167345,0.564475,0.2353126406831023,0.013191452075433655,1.2653042924995992,3.5658625949967565e-71,0.035110188,0.016757135,1.0357338,0.036149832,0.457404,0.007182194770481596,0.0033571453178816474,1.0072080485900012,1.000602371300201,1.0138573345836268,0.03240526162160812,0.027927993229518402,0.01709011404565808,1.0283216356354516,0.9944468457815528,1.0633503347128686,0.20456155832835746,True,AF-mediated pathway supported
ICAM4,Intercellular adhesion molecule 4,Inflammation,rs5030377,all primary proteins,0.098506708,0.061021855,1.1035218,0.10646547,0.634898,0.2353126406831023,0.013191452075433655,1.2653042924995992,3.5658625949967565e-71,0.014819593,0.070611003,1.0149299,0.83376403,0.971009,0.023179873584479278,0.014417891084997693,1.023450614722198,0.9949336843470518,1.0527849014003974,0.10789740183286183,-0.008360280584479277,0.07206794938115602,0.9916745693751423,0.861040737614149,1.1421276701382568,1.5641369897593866,True,no nominal AF-mediated support
IDO1,"Indoleamine 2,3-dioxygenase 1",Inflammation_II,rs7010461,all primary proteins,-0.073802874,0.028942304,0.92885478,0.010772292,0.329228,0.2353126406831023,0.013191452075433655,1.2653042924995992,3.5658625949967565e-71,-0.024962737,0.031474755,0.97534626,0.42771755,0.91207,-0.01736674917094227,0.006879724314319993,0.9827831836144186,0.9696200271397672,0.9961250376030717,0.011591643396825583,-0.007595987829057727,0.03221786474847566,0.9924327887781408,0.9317013060483675,1.0571229575917622,0.695706931933877,True,AF-mediated pathway supported
IFNGR1,Interferon gamma receptor 1,Inflammation,rs9376267,all primary proteins,-0.067177413,0.038528222,0.9350293,0.081230653,0.584579,0.2353126406831023,0.013191452075433655,1.2653042924995992,3.5658625949967565e-71,0.014324595,0.045937495,1.0144277,0.75517128,0.971009,-0.015807694447289366,0.009109383646236353,0.9843165914018881,0.9668981774906725,1.002048793414318,0.08268416414912069,0.030132289447289365,0.046831979643074485,1.0305908612314016,0.9402040144171501,1.1296670796626076,-1.1035351748017563,False,no nominal AF-mediated support
IFNLR1,Interferon lambda receptor 1,Inflammation,rs139958347,all primary proteins,0.015705017,0.03130392,1.015829,0.61588214,0.904093,0.2353126406831023,0.013191452075433655,1.2653042924995992,3.5658625949967565e-71,-0.015174442,0.044992752,0.98494011,0.73591778,0.971009,0.0036955890222430134,0.0073691208221235965,1.0037024261311407,0.9893096643842028,1.0183045779185906,0.6160216715268649,-0.018870031022243012,0.04559223260846697,0.9813068934088811,0.8974204416635746,1.0730346383315228,-0.24354035701892784,False,no nominal AF-mediated support
IGLC2,Immunoglobulin lambda constant 2,Inflammation_II,rs2856876,all primary proteins,0.032748232,0.044974238,1.0332904,0.4665185,0.892952,0.2353126406831023,0.013191452075433655,1.2653042924995992,3.5658625949967565e-71,0.0091695048,0.051960527,1.0092117,0.85992425,0.971009,0.007706072949622873,0.01059182005733327,1.0077358411459436,0.9870309381833674,1.028875069913422,0.4668894288637454,0.0014634318503771275,0.05302907710157378,1.0014645031893143,0.9026020148947582,1.1111554534532697,0.8404023028182365,True,no nominal AF-mediated support
IL10,Interleukin-10,Inflammation,rs3024495,all primary proteins,0.050487812,0.067554114,1.051784,0.4548412,0.886121,0.2353126406831023,0.013191452075433655,1.2653042924995992,3.5658625949967565e-71,-0.015644111,0.077509458,0.98447762,0.84004583,0.971009,0.011880420364032019,0.015910282669581676,1.0119512728658706,0.9808813902901524,1.0440053086866448,0.4552366136362141,-0.027524531364032018,0.07912555323079741,0.9728508169031884,0.8330924857258826,1.1360547936338168,-0.7594180560360394,False,no nominal AF-mediated support
IL10RA,Interleukin-10 receptor subunit alpha,Inflammation,rs3135932,all primary proteins,-0.0042355159,0.048178993,0.99577344,0.92994655,0.986349,0.2353126406831023,0.013191452075433655,1.2653042924995992,3.5658625949967565e-71,-0.031236929,0.056120585,0.9692459,0.57779817,0.946293,-0.0009966704310842667,0.011337263745548382,0.9990038260799236,0.9770497496835597,1.0214512053716347,0.9299473970390406,-0.030240258568915733,0.05725428900945632,0.9702124037002504,0.8672234002068471,1.0854320905885373,0.031906799515543496,True,no nominal AF-mediated support
IL12B,Interleukin-12 subunit beta,Inflammation,rs4244437,all primary proteins,0.0064338219,0.012867644,1.0064546,0.61707508,0.904093,0.2353126406831023,0.013191452075433655,1.2653042924995992,3.5658625949967565e-71,0.0050040837,0.015012251,1.0050166,0.73888268,0.971009,0.0015139596209737744,0.003029108513133365,1.001515106236411,0.9955866744052461,1.00747884017123,0.617213310101388,0.0034901240790262255,0.015314802593286603,1.0034962216537702,0.9738218583838205,1.034074824059344,0.3025448237354172,True,no nominal AF-mediated support
IL12RB1,Interleukin-12 receptor subunit beta-1,Inflammation,rs369378,all primary proteins,-0.00043841382,0.018194173,0.99956168,0.98077573,0.995872,0.2353126406831023,0.013191452075433655,1.2653042924995992,3.5658625949967565e-71,-0.016878932,0.02126307,0.98326272,0.42730347,0.91207,-0.00010316431369616628,0.004281322799798146,0.9998968410075586,0.9915414198069374,1.0083226708285817,0.9807757433825526,-0.016775767686303834,0.02168981029748696,0.983364161936155,0.9424355010796899,1.0260702975137914,0.006112016666467185,True,no nominal AF-mediated support
IL15RA,Interleukin-15 receptor subunit alpha,Inflammation,rs3136630,all primary proteins,0.016215715,0.028570546,1.0163479,0.57032863,0.904093,0.2353126406831023,0.013191452075433655,1.2653042924995992,3.5658625949967565e-71,0.027026192,0.034361873,1.0273947,0.43156475,0.91207,0.003815762717214592,0.006726412777290634,1.0038230520082243,0.9906757367433033,1.0171448460579429,0.5705236320010025,0.02321042928278541,0.03501403925454228,1.0234818874481901,0.9555988302262592,1.0961871664142655,0.14118758266849402,True,no nominal AF-mediated support
IL17C,Interleukin-17C,Inflammation,rs17700884,all primary proteins,-0.029974522,0.058283792,0.97047026,0.60705225,0.904093,0.2353126406831023,0.013191452075433655,1.2653042924995992,3.5658625949967565e-71,-0.051622787,0.068275299,0.94968703,0.4495907,0.912536,-0.007053383925033745,0.013720611713400896,0.9929714328057738,0.9666239107782151,1.0200371161670758,0.6072015702059299,-0.044569403074966256,0.06964030183255465,0.9564092200493604,0.8343816272389506,1.096283242983571,0.13663314855576753,True,no nominal AF-mediated support
IL17D,Interleukin-17D,Inflammation,rs4770059,all primary proteins,0.0077899821,0.018846731,1.0078204,0.67936241,0.904093,0.2353126406831023,0.013191452075433655,1.2653042924995992,3.5658625949967565e-71,0.014323515,0.022113498,1.0144266,0.51716136,0.946293,0.0018330812588250986,0.0044360644279101925,1.0018347623793291,0.9931618820414966,1.0105833794673473,0.6794436665601679,0.012490433741174901,0.02255405642904562,1.0125687649994182,0.9687821450676696,1.0583344347049564,0.1279770544328748,True,no nominal AF-mediated support
IL17RB,Interleukin-17 receptor B,Inflammation,rs6445607,all primary proteins,0.0085485546,0.0084246625,1.0085852,0.31024605,0.847544,0.2353126406831023,0.013191452075433655,1.2653042924995992,3.5658625949967565e-71,-0.014867051,0.01003526,0.98524292,0.13847832,0.672724,0.002011582956949681,0.0019856343133211932,1.0020136075472623,0.9981215062848479,1.0059208857717412,0.31102759174724726,-0.01687863395694968,0.01022981851715066,0.9832630121346705,0.9637444833701132,1.0031768458495613,-0.13530477274542754,False,no nominal AF-mediated support
IL18,Interleukin-18,Inflammation,rs2250417,all primary proteins,0.018983694,0.022712634,1.019165,0.40325567,0.869993,0.2353126406831023,0.013191452075433655,1.2653042924995992,3.5658625949967565e-71,-0.0050849181,0.026780569,0.99492799,0.84940832,0.971009,0.004467103165059965,0.00535043350224501,1.0044770955438589,0.9939983358726584,1.0150663226074923,0.4037712538727619,-0.009552021265059964,0.02730981535319686,0.9904934543801042,0.9388690565820084,1.04495645723109,-0.878500514110535,False,no nominal AF-mediated support
IL18R1,Interleukin-18 receptor 1,Inflammation,rs10190555,all primary proteins,-0.0052338705,0.0089087157,0.9947798,0.55686795,0.904093,0.2353126406831023,0.013191452075433655,1.2653042924995992,3.5658625949967565e-71,0.012583561,0.0105791,1.0126631,0.23425332,0.827964,-0.0012315958883483888,0.002097470056836808,0.9987691622146103,0.9946716093037838,1.0028835950079025,0.557081728018202,0.013815156888348388,0.010785023757476243,1.0139110271470926,0.9927032617298303,1.0355718678501253,-0.0978733991394319,False,no nominal AF-mediated support
IL1R2,Interleukin-1 receptor type 2,Inflammation,rs2310170,all primary proteins,-0.005806785,0.013162046,0.99421004,0.65908525,0.904093,0.2353126406831023,0.013191452075433655,1.2653042924995992,3.5658625949967565e-71,0.02729189,0.015291201,1.0276677,0.07429212,0.56407,-0.001366409912229028,0.0030981428919154654,0.9986345232007418,0.9925888291919941,1.0047170405294508,0.6591828776098252,0.028658299912229027,0.015601901082917022,1.029072900091268,0.9980804185473414,1.0610277629167035,-0.05006651837703538,False,no nominal AF-mediated support
IL1RL2,Interleukin-1 receptor-like 2,Inflammation,rs3917265,all primary proteins,-0.0061732911,0.015318908,0.99384572,0.6869592,0.904093,0.2353126406831023,0.013191452075433655,1.2653042924995992,3.5658625949967565e-71,0.0075451336,0.018291233,1.0075737,0.67997298,0.96566,-0.0014526534304464933,0.0036056524236639247,0.9985484011598348,0.9915164578878968,1.0056302157433243,0.6870348356276568,0.008997787030446493,0.018643227565541397,1.0090383888001644,0.972832909186251,1.0465913112706007,-0.19252852334470172,False,no nominal AF-mediated support
IL1RN,Interleukin-1 receptor antagonist protein,Inflammation,rs55709272,all primary proteins,-0.0089119871,0.031426481,0.99112761,0.77673066,0.922471,0.2353126406831023,0.013191452075433655,1.2653042924995992,3.5658625949967565e-71,-0.017823974,0.037055104,0.98233393,0.6305075,0.957279,-0.0020971032182347427,0.007395982638013361,0.9979050941664034,0.9835436801368248,1.0124762093176445,0.7767581253933565,-0.015726870781765257,0.03778599332600125,0.9843961506919349,0.9141254915162722,1.0600686563173574,0.11765632166175415,True,no nominal AF-mediated support
IL22RA1,Interleukin-22 receptor subunit alpha-1,Inflammation,rs7355101,all primary proteins,-0.0028344403,0.026139839,0.99716957,0.91365164,0.986349,0.2353126406831023,0.013191452075433655,1.2653042924995992,3.5658625949967565e-71,0.013542326,0.030863906,1.0136344,0.66082421,0.958188,-0.0006669796318516046,0.006151148183805738,0.999333242749619,0.9873573680347544,1.0114543754833423,0.9136532335392119,0.014209305631851604,0.03147089635768217,1.0143107376719924,0.9536355999274388,1.0788463356810336,-0.049251482489168004,False,no nominal AF-mediated support
IL31RA,Interleukin-31 receptor subunit alpha,Inflammation_II,rs161651,all primary proteins,-0.0096716092,0.01141567,0.99037501,0.39687127,0.869993,0.2353126406831023,0.013191452075433655,1.2653042924995992,3.5658625949967565e-71,0.015062342,0.013318282,1.0151764,0.25807513,0.841464,-0.0022758519005069864,0.00268927949086867,0.997726735886917,0.9924815661889843,1.0029996258026324,0.39740310483689434,0.017338193900506987,0.013587084293973114,1.0174893728437946,0.990750550456803,1.044949834620553,-0.15109548704358103,False,no nominal AF-mediated support
IL32,Interleukin-32,Inflammation,rs45499297,all primary proteins,0.037762532,0.031933416,1.0384846,0.23699163,0.777778,0.2353126406831023,0.013191452075433655,1.2653042924995992,3.5658625949967565e-71,0.025850861,0.038522851,1.0261879,0.502187,0.946293,0.008886001123800152,0.007530829853972245,1.0089255988333132,0.9941427953097729,1.0239282211605973,0.2380201843287117,0.016964859876199848,0.03925205023253792,1.017109580340684,0.9417935793880754,1.098448663339763,0.34374101210014446,True,no nominal AF-mediated support
IL36A,Interleukin-36 alpha,Inflammation_II,rs895497,all primary proteins,0.1023661,0.1183608,1.107789,0.38711296,0.869993,0.2353126406831023,0.013191452075433655,1.2653042924995992,3.5658625949967565e-71,0.049583578,0.13915391,1.0508334,0.72159956,0.971009,0.024088037307430518,0.027884508339806217,1.0243804976217679,0.9698968056823346,1.081924796287566,0.38767020261524227,0.025495540692569485,0.14192024687704297,1.0258233317986392,0.7767256007413599,1.3548072923797814,0.48580675858911426,True,no nominal AF-mediated support
IL36G,Interleukin-36 gamma,Inflammation_II,rs13410389,all primary proteins,0.0084414305,0.085352242,1.0084772,0.9212168,0.986349,0.2353126406831023,0.013191452075433655,1.2653042924995992,3.5658625949967565e-71,-0.17164242,0.1022351,0.8422803,0.093171713,0.606285,0.0019863753020978804,0.020084770144111416,1.0019883494524364,0.9633102255205688,1.0422194489795547,0.9212180035521297,-0.17362879530209788,0.10418931645687952,0.8406088777151238,0.6853402453095903,1.0310547062273796,-0.01157275283171771,False,no nominal AF-mediated support
IL4R,Interleukin-4 receptor subunit alpha,Inflammation,rs8060025,all primary proteins,-0.041375447,0.021960814,0.95946883,0.059557134,0.570142,0.2353126406831023,0.013191452075433655,1.2653042924995992,3.5658625949967565e-71,-0.042648538,0.025461814,0.95824812,0.093934232,0.606285,-0.009736165693013743,0.005196400708526413,0.9903110773219302,0.9802760031699811,1.0004488804123717,0.06098055273802126,-0.03291237230698626,0.02598666104935703,0.967623346475696,0.9195726497825073,1.018184850176082,0.22828838102290266,True,no nominal AF-mediated support
IL5RA,Interleukin-5 receptor subunit alpha,Inflammation,rs77400868,all primary proteins,0.023020837,0.020119051,1.0232879,0.25252795,0.803668,0.2353126406831023,0.013191452075433655,1.2653042924995992,3.5658625949967565e-71,0.018184527,0.023407742,1.0183509,0.43724167,0.912536,0.005417093945205266,0.004743996700696658,1.0054317929285495,0.996126382299779,1.0148241309477681,0.2535022386685673,0.012767433054794733,0.02388363226636151,1.0128492847024049,0.9665285065129562,1.061389981370841,0.297895784982764,True,no nominal AF-mediated support
IL7,Interleukin-7,Inflammation,rs146201210,all primary proteins,-0.095206308,0.063470872,0.90918534,0.1336144,0.702553,0.2353126406831023,0.013191452075433655,1.2653042924995992,3.5658625949967565e-71,-0.062376546,0.072772637,0.93952904,0.39136594,0.876831,-0.022403247745168768,0.014988209495868281,0.9778458414067105,0.9495376107937871,1.0069980153361757,0.13498629128592624,-0.03997329825483123,0.07430008828948863,0.9608150942496048,0.8306045487794472,1.1114382249584904,0.3591614025112703,True,no nominal AF-mediated support
INHBB,Inhibin beta B chain,Inflammation_II,rs17050272,all primary proteins,0.0079545112,0.018926251,1.0079862,0.67427372,0.904093,0.2353126406831023,0.013191452075433655,1.2653042924995992,3.5658625949967565e-71,-0.05815022,0.022492066,0.9435082,0.0097275718,0.306793,0.0018717970358153129,0.004454822082896331,1.0018735499414109,0.9931638194769864,1.010659661968751,0.6743589008406998,-0.06002201703581531,0.022928987608235495,0.9417437989490416,0.9003579857965811,0.9850319504572563,-0.032188993194098195,False,no nominal AF-mediated support
ISM1,Isthmin-1,Inflammation,rs1998123,all primary proteins,0.0026767885,0.038010397,1.0026804,0.94385736,0.988322,0.2353126406831023,0.013191452075433655,1.2653042924995992,3.5658625949967565e-71,-0.011777869,0.045505404,0.98829122,0.7957714,0.971009,0.0006298821704851604,0.008944396591674788,1.0006300805879171,0.9832408877935173,1.0183268114737398,0.9438577924864752,-0.01240775117048516,0.046376114796222195,0.9876689075922288,0.9018519242747517,1.081651926183883,-0.053480147426088746,False,no nominal AF-mediated support
ITGA11,Integrin alpha-11,Inflammation,rs2306022,all primary proteins,0.016430055,0.032860111,1.0165658,0.61707508,0.904093,0.2353126406831023,0.013191452075433655,1.2653042924995992,3.5658625949967565e-71,-0.0136453,0.038429621,0.98644737,0.72253531,0.971009,0.003866199628618608,0.007735436414890239,1.003873683019389,0.9887682961532324,1.0192098344774767,0.617213315337692,-0.01751149962861861,0.03920041768568864,0.9826409355942752,0.9099693891874512,1.0611161427834415,-0.28333562681792324,False,no nominal AF-mediated support
ITGA6,Integrin alpha-6,Inflammation,rs6714597,all primary proteins,0.027720268,0.031185301,1.028108,0.3740628,0.869993,0.2353126406831023,0.013191452075433655,1.2653042924995992,3.5658625949967565e-71,-0.043312919,0.03724911,0.95761169,0.24491443,0.836791,0.006522929463523298,0.007347400645547687,1.0065442501003765,0.9921529741220377,1.0211442729450622,0.3746551403264543,-0.0498358484635233,0.037966834106075986,0.9513855830887731,0.883158278748063,1.0248837037368372,-0.15060008916792927,False,no nominal AF-mediated support
ITGAL,Integrin alpha-L,Inflammation_II,rs11574938,all primary proteins,0.056939593,0.042864637,1.0585919,0.1840598,0.750044,0.2353126406831023,0.013191452075433655,1.2653042924995992,3.5658625949967565e-71,0.16058245,0.050541886,1.1741946,0.0014869666,0.121931,0.013398605988251086,0.010114518851120939,1.013488769548113,0.9935947506690482,1.0337811117746933,0.18527385966096976,0.1471838440117489,0.051544017422264214,1.1585669390460267,1.0472394113287875,1.281729218486281,0.08343754867515776,True,no nominal AF-mediated support
ITGB6,Integrin beta-6,Inflammation,rs6432601,all primary proteins,0.0079605709,0.024573936,1.0079923,0.74598069,0.909608,0.2353126406831023,0.013191452075433655,1.2653042924995992,3.5658625949967565e-71,-0.02907339,0.02907339,0.97134518,0.31731051,0.853675,0.0018732229598240602,0.00578351120004446,1.001874978537978,0.9905821691977599,1.0132965278724742,0.7460211164773731,-0.030946612959824062,0.02964306002917276,0.969527331889008,0.9148025671304638,1.0275258083592191,-0.06443084070430247,False,no nominal AF-mediated support
ITIH1,Inter-alpha-trypsin inhibitor heavy chain H1,Inflammation_II,rs678,all primary proteins,-0.093412627,0.049202071,0.91081759,0.057623572,0.570142,0.2353126406831023,0.013191452075433655,1.2653042924995992,3.5658625949967565e-71,-0.13691011,0.067741981,0.87204861,0.043274317,0.468736,-0.02198117193251566,0.011643259512361549,0.9782586535977638,0.9561868257711994,1.0008399692884937,0.059040964584304544,-0.11492893806748435,0.0687353001148359,0.8914294883582593,0.7790733126614221,1.0199894153735618,0.16055185356666252,True,no nominal AF-mediated support
ITIH4,Inter-alpha-trypsin inhibitor heavy chain H4,Inflammation_II,rs2710331,all primary proteins,0.044402464,0.027852455,1.045403,0.1108906,0.653319,0.2353126406831023,0.013191452075433655,1.2653042924995992,3.5658625949967565e-71,0.043595146,0.033100019,1.0445594,0.1878141,0.778673,0.010448461056676385,0.006580156110149133,1.0105032368338709,0.9975543505662954,1.0236202078333463,0.11231475638299315,0.033146684943323616,0.0337477364016358,1.033702156663301,0.9675396447771325,1.1043890082007872,0.23967028477611668,True,no nominal AF-mediated support
JAM3,Junctional adhesion molecule C,Inflammation_II,rs94499,all primary proteins,-0.059139959,0.064000778,0.94257484,0.35545995,0.869993,0.2353126406831023,0.013191452075433655,1.2653042924995992,3.5658625949967565e-71,-0.015392592,0.075342688,0.98472527,0.83811823,0.971009,-0.013916379922180401,0.015080384837042264,0.9861800052639005,0.9574575106590256,1.0157641377870568,0.35610450078160677,-0.001476212077819599,0.07683709157626048,0.9985248769872668,0.8589222171467277,1.1608174873792003,0.9040959392791286,True,no nominal AF-mediated support
KLK7,Kallikrein-7,Inflammation_II,rs1991821,all primary proteins,-0.0069214431,0.018168788,0.99310245,0.70323858,0.904093,0.2353126406831023,0.013191452075433655,1.2653042924995992,3.5658625949967565e-71,-0.019610755,0.020764329,0.98058028,0.34494258,0.856601,-0.0016287030531988375,0.0042763203098407305,0.9983726225638424,0.9900396453368779,1.0067757368906616,0.7033030222304133,-0.017982051946801164,0.021200100806661213,0.9821786603949533,0.9422032630217034,1.023850116843635,0.08305152214684429,True,no nominal AF-mediated support
KLKB1,Plasma kallikrein,Inflammation_II,rs4253306,all primary proteins,-0.005871813,0.01957271,0.99414539,0.76417716,0.920401,0.2353126406831023,0.013191452075433655,1.2653042924995992,3.5658625949967565e-71,0.029892866,0.023665186,1.0303441,0.20653244,0.800798,-0.0013817118226273689,0.004606357362890486,0.9986192423016609,0.989643826049632,1.007676059654547,0.7642095102135381,0.03127457782262737,0.024109325095681367,1.031768765817194,0.9841472986676821,1.0816945670196898,-0.0462221261296046,False,no nominal AF-mediated support
KLRD1,Natural killer cells antigen CD94,Inflammation,rs2537752,all primary proteins,-0.0059844691,0.016277756,0.9940334,0.71313642,0.904093,0.2353126406831023,0.013191452075433655,1.2653042924995992,3.5658625949967565e-71,0.04452445,0.019150301,1.0455305,0.02007196,0.441689,-0.0014082212270074283,0.003831175179469011,0.9985927698512309,0.9911223168407434,1.0061195304104777,0.7131946338984676,0.04593267122700743,0.01952977039410296,1.047003915094842,1.0076836904574493,1.087858430780285,-0.03162804317644414,False,no nominal AF-mediated support
KRT19,"Keratin, type I cytoskeletal 19",Inflammation,rs7405611,all primary proteins,-0.0040784975,0.046902721,0.99592981,0.93070607,0.986349,0.2353126406831023,0.013191452075433655,1.2653042924995992,3.5658625949967565e-71,-0.021751987,0.055059716,0.97848288,0.69279733,0.971009,-0.000959722016744431,0.011036934266050498,0.9990407383691376,0.9776611775672891,1.020887828853629,0.9307068926238934,-0.02079226498325557,0.056155019757754304,0.9794224037674519,0.8773440118579905,1.093377548642668,0.0441211194519577,True,no nominal AF-mediated support
KYNU,Kynureninase,Inflammation,rs78189771,all primary proteins,0.00070147134,0.028935693,1.0007017,0.98065924,0.995872,0.2353126406831023,0.013191452075433655,1.2653042924995992,3.5658625949967565e-71,-0.016659944,0.03559967,0.98347807,0.63979868,0.957279,0.00016506507337891427,0.006808940617582274,1.0001650786973677,0.9869060233326753,1.013602269107351,0.9806592564182033,-0.016825009073378912,0.036244974499131076,0.9833157409129902,0.9158843670773394,1.0557117045383688,-0.009907900853623173,False,no nominal AF-mediated support
LAIR1,Leukocyte-associated immunoglobulin-like receptor 1,Inflammation,rs111949142,all primary proteins,-0.0062226807,0.023507905,0.99379664,0.79123605,0.922471,0.2353126406831023,0.013191452075433655,1.2653042924995992,3.5658625949967565e-71,-0.022125087,0.026688386,0.97811788,0.40709561,0.889069,-0.0014642754276447754,0.0055323162163080876,0.9985367961005512,0.9877678137172903,1.0094231856112368,0.791258496473338,-0.020660811572355227,0.02725576030864341,0.9795511606457193,0.9285954513745619,1.0333030114481359,0.0661816799927058,True,no nominal AF-mediated support
LAMA4,Laminin subunit alpha-4,Inflammation,rs7765769,all primary proteins,-0.010786,0.040147888,0.98927196,0.78819386,0.922471,0.2353126406831023,0.013191452075433655,1.2653042924995992,3.5658625949967565e-71,0.0023968888,0.047937777,1.0023998,0.96012239,0.988726,-0.0025380821424079414,0.00944837692293902,0.9974651360648057,0.9791632477031316,1.0161091115282872,0.7882173033601897,0.004934970942407942,0.04886002752946068,1.0049471679672428,0.9131723133930657,1.105945499653659,-1.0589069223436405,False,no nominal AF-mediated support
LAMP3,Lysosome-associated membrane glycoprotein 3,Inflammation,rs11921884,all primary proteins,0.022346945,0.030082426,1.0225985,0.45756818,0.886121,0.2353126406831023,0.013191452075433655,1.2653042924995992,3.5658625949967565e-71,-0.0025784936,0.035669162,0.99742483,0.94237179,0.988165,0.005258518639150049,0.007084910533657921,1.005272368914958,0.991409207560057,1.0193293828599768,0.4579577856996614,-0.00783701223915005,0.03636598788775276,0.9921936170749365,0.9239342679075244,1.0654958993931136,-2.039376261841429,False,no nominal AF-mediated support
LCAT,Phosphatidylcholine-sterol acyltransferase,Inflammation_II,rs4986970,all primary proteins,-0.024857776,0.063560389,0.97544863,0.69573137,0.904093,0.2353126406831023,0.013191452075433655,1.2653042924995992,3.5658625949967565e-71,0.065133666,0.078663847,1.0673017,0.4076705,0.889069,-0.005849348912069044,0.014960157124892048,0.9941677252222011,0.9654400638489742,1.0237502076857032,0.6958008191893907,0.07098301491206906,0.08007376053390317,1.0735629911516946,0.9176295081345995,1.2559943700083336,-0.08980530762799446,False,no nominal AF-mediated support
LEG1,Protein LEG1 homolog,Inflammation_II,rs1550942,all primary proteins,0.017478804,0.018016613,1.0176325,0.3319721,0.858912,0.2353126406831023,0.013191452075433655,1.2653042924995992,3.5658625949967565e-71,-0.015058662,0.020974564,0.98505415,0.47278891,0.927481,0.004112983525222371,0.004245802046182458,1.0041214534502012,0.9958000560523482,1.0125123885571878,0.332686066810759,-0.019171645525222374,0.021399980607595494,0.9810109616488542,0.9407144798250161,1.0230335851258758,-0.2731307419757726,False,no nominal AF-mediated support
LGALS3BP,Galectin-3-binding protein,Inflammation_II,rs111526614,all primary proteins,-0.11413766,0.063525521,0.89213514,0.072379874,0.570142,0.2353126406831023,0.013191452075433655,1.2653042924995992,3.5658625949967565e-71,-0.13475742,0.081645915,0.87392789,0.098838628,0.606285,-0.026858034175990097,0.015023993012724486,0.9734994353642181,0.9452507332592226,1.0025923464632287,0.07382826973093826,-0.10789938582400989,0.08301672001611253,0.8977179150349855,0.7629123291971087,1.056343467175174,0.1993065329982579,True,no nominal AF-mediated support
LGALS4,Galectin-4,Inflammation,rs140695578,all primary proteins,-0.063589824,0.077879672,0.93838983,0.41420636,0.869993,0.2353126406831023,0.013191452075433655,1.2653042924995992,3.5658625949967565e-71,-0.096099229,0.088954305,0.90837387,0.27999913,0.841464,-0.014963489406013716,0.018345259453863824,0.9851479072817172,0.9503545077580465,1.0212151268804561,0.41469477607892863,-0.08113573959398628,0.09082630083000522,0.9220685217427891,0.7717031765535372,1.1017323559376961,0.15570873524920492,True,no nominal AF-mediated support
LGMN,Legumain,Inflammation,rs148659834,all primary proteins,-0.0036012813,0.031748138,0.9964052,0.90968741,0.986349,0.2353126406831023,0.013191452075433655,1.2653042924995992,3.5658625949967565e-71,-0.045489869,0.033927861,0.95552928,0.1799912,0.778673,-0.0008474270125456755,0.00747088923282771,0.9991529319523191,0.9846289887729499,1.0138911131115598,0.9096892271984867,-0.044642441987454325,0.03474066691882155,0.9563393675110421,0.8933881365449208,1.0237263608496927,0.01862891740896584,True,no nominal AF-mediated support
LIFR,Leukemia inhibitory factor receptor,Inflammation,rs62353655,all primary proteins,0.001111037,0.046385797,1.0011117,0.98089082,0.995872,0.2353126406831023,0.013191452075433655,1.2653042924995992,3.5658625949967565e-71,-0.061107037,0.0524965,0.94072254,0.24441544,0.836791,0.00026144105036663193,0.010915174221958574,1.0002614752290566,0.9790894220540539,1.021891357715201,0.9808908378882114,-0.06136847805036663,0.05361924599008931,0.9404766309256759,0.84665481972111,1.0446952792504802,-0.004278411508753598,False,no nominal AF-mediated support
LPA,Apolipoprotein(a),Inflammation_II,rs56393506,FGF5/LPA shared candidate,0.034148609,0.012477377,1.0347384,0.0062032059,0.216669,0.2353126406831023,0.013191452075433655,1.2653042924995992,3.5658625949967565e-71,0.076703031,0.014447489,1.0797214,1.1017337e-07,2.25855e-05,0.008035599359444754,0.002970440263167376,1.0080679714395715,1.002215988124058,1.0139541247435215,0.006826574213729945,0.06866743164055525,0.014749693344682353,1.0710799426107926,1.0405589624702425,1.1024961437453829,0.10476247489417666,True,AF-mediated pathway supported
LRG1,Leucine-rich alpha-2-glycoprotein,Inflammation_II,rs8105192,all primary proteins,-0.030192589,0.013041769,0.97025865,0.020609184,0.471288,0.2353126406831023,0.013191452075433655,1.2653042924995992,3.5658625949967565e-71,-0.020187944,0.016257548,0.98001447,0.21432577,0.80618,-0.0071046978466495865,0.0030946300412167884,0.9929204808547875,0.986916174512378,0.9989613168393129,0.02168646550508898,-0.013083246153350412,0.016549459268033664,0.9870019674831271,0.9555003143434161,1.0195421908207103,0.3519277568161268,True,AF-mediated pathway supported
LRIG3,Leucine-rich repeats and immunoglobulin-like domains protein 3,Inflammation_II,rs11172841,all primary proteins,-0.17756017,0.094328839,0.83731062,0.059788111,0.570142,0.2353126406831023,0.013191452075433655,1.2653042924995992,3.5658625949967565e-71,-0.046609544,0.1043166,0.95446,0.65501333,0.958188,-0.041782152482840555,0.022320008456471477,0.9590786907279146,0.9180261810945155,1.0019669960955826,0.06121220301844988,-0.0048273915171594475,0.10667771938440078,0.9951842416105219,0.8074164299923262,1.226618183580092,0.8964291193846597,True,no nominal AF-mediated support
LRRN1,Leucine-rich repeat neuronal protein 1,Inflammation,rs9839475,all primary proteins,0.0066570509,0.0085062317,1.0066793,0.43385693,0.87326,0.2353126406831023,0.013191452075433655,1.2653042924995992,3.5658625949967565e-71,0.010355413,0.010108855,1.0104092,0.30565099,0.848366,0.0015664882264408227,0.0020035492733077084,1.0015677158100373,0.9976423153654507,1.0055085614381463,0.4342988521784075,0.008788924773559179,0.01030549169625578,1.0088276607723254,0.9886550064020135,1.0294119207904202,0.15127240472599426,True,no nominal AF-mediated support
LSP1,Lymphocyte-specific protein 1,Inflammation,rs907612,all primary proteins,0.044903157,0.046913746,1.0459266,0.33849515,0.859547,0.2353126406831023,0.013191452075433655,1.2653042924995992,3.5658625949967565e-71,-0.010723142,0.055626299,0.98933415,0.84713825,0.971009,0.010566280448677929,0.011055277486503392,1.01062230072473,0.9889593370472322,1.0327597874465158,0.33918945893925656,-0.02128942244867793,0.056714233669696974,0.9789355976272972,0.875947325605243,1.0940325705541232,-0.985371680117444,False,no nominal AF-mediated support
LTBR,Tumor necrosis factor receptor superfamily member 3,Inflammation,rs10849449,all primary proteins,0.038241286,0.02345894,1.0389819,0.10307255,0.634898,0.2353126406831023,0.013191452075433655,1.2653042924995992,3.5658625949967565e-71,-0.0051416856,0.02763656,0.99487151,0.85240829,0.971009,0.00899865799177775,0.00554318696369458,1.0090392676339655,0.998135751417034,1.0200618925650413,0.10450977224667912,-0.014140343591777751,0.028186989380706722,0.9859591615024508,0.9329656992184545,1.041962709845557,-1.7501377353328935,False,no nominal AF-mediated support
LY6D,Lymphocyte antigen 6D,Inflammation,rs2572925,all primary proteins,0.0076716532,0.015343306,1.0077012,0.61707508,0.904093,0.2353126406831023,0.013191452075433655,1.2653042924995992,3.5658625949967565e-71,0.012410027,0.018276586,1.0124874,0.49713004,0.946293,0.0018052369728969717,0.003611891875912058,1.0018068673941125,0.9947398123908775,1.0089241297639338,0.6172132954667549,0.01060479002710303,0.018630065988575445,1.0106612201128577,0.9744226479656691,1.0482474970922449,0.14546599881668038,True,no nominal AF-mediated support
LY75,Lymphocyte antigen 75,Inflammation,rs72957586,all primary proteins,-0.004601918,0.0071704304,0.99540865,0.52100886,0.904093,0.2353126406831023,0.013191452075433655,1.2653042924995992,3.5658625949967565e-71,-0.002461491,0.0084546866,0.99754154,0.77094483,0.971009,-0.0010828894767871008,0.0016883846089847188,0.998917696636438,0.9956175079574583,1.002228824501631,0.5212783798513714,-0.0013786015232128994,0.008621622126495457,0.9986223483113358,0.9818890301917514,1.0156408350463964,0.43993233239004353,True,no nominal AF-mediated support
LY9,T-lymphocyte surface antigen Ly-9,Inflammation,rs12128261,all primary proteins,0.01083803,0.013505853,1.010897,0.42228164,0.869993,0.2353126406831023,0.013191452075433655,1.2653042924995992,3.5658625949967565e-71,0.017507587,0.015840197,1.0176617,0.26904558,0.841464,0.002550325459102683,0.0031813121058415334,1.0025535803054606,0.9963217351821095,1.0088244046985297,0.42275060642699963,0.01495726154089732,0.01615650295433956,1.0150696811745996,0.9834293448525814,1.0477279969659212,0.1456697293066533,True,no nominal AF-mediated support
LYVE1,Lymphatic vessel endothelial hyaluronic acid receptor 1,Inflammation_II,rs7119709,all primary proteins,0.055431581,0.076289856,1.0569967,0.46747608,0.892952,0.2353126406831023,0.013191452075433655,1.2653042924995992,3.5658625949967565e-71,-0.025715682,0.078861424,0.97461215,0.74435857,0.971009,0.01304375170234928,0.01796685346077766,1.0131291925170238,0.9780726953550927,1.049442199546883,0.46784504567687796,-0.03875943370234928,0.08088221076719425,0.9619821017852483,0.8209536991417573,1.1272372182774826,-0.5072294680867994,False,no nominal AF-mediated support
LZTFL1,Leucine zipper transcription factor-like protein 1,Inflammation_II,rs1129183,all primary proteins,0.018771728,0.045427582,1.018949,0.67944314,0.904093,0.2353126406831023,0.013191452075433655,1.2653042924995992,3.5658625949967565e-71,0.0030034765,0.052560839,1.003008,0.9544314,0.988726,0.004417224885864931,0.010692552025647003,1.004426995204312,0.9835958605828932,1.0256993030626316,0.6795243295074439,-0.001413748385864931,0.05363741665297732,0.9985872504856113,0.8989363166325578,1.109284916386364,1.470703994476045,True,no nominal AF-mediated support
MANF,Mesencephalic astrocyte-derived neurotrophic factor,Inflammation,rs11721253,all primary proteins,-0.050912868,0.098770963,0.95036147,0.60622888,0.904093,0.2353126406831023,0.013191452075433655,1.2653042924995992,3.5658625949967565e-71,0.029529463,0.1170996,1.0299698,0.80090664,0.971009,-0.011980441413830216,0.023251757766440954,0.9880910383366573,0.9440710162044554,1.034163620409011,0.6063791381315725,0.04150990441383021,0.11938576363783601,1.0423834859977612,0.8249057081620459,1.3171970094640177,-0.4057114554988764,False,no nominal AF-mediated support
MAPK9,Mitogen-activated protein kinase 9,Inflammation,rs3763131,all primary proteins,0.020275041,0.057329427,1.020482,0.7235948,0.904093,0.2353126406831023,0.013191452075433655,1.2653042924995992,3.5658625949967565e-71,-0.0090888117,0.068515657,0.99095237,0.89446777,0.976506,0.004770973437668167,0.013492989877206363,1.0047823726526806,0.9785579342227195,1.0317096015326654,0.7236468836612482,-0.013859785137668166,0.06983162628757862,0.9862358194881707,0.8600800844115599,1.1308959587257137,-0.524928185900052,False,no nominal AF-mediated support
MATN2,Matrilin-2,Inflammation,rs1869609,all primary proteins,0.028280115,0.017422571,1.0286838,0.10454914,0.634898,0.2353126406831023,0.013191452075433655,1.2653042924995992,3.5658625949967565e-71,-0.0035350143,0.020705084,0.99647123,0.86443473,0.971009,0.006654668539471812,0.004116689256194179,1.00667686004455,0.9985869568842226,1.0148323023476553,0.10598413560417423,-0.010189682839471812,0.021110367923821708,0.9898620560951462,0.9497409612193031,1.0316780365448093,-1.8825011654045676,False,no nominal AF-mediated support
MBL2,Mannose-binding protein C,Inflammation_II,rs7899547,all primary proteins,-0.0052470428,0.0076519374,0.9947667,0.4928933,0.904093,0.2353126406831023,0.013191452075433655,1.2653042924995992,3.5658625949967565e-71,-0.0027328348,0.0090730115,0.9972709,0.76325832,0.971009,-0.001234695497045259,0.001801927460492331,0.9987660664258268,0.9952448682873654,1.0022997226404113,0.49321254129319975,-0.0014981393029547408,0.009250215146255172,0.9985029823475313,0.9805628249578269,1.0167713688307476,0.4518002687338653,True,no nominal AF-mediated support
MDH1,"Malate dehydrogenase, cytoplasmic",Inflammation_II,rs71422399,all primary proteins,0.072105221,0.084122758,1.0747684,0.39136594,0.869993,0.2353126406831023,0.013191452075433655,1.2653042924995992,3.5658625949967565e-71,0.12236038,0.097232798,1.1301613,0.20823738,0.800798,0.016967269960548682,0.01981798744882439,1.0171120316635187,0.9783615586071568,1.0573973147794964,0.39191202416591675,0.10539311003945132,0.09923189826578228,1.1111473276809196,0.9147528032751902,1.3497071333281532,0.13866637191343048,True,no nominal AF-mediated support
MEPE,Matrix extracellular phosphoglycoprotein,Inflammation,rs17013212,all primary proteins,-0.00054810739,0.050973987,0.99945204,0.99142076,0.997541,0.2353126406831023,0.013191452075433655,1.2653042924995992,3.5658625949967565e-71,0.028501584,0.061388027,1.0289116,0.64244306,0.957279,-0.000128976597318823,0.01199482566629373,0.999871031719805,0.9766383737618564,1.0236563572876816,0.9914207629562228,0.028630560597318822,0.06254890647899056,1.0290443547099433,0.9103143531495123,1.1632600104532043,-0.004525243134515717,False,no nominal AF-mediated support
MERTK,Tyrosine-protein kinase Mer,Inflammation,rs10188640,all primary proteins,0.026728808,0.025975884,1.0270892,0.30348649,0.838446,0.2353126406831023,0.013191452075433655,1.2653042924995992,3.5658625949967565e-71,0.039152057,0.030493429,1.0399286,0.19915923,0.79277,0.0062896263927916295,0.006122614893804034,1.0063094476271348,0.9943055762459581,1.0184582371618232,0.3042896701350581,0.032862430607208365,0.03110201963403457,1.0334083641009006,0.9722935364540487,1.0983646470472768,0.16064612883025864,True,no nominal AF-mediated support
MFAP4,Microfibril-associated glycoprotein 4,Inflammation_II,rs139356332,all primary proteins,0.0167571,0.036699433,1.0168983,0.64795587,0.904093,0.2353126406831023,0.013191452075433655,1.2653042924995992,3.5658625949967565e-71,0.0054010486,0.041131063,1.0054157,0.8955276,0.976506,0.003943157451190813,0.00863866912770649,1.0039509419249721,0.987095354243716,1.0210943547234868,0.6480633445824362,0.0014578911488091865,0.04202845402590914,1.0014589543887433,0.9222694262603709,1.0874479937950965,0.730072573535223,True,no nominal AF-mediated support
MGLL,Monoglyceride lipase,Inflammation,rs7578,all primary proteins,0.15452715,0.11132601,1.167106,0.16511887,0.727416,0.2353126406831023,0.013191452075433655,1.2653042924995992,3.5658625949967565e-71,0.076432782,0.12960341,1.0794296,0.55536257,0.946293,0.03636219172373385,0.026275606776562682,1.0370313826628244,0.9849760059401892,1.0918378540612623,0.16639630874519568,0.04007059027626615,0.13224012777937205,1.0408842479057137,0.8032252770000201,1.3488619551227294,0.4757407852004373,True,no nominal AF-mediated support
MGMT,Methylated-DNA--protein-cysteine methyltransferase,Inflammation,rs1008982,all primary proteins,0.01376519,0.016904619,1.0138604,0.41548129,0.869993,0.2353126406831023,0.013191452075433655,1.2653042924995992,3.5658625949967565e-71,0.0096597825,0.019802554,1.0097066,0.62568806,0.957279,0.003239123208404633,0.003982012849741772,1.003244374836677,0.995444784631359,1.0111050770276222,0.4159665998614971,0.006420659291595367,0.0201989497563221,1.0064413159105041,0.9673747863656231,1.0470855108568318,0.33532051145091857,True,no nominal AF-mediated support
MILR1,Allergin-1,Inflammation,rs138176943,all primary proteins,-0.018836459,0.019087612,0.98133984,0.32372005,0.857964,0.2353126406831023,0.013191452075433655,1.2653042924995992,3.5658625949967565e-71,-0.01079957,0.022227022,0.98925854,0.62705529,0.957279,-0.004432456908408988,0.004498424300116305,0.9955773519309428,0.9868380179821983,1.004394080504211,0.32445932771791014,-0.0063671130915910115,0.02267766143526181,0.9936531140207638,0.9504541751699487,1.038815480848002,0.4104290178598767,True,no nominal AF-mediated support
MMP1,Interstitial collagenase,Inflammation,rs534191,all primary proteins,-0.022983171,0.015173356,0.97727893,0.1298469,0.702553,0.2353126406831023,0.013191452075433655,1.2653042924995992,3.5658625949967565e-71,-0.018743557,0.017851007,0.98143101,0.29371811,0.842129,-0.005408230659281297,0.003583331413309997,0.994606367491572,0.9876453924049887,1.001616403885512,0.13122865330012773,-0.013335326340718705,0.01820710616577119,0.9867531951988304,0.9521608918505698,1.0226022477595191,0.2885381178866582,True,no nominal AF-mediated support
MMP10,Stromelysin-2,Inflammation,rs486055,all primary proteins,0.01792445,0.02297359,1.0180861,0.43526152,0.87326,0.2353126406831023,0.013191452075433655,1.2653042924995992,3.5658625949967565e-71,-0.00075737111,0.027012903,0.99924292,0.97763234,0.992152,0.004217849662292233,0.005411144637035833,1.0042267573094814,0.9936323660303167,1.014934109005812,0.43570020940793225,-0.0049752207722922335,0.02754954472891214,0.9950371351389526,0.9427328556840456,1.0502433370555648,-5.569065952743079,False,no nominal AF-mediated support
MOCS2,Molybdopterin synthase catalytic subunit,Inflammation_II,rs6880055,all primary proteins,-0.0033439522,0.01560511,0.99666163,0.83032426,0.944252,0.2353126406831023,0.013191452075433655,1.2653042924995992,3.5658625949967565e-71,-0.00066879045,0.018280272,0.99933143,0.97081561,0.988726,-0.0007868742225000694,0.003672344582276677,0.9992134352818353,0.9920471231959702,1.0064315150990018,0.8303363097975179,0.00011808377250006939,0.018645494338444365,1.0001180907446632,0.9642283979206527,1.037343639320049,1.1765631858231071,True,no nominal AF-mediated support
MST1,Hepatocyte growth factor-like protein,Inflammation_II,rs11130213,all primary proteins,0.00276038,0.0068533572,1.0027642,0.68711171,0.904093,0.2353126406831023,0.013191452075433655,1.2653042924995992,3.5658625949967565e-71,0.015515239,0.0081859544,1.0156362,0.058046202,0.495811,0.0006495523070888219,0.001613092624914741,1.0006497633118723,0.997491043468134,1.0038184857627686,0.6871872206916263,0.014865686692911178,0.008343375651103916,1.014976730578884,0.9985137759432301,1.0317111174990645,0.04186543997735529,True,no nominal AF-mediated support
MYOM3,Myomesin-3,Inflammation_II,rs6700245,all primary proteins,0.046890679,0.090967917,1.0480074,0.60622888,0.904093,0.2353126406831023,0.013191452075433655,1.2653042924995992,3.5658625949967565e-71,0.079714154,0.10784856,1.0829775,0.4598278,0.914221,0.01103396949891369,0.0214148359633824,1.011095068254184,0.9695346072208103,1.0544370767521272,0.6063791404539438,0.0686801845010863,0.10995411358113064,1.0710936020310164,0.8634408551057376,1.3286856853342728,0.1384192009227582,True,no nominal AF-mediated support
NAGPA,N-acetylglucosamine-1-phosphodiester alpha-N-acetylglucosaminidase,Inflammation_II,rs12599777,all primary proteins,-0.012425054,0.020952051,0.98765182,0.55316559,0.904093,0.2353126406831023,0.013191452075433655,1.2653042924995992,3.5658625949967565e-71,-0.050674729,0.025093736,0.95058782,0.043443847,0.468736,-0.0029237722673701428,0.0049330061533416885,0.9970804977921912,0.9874864889978833,1.0067677179932077,0.5533847203310643,-0.04775095673262986,0.025574012906593342,0.9533711881904268,0.9067613152130448,1.0023769289915891,0.05769685058148299,True,no nominal AF-mediated support
NCR1,Natural cytotoxicity triggering receptor 1,Inflammation,rs7255591,all primary proteins,0.053954514,0.027681012,1.0554366,0.051277211,0.570142,0.2353126406831023,0.013191452075433655,1.2653042924995992,3.5658625949967565e-71,0.011729242,0.033076463,1.0117983,0.72288184,0.971009,0.012696179166113413,0.006552461781488245,1.0127771178233378,0.9998533648263846,1.0258679187069129,0.052669634700472506,-0.0009669371661134123,0.03371924020478862,0.9990335301669888,0.9351422259298946,1.0672900514201982,1.0824381631919107,True,no nominal AF-mediated support
NELL2,Protein kinase C-binding protein NELL2,Inflammation,rs382115,all primary proteins,0.05981102,0.054059961,1.0616359,0.26856079,0.810461,0.2353126406831023,0.013191452075433655,1.2653042924995992,3.5658625949967565e-71,0.073038457,0.06843761,1.0757719,0.28586939,0.841464,0.014074289058149845,0.012745436589226479,1.0141737981562833,0.9891524964706657,1.0398280311040433,0.2694799181619024,0.05896416794185016,0.06961431330094474,1.0607372316610246,0.9254456385045498,1.2158072044621375,0.19269696590317953,True,no nominal AF-mediated support
NFATC1,"Nuclear factor of activated T-cells, cytoplasmic 1",Inflammation,rs657693,all primary proteins,0.24483258,0.067351712,1.2774074,0.00027783496,0.0271723,0.2353126406831023,0.013191452075433655,1.2653042924995992,3.5658625949967565e-71,-0.060070446,0.07918377,0.94169819,0.44807949,0.912536,0.057612200925056894,0.01617444057056006,1.0593041188892225,1.0262488871579458,1.0934240517456175,0.0003681406467596186,-0.1176826469250569,0.08081882181264138,0.8889781277959501,0.7587465089466203,1.0415627648775,-0.9590772960976001,False,indirect effect significant but opposite to total
NRTN,Neurturin,Inflammation,rs36055559,all primary proteins,-0.036781899,0.13530484,0.96388634,0.78574146,0.922471,0.2353126406831023,0.013191452075433655,1.2653042924995992,3.5658625949967565e-71,0.11691389,0.16026399,1.1240226,0.46569086,0.917948,-0.00865524578302916,0.03184263611464412,0.9913821030247078,0.9313996608457739,1.0552274340589822,0.7857657284015728,0.12556913578302917,0.1633967562880296,1.1337935519559683,0.8230910055926403,1.5617809084566012,-0.07403094519418658,False,no nominal AF-mediated support
NT5C3A,Cytosolic 5'-nucleotidase 3A,Inflammation,rs10252880,all primary proteins,0.085606981,0.071799404,1.0893781,0.23314062,0.777778,0.2353126406831023,0.013191452075433655,1.2653042924995992,3.5658625949967565e-71,0.049707279,0.090209507,1.0509634,0.58161968,0.946293,0.020144404760018164,0.016933005781700254,1.0203486725939386,0.9870404214155291,1.0547809300161581,0.23418272107465354,0.029562874239981836,0.09178497610168095,1.0300041941669298,0.8604191033886944,1.2330138136440247,0.4052606613212154,True,no nominal AF-mediated support
NTF3,Neurotrophin-3,Inflammation,rs73039984,all primary proteins,0.020266832,0.046570593,1.0204736,0.66342802,0.904093,0.2353126406831023,0.013191452075433655,1.2653042924995992,3.5658625949967565e-71,0.044845756,0.055625986,1.0458665,0.42012664,0.906589,0.004769041756200799,0.010961909875508892,1.004780431735067,0.983422640493205,1.0266020675417669,0.6635219724653484,0.0400767142437992,0.05669580043169843,1.0408906222665717,0.931418063589848,1.1632298426194059,0.10634321241458833,True,no nominal AF-mediated support
NUB1,NEDD8 ultimate buster 1,Inflammation,rs113920358,all primary proteins,-0.03012604,0.039917003,0.97032323,0.45041882,0.886121,0.2353126406831023,0.013191452075433655,1.2653042924995992,3.5658625949967565e-71,0.079834006,0.047448513,1.0831073,0.092464237,0.606285,-0.007089038025724767,0.009401378529985396,0.9929360299334578,0.974807035436356,1.011402178789862,0.45082376267232077,0.08692304402572476,0.04837093449764269,1.0908127319316396,0.9921470095267172,1.1992904324851725,-0.08879722289928388,False,no nominal AF-mediated support
NUMB,Protein numb homolog,Inflammation_II,rs7141139,all primary proteins,-0.17283818,0.088207072,0.84127374,0.050059003,0.570142,0.2353126406831023,0.013191452075433655,1.2653042924995992,3.5658625949967565e-71,-0.19906191,0.12158272,0.81949916,0.10157722,0.607042,-0.04067100854666136,0.020881087083908585,0.9601449574776476,0.9216424404815126,1.0002559548886636,0.05144562271366303,-0.15839090145333865,0.12336278855637212,0.8535160760750861,0.6701980809889948,1.0869766905980958,0.20431336435313693,True,no nominal AF-mediated support
OLFM4,Olfactomedin-4,Inflammation_II,rs17552047,all primary proteins,0.00023293598,0.0088515674,1.000233,0.97900546,0.995872,0.2353126406831023,0.013191452075433655,1.2653042924995992,3.5658625949967565e-71,-0.0046587197,0.010598587,0.99535212,0.6602555,0.958188,5.48127805639063e-05,0.002082887965614821,1.0000548142828118,0.9959804524622586,1.0041458435230957,0.9790054843137297,-0.004713532480563907,0.01080131791374886,0.9952975587804762,0.9744480063967993,1.0165932138107243,-0.011765631781604353,False,no nominal AF-mediated support
ORM1,Alpha-1-acid glycoprotein 1,Inflammation_II,rs10982156,all primary proteins,-0.014853785,0.018499714,0.98525599,0.42202114,0.869993,0.2353126406831023,0.013191452075433655,1.2653042924995992,3.5658625949967565e-71,0.0125582,0.021470471,1.0126374,0.55861115,0.946293,-0.0034952833724890544,0.004357624125109919,0.9965108180196697,0.9880359189745516,1.0050584106910474,0.42249072656121056,0.016053483372489054,0.02190821793249239,1.0161830328484025,0.9734716038033824,1.0607684417444427,-0.27832678031000097,False,no nominal AF-mediated support
OSCAR,Osteoclast-associated immunoglobulin-like receptor,Inflammation,rs4442925,all primary proteins,0.0011515652,0.013242999,1.0011522,0.93070607,0.986349,0.2353126406831023,0.013191452075433655,1.2653042924995992,3.5658625949967565e-71,-0.014394565,0.015738057,0.98570854,0.36038373,0.869161,0.00027097784813076483,0.003116282090511631,1.0002710145659444,0.9941800667605422,1.0063992791979541,0.9307068888169918,-0.014665542848130765,0.016043617179516984,0.9854414724408901,0.9549359273617282,1.0169215208913387,-0.018825011254648184,False,no nominal AF-mediated support
OSM,Oncostatin-M,Inflammation,rs4823082,all primary proteins,0.06639013,0.11578439,1.0686435,0.56637762,0.904093,0.2353126406831023,0.013191452075433655,1.2653042924995992,3.5658625949967565e-71,-0.14446492,0.14021595,0.86548527,0.30286778,0.848366,0.01562243680559445,0.02725960252887394,1.0157451050311783,0.9628993554204163,1.071491129978301,0.5665780155876039,-0.16008735680559444,0.14284116551062825,0.8520693516582502,0.6440003295164386,1.1273630567556698,-0.10814000246976534,False,no nominal AF-mediated support
PADI2,Protein-arginine deiminase type-2,Inflammation,rs2235913,all primary proteins,0.026211461,0.056518463,1.026558,0.64281389,0.904093,0.2353126406831023,0.013191452075433655,1.2653042924995992,3.5658625949967565e-71,-0.059794895,0.066347761,0.94195771,0.36746362,0.871741,0.006167888104072148,0.013304002730688574,1.006186948693615,0.9802888976422617,1.032769195036654,0.642926143666501,-0.06596278310407215,0.06766847034159476,0.9361657048248943,0.8198835303474316,1.0689399096953534,-0.10315074730162413,False,no nominal AF-mediated support
PAPPA,Pappalysin-1,Inflammation,rs117448041,all primary proteins,0.079622514,0.13519796,1.0828782,0.55590635,0.904093,0.2353126406831023,0.013191452075433655,1.2653042924995992,3.5658625949967565e-71,0.1522981,0.14374803,1.1645073,0.28938144,0.841464,0.018736184027167282,0.0318311227630058,1.0189128076831102,0.9572862536933489,1.0845066516470048,0.5561215148212386,0.1335619159728327,0.1472301480853512,1.142892027216174,0.8564073205317683,1.5252113737925976,0.12302309764315696,True,no nominal AF-mediated support
PARP1,Poly [ADP-ribose] polymerase 1,Inflammation,rs1433574,all primary proteins,-0.096488573,0.054866051,0.90802027,0.078641956,0.582665,0.2353126406831023,0.013191452075433655,1.2653042924995992,3.5658625949967565e-71,-0.10468695,0.064325715,0.90060641,0.10364135,0.607042,-0.022704980908374285,0.012973265578655272,0.9775508373963403,0.9530074276017276,1.0027263293205353,0.08009482539823133,-0.08198196909162572,0.0656209054344387,0.9212885702163837,0.8100988969706696,1.047739520181175,0.21688453917488554,True,no nominal AF-mediated support
PCBD1,Pterin-4-alpha-carbinolamine dehydratase,Inflammation_II,rs2630336,all primary proteins,0.030331273,0.038603438,1.030796,0.43203489,0.87326,0.2353126406831023,0.013191452075433655,1.2653042924995992,3.5658625949967565e-71,0.0044118215,0.04522117,1.0044216,0.92228091,0.988165,0.007137331944910082,0.00909268447789549,1.0071628634045784,0.9893725450817932,1.0252730768241087,0.4324809976887369,-0.0027255104449100814,0.046126252039196305,0.9972782003866136,0.9110723520154465,1.0916408633916055,1.6177744146969866,True,no nominal AF-mediated support
PCDH1,Protocadherin-1,Inflammation,rs4645358,all primary proteins,0.0074219765,0.084115733,1.0074496,0.92968967,0.986349,0.2353126406831023,0.013191452075433655,1.2653042924995992,3.5658625949967565e-71,0.029687906,0.098959686,1.030133,0.76417716,0.971009,0.0017464848893029292,0.01979373739671697,1.0017480108822825,0.9636286847109702,1.0413752654193746,0.9296905233894138,0.02794142111069707,0.10091982705766389,1.028335443908896,0.8437817229579939,1.2532551445795546,0.05882816017077558,True,no nominal AF-mediated support
PDE5A,"cGMP-specific 3',5'-cyclic phosphodiesterase",Inflammation_II,rs58583086,all primary proteins,-0.032925771,0.043056778,0.96761038,0.4444467,0.883473,0.2353126406831023,0.013191452075433655,1.2653042924995992,3.5658625949967565e-71,0.017096074,0.051288221,1.017243,0.73888268,0.971009,-0.0077478501205371095,0.010141109656792057,0.9922820871039382,0.9727536401050381,1.0122025760613218,0.44486475440080975,0.024843924120537108,0.05228119851740128,1.0251551060527908,0.9253092944571706,1.1357748136342247,-0.4531946995864144,False,no nominal AF-mediated support
PDZK1,Na(+)/H(+) exchange regulatory cofactor NHE-RF3,Inflammation_II,rs1471633,all primary proteins,0.012568566,0.065536094,1.0126479,0.84791389,0.955368,0.2353126406831023,0.013191452075433655,1.2653042924995992,3.5658625949967565e-71,0.026034887,0.082593434,1.0263768,0.7525966,0.971009,0.002957542455059856,0.015422362566149279,1.0029619202985687,0.9730981890427348,1.03374214945211,0.8479225752088331,0.023077344544940145,0.08402097718447529,1.0233456866928317,0.8679651015334907,1.2065420517744345,0.11359920460034477,True,no nominal AF-mediated support
PENK,Proenkephalin-A,Inflammation_II,rs2576575,all primary proteins,-0.0019963799,0.021960179,0.99800561,0.92756483,0.986349,0.2353126406831023,0.013191452075433655,1.2653042924995992,3.5658625949967565e-71,-0.032274808,0.026285669,0.96824046,0.21950399,0.808653,-0.00046977342607566763,0.005167574815789416,0.9995303369001834,0.9894577431911302,1.009705468736535,0.9275657649801144,-0.031805034573924335,0.026788807816966062,0.9686954257860284,0.9191452674541315,1.0209167812373063,0.014555421246058771,True,no nominal AF-mediated support
PEPD,Xaa-Pro dipeptidase,Inflammation_II,rs17569,all primary proteins,0.025569116,0.018669513,1.0258988,0.17082266,0.732739,0.2353126406831023,0.013191452075433655,1.2653042924995992,3.5658625949967565e-71,0.015016782,0.021916385,1.0151301,0.49322707,0.944968,0.006016736205892562,0.004406101548992278,1.0060348731199418,0.9973842043411566,1.0147605722330701,0.17208137297743792,0.009000045794107438,0.022354902422695947,1.0090406679819834,0.9657835260922999,1.0542352837194924,0.400667480282564,True,no nominal AF-mediated support
PER3,Period circadian protein homolog 3,Inflammation_II,rs228647,all primary proteins,-0.0075648279,0.018101552,0.99246371,0.67601259,0.904093,0.2353126406831023,0.013191452075433655,1.2653042924995992,3.5658625949967565e-71,-0.012157759,0.021343621,0.98791585,0.56893529,0.946293,-0.0017800996294622072,0.004260692781303485,0.9982214838081849,0.9899200888142814,1.0065924936726456,0.6760964081433105,-0.010377659370537794,0.021764734327997037,0.989676002746987,0.9483453605867899,1.0328079106194108,0.14641675570820306,True,no nominal AF-mediated support
PF4,Platelet factor 4,Inflammation_II,rs11574452,all primary proteins,0.12240937,0.086582241,1.1302167,0.15742266,0.717809,0.2353126406831023,0.013191452075433655,1.2653042924995992,3.5658625949967565e-71,0.046774314,0.10499341,1.0478855,0.65596017,0.958188,0.02880447209905492,0.020437785348297148,1.0292233329217575,0.9888094975636506,1.0712889304164304,0.15872476969130242,0.017969841900945076,0.10696410245204307,1.0181322709929084,0.8255711749679888,1.255607454169376,0.6158181624866785,True,no nominal AF-mediated support
PGLYRP2,N-acetylmuramoyl-L-alanine amidase,Inflammation_II,rs34440547,all primary proteins,-0.0078645892,0.0080393579,0.99216626,0.32794532,0.858912,0.2353126406831023,0.013191452075433655,1.2653042924995992,3.5658625949967565e-71,0.0076024363,0.010136582,1.0076314,0.4532547,0.914221,-0.0018506372525398066,0.0018946051287208495,0.9981510741207072,0.994451387425834,1.0018645248686184,0.3286715834301346,0.009453073552539807,0.010312120210533784,1.0094978949744065,0.9892989855652303,1.0301092135210355,-0.2434268673240717,False,no nominal AF-mediated support
PI16,Peptidase inhibitor 16,Inflammation_II,rs62406524,all primary proteins,0.029534334,0.027208796,1.0299748,0.27771351,0.823042,0.2353126406831023,0.013191452075433655,1.2653042924995992,3.5658625949967565e-71,0.030231996,0.031162211,1.0306936,0.3319721,0.854294,0.006949802124356731,0.00641441641283715,1.0069740080420957,0.994393322368704,1.0197138597602025,0.27860163219930467,0.02328219387564327,0.03181553287823097,1.0235553398447494,0.961677377906552,1.0894147640296312,0.22988234466413435,True,no nominal AF-mediated support
PIK3AP1,Phosphoinositide 3-kinase adapter protein 1,Inflammation,rs41317268,all primary proteins,-0.0086922509,0.036942066,0.99134542,0.81398046,0.939303,0.2353126406831023,0.013191452075433655,1.2653042924995992,3.5658625949967565e-71,-0.013038376,0.043026642,0.98704626,0.76186677,0.971009,-0.0020453965127590727,0.008693691298779586,0.9979566938852144,0.9810959346777489,1.01510721599048,0.8139963428282236,-0.010992979487240928,0.04389615233929552,0.9890672225100496,0.9075292898272241,1.0779310173338696,0.15687509799986382,True,no nominal AF-mediated support
PINLYP,phospholipase A2 inhibitor and Ly6/PLAUR domain-containing protein,Inflammation_II,rs3213276,all primary proteins,0.0011739447,0.0088698043,1.0011746,0.89470513,0.984187,0.2353126406831023,0.013191452075433655,1.2653042924995992,3.5658625949967565e-71,0.0049566554,0.010435064,1.004969,0.63478697,0.957279,0.0002762440273729323,0.002087234521538523,1.0002762821862679,0.9961925312258185,1.0043767739085523,0.8947080147296178,0.004680411372627068,0.010641762477710079,1.004691381606327,0.9839527089610998,1.0258671611766825,0.05573194121441896,True,no nominal AF-mediated support
PKLR,Pyruvate kinase PKLR,Inflammation,rs77350683,all primary proteins,-0.14876819,0.037948264,0.86176886,8.8442529e-05,0.0108121,0.2353126406831023,0.013191452075433655,1.2653042924995992,3.5658625949967565e-71,-0.025298843,0.04262305,0.97501849,0.55281421,0.946293,-0.035007035638545486,0.00914280785263774,0.9655986226307789,0.9484493045774516,0.9830580248480935,0.00012870936138767035,0.009708192638545485,0.04359260633103686,1.0097554700094535,0.9270634067862502,1.0998234875309878,1.3837405781183545,True,AF-mediated pathway supported
PLAUR,Urokinase plasminogen activator surface receptor,Inflammation,rs2302524,all primary proteins,0.048658497,0.051487479,1.0498618,0.34463083,0.859819,0.2353126406831023,0.013191452075433655,1.2653042924995992,3.5658625949967565e-71,0.013579115,0.060540222,1.0136717,0.8225246,0.971009,0.011449959420740811,0.01213264573734094,1.011515761108514,0.9877456770881884,1.0358578718229974,0.34530689552486427,0.002129155579259188,0.06174398409883428,1.002131423840541,0.8879063056124085,1.1310510853462232,0.8432036565520515,True,no nominal AF-mediated support
PLXNA4,Plexin-A4,Inflammation,rs6467443,all primary proteins,-0.085433165,0.080633549,0.9181145,0.28936129,0.825746,0.2353126406831023,0.013191452075433655,1.2653042924995992,3.5658625949967565e-71,-0.10079194,0.095032397,0.90412113,0.28886897,0.841464,-0.02010350365806519,0.019007533217435618,0.980097224408694,0.9442557114317427,1.017299188836375,0.29021057176054554,-0.0806884363419348,0.09691461602141097,0.9224810582487609,0.7628902609891359,1.1154570274949052,0.19945546893992905,True,no nominal AF-mediated support
PNLIPRP2,Pancreatic lipase-related protein 2,Inflammation,rs4751995,all primary proteins,0.0004402416,0.0058111892,1.0004403,0.93961197,0.987363,0.2353126406831023,0.013191452075433655,1.2653042924995992,3.5658625949967565e-71,-0.0014968215,0.0069558174,0.9985043,0.82961929,0.971009,0.00010359441343455405,0.001367458607923216,1.0001035997795211,0.9974266921895074,1.0027876916912515,0.9396125130933873,-0.001600415913434554,0.0070889589324897384,0.9984008640691875,0.9846246509874564,1.0123698247595458,-0.06920959742664977,False,no nominal AF-mediated support
PON1,Serum paraoxonase/arylesterase 1,Inflammation_II,rs705379,all primary proteins,0.0040969903,0.0097799123,1.0041054,0.67527539,0.904093,0.2353126406831023,0.013191452075433655,1.2653042924995992,3.5658625949967565e-71,0.0023788976,0.01215881,1.0023817,0.84488242,0.971009,0.0009640736063460554,0.00230197150849923,1.0009645384746824,0.996458495422613,1.0054909581145177,0.6753597842897672,0.0014148239936539444,0.012374802359716386,1.0014158253293026,0.9774190648759948,1.0260017338082084,0.4052606578551575,True,no nominal AF-mediated support
PON3,Serum paraoxonase/lactonase 3,Inflammation,rs149867961,all primary proteins,0.026356102,0.022740464,1.0267065,0.24645789,0.801264,0.2353126406831023,0.013191452075433655,1.2653042924995992,3.5658625949967565e-71,0.019600567,0.026260954,1.0197939,0.45543982,0.914221,0.006201923959733194,0.005362401395009931,1.0062211957101788,0.995700884992107,1.0168526612331452,0.24745331587749841,0.013398643040266806,0.026802855327582552,1.0134888070999155,0.961620926373999,1.0681543360229673,0.3164155383736192,True,no nominal AF-mediated support
PPL,Periplakin,Inflammation_II,rs61499243,all primary proteins,0.046146071,0.081304982,1.0472274,0.57032863,0.904093,0.2353126406831023,0.013191452075433655,1.2653042924995992,3.5658625949967565e-71,0.099616914,0.094489573,1.1047476,0.29176226,0.842129,0.010858753824159927,0.019141771732116876,1.0109179240692319,0.9736930986595345,1.0495658751318582,0.5705236238157966,0.08875816017584007,0.09640895617507118,1.0928163378552662,0.9046533983148191,1.3201161356471216,0.1090051216017385,True,no nominal AF-mediated support
PRDX3,"Thioredoxin-dependent peroxide reductase, mitochondrial",Inflammation,rs7358070,all primary proteins,-0.078990532,0.10996721,0.92404867,0.47256625,0.898321,0.2353126406831023,0.013191452075433655,1.2653042924995992,3.5658625949967565e-71,-0.010841838,0.12855322,0.98921672,0.93278822,0.988165,-0.018587470673883093,0.02589764565766524,0.9815842110041637,0.9330030061046126,1.0326950256199214,0.47292489022317175,0.007745632673883094,0.13113587771078664,1.007775707686496,0.7793611856293033,1.3031337661278979,1.714420624425775,True,no nominal AF-mediated support
PRELP,Prolargin,Inflammation,rs41313926,all primary proteins,0.013033217,0.015983303,1.0131185,0.41482794,0.869993,0.2353126406831023,0.013191452075433655,1.2653042924995992,3.5658625949967565e-71,-0.013429497,0.018228891,0.98666028,0.4612957,0.914221,0.0030668807088659,0.003765000769972423,1.003071588398918,0.9956967647646867,1.0105010351127464,0.415314833603581,-0.0164963777088659,0.018613642789303064,0.9836389424108395,0.948399817162711,1.0201874267771174,-0.2283689931846219,False,no nominal AF-mediated support
PRKG1,cGMP-dependent protein kinase 1,Inflammation_II,rs1937682,all primary proteins,-0.072951843,0.03532888,0.9296456,0.038929145,0.570142,0.2353126406831023,0.013191452075433655,1.2653042924995992,3.5658625949967565e-71,-0.019270298,0.041752312,0.98091419,0.64441233,0.957279,-0.01716649081902909,0.008368846359843328,0.98298001386285,0.966987771244975,0.9992367394778777,0.040243831389938915,-0.002103807180970911,0.04258277993203364,0.9978984042702622,0.9179925022783696,1.0847596497505725,0.890826432420977,True,AF-mediated pathway supported
PROK1,Prokineticin-1,Inflammation,rs1857513,all primary proteins,0.020881142,0.01900184,1.0211007,0.27181121,0.810461,0.2353126406831023,0.013191452075433655,1.2653042924995992,3.5658625949967565e-71,0.021716388,0.022551634,1.0219539,0.33556611,0.854294,0.004913596664498835,0.004479849546223578,1.0049256881767492,0.9961405584167069,1.0137882954616733,0.2727192964268683,0.016802791335501166,0.022992286707214565,1.0169447522323538,0.9721335463348978,1.0638215633972703,0.2262621511689161,True,no nominal AF-mediated support
PRR4,Proline-rich protein 4,Inflammation_II,rs1063193,all primary proteins,-0.0022990444,0.008557554,0.9977036,0.78819386,0.922471,0.2353126406831023,0.013191452075433655,1.2653042924995992,3.5658625949967565e-71,0.0089407281,0.010217975,1.0089808,0.38157391,0.873996,-0.0005409942088116984,0.0020139289949780634,0.9994591521021696,0.9955217623048082,1.0034121146765445,0.7882173041792617,0.009481722308811698,0.010414553427652977,1.0095268162478337,0.9891287217316463,1.0303455660849614,-0.0605089655742577,False,no nominal AF-mediated support
PRSS22,Brain-specific serine protease 4,Inflammation_II,rs8046218,all primary proteins,-0.051212149,0.028108924,0.95007709,0.068467458,0.570142,0.2353126406831023,0.013191452075433655,1.2653042924995992,3.5658625949967565e-71,-0.015787204,0.033114623,0.98433676,0.63354429,0.957279,-0.012050866016246496,0.006648795043409959,0.9880214548683542,0.9752294480848169,1.0009812533832336,0.0699107153416069,-0.0037363379837535033,0.03377550491053245,0.9962706334417741,0.9324531895404606,1.0644557669941943,0.763331240683689,True,no nominal AF-mediated support
PRSS8,Prostasin,Inflammation,rs889555,all primary proteins,0.053074862,0.066126057,1.0545086,0.42218771,0.869993,0.2353126406831023,0.013191452075433655,1.2653042924995992,3.5658625949967565e-71,0.053944941,0.08787805,1.0554265,0.53930693,0.946293,0.01248918593111124,0.01557604037824365,1.0125675015067115,0.9821218908681446,1.043956920867774,0.42265689333920387,0.04145575506888877,0.08924777143249671,1.0423270431430023,0.8750538278806156,1.2415758096831715,0.23151727853611406,True,no nominal AF-mediated support
PSTPIP2,Proline-serine-threonine phosphatase-interacting protein 2,Inflammation_II,rs72642432,all primary proteins,0.03670098,0.043333687,1.0373828,0.39702925,0.869993,0.2353126406831023,0.013191452075433655,1.2653042924995992,3.5658625949967565e-71,0.01857158,0.051735116,1.0187451,0.71961427,0.971009,0.008636204519457723,0.01020845101354934,1.0086736041197126,0.9886920613759069,1.029058975382043,0.39756067017714153,0.009935375480542278,0.052732672031952754,1.0099848951865973,0.9108102766967741,1.1199582554168768,0.46502260547878654,True,no nominal AF-mediated support
PTGES2,Prostaglandin E synthase 2,Inflammation_II,rs13283456,all primary proteins,0.11451965,0.091822059,1.1213347,0.21232747,0.769429,0.2353126406831023,0.013191452075433655,1.2653042924995992,3.5658625949967565e-71,0.17229532,0.11348794,1.1880286,0.12896857,0.669331,0.026947921251604636,0.021659637619287263,1.027314300127367,0.9846146146993945,1.0718657386254526,0.21344294994145796,0.14534739874839536,0.11553636841809788,1.1564412467347394,0.9220978958494691,1.4503409704859793,0.15640541630268678,True,no nominal AF-mediated support
PTPRM,Receptor-type tyrosine-protein phosphatase mu,Inflammation,rs72911294,all primary proteins,0.069049676,0.10043589,1.0714894,0.4917677,0.904093,0.2353126406831023,0.013191452075433655,1.2653042924995992,3.5658625949967565e-71,0.21342627,0.11801217,1.2379122,0.070527063,0.556079,0.016248261597872633,0.02365138069739988,1.0163809824537162,0.9703402997069768,1.0646062023864573,0.49208904147104826,0.19717800840212737,0.12035888034126206,1.2179608286712618,0.9620148449767343,1.542001755922449,0.07613056067499391,True,no nominal AF-mediated support
PTX3,Pentraxin-related protein PTX3,Inflammation,rs56025932,all primary proteins,-0.089912485,0.108561,0.91401117,0.40754543,0.869993,0.2353126406831023,0.013191452075433655,1.2653042924995992,3.5658625949967565e-71,-0.16317451,0.14519201,0.84944294,0.2610753,0.841464,-0.021157544275729825,0.025573295194185622,0.9790647063784721,0.9311999992072043,1.0293897122981739,0.40805026673096007,-0.14201696572427017,0.14742697580473207,0.8676065367877711,0.6498759124100063,1.1582843559863565,0.12966206716802658,True,no nominal AF-mediated support
PZP,Pregnancy zone protein,Inflammation_II,rs7311982,all primary proteins,0.024902789,0.021902453,1.0252155,0.25554401,0.80452,0.2353126406831023,0.013191452075433655,1.2653042924995992,3.5658625949967565e-71,0.043204839,0.02580289,1.0441518,0.094048359,0.606285,0.005859941039964112,0.005164382633610755,1.0058771440809797,0.9957468215695497,1.0161105283667107,0.2565078493955001,0.037344897960035886,0.026314634337920036,1.0380509807704645,0.9858690077927613,1.0929949416819824,0.1356315907105709,True,no nominal AF-mediated support
QSOX1,Sulfhydryl oxidase 1,Inflammation_II,rs12371,all primary proteins,-0.0052476041,0.010771398,0.99476614,0.62613114,0.904093,0.2353126406831023,0.013191452075433655,1.2653042924995992,3.5658625949967565e-71,0.0055237937,0.012704726,1.0055391,0.66372023,0.958188,-0.0012348275780304744,0.0025355912100205103,0.9987659345078295,0.9938146223483403,1.0037419147407696,0.6262598237531541,0.006758621278030474,0.01295528021771082,1.0067815123003454,0.9815388066437254,1.032673396761261,-0.22354701226993223,False,no nominal AF-mediated support
RABGAP1L,Rab GTPase-activating protein 1-like,Inflammation,rs6661868,all primary proteins,0.043440722,0.090139499,1.0443981,0.6298573,0.904093,0.2353126406831023,0.013191452075433655,1.2653042924995992,3.5658625949967565e-71,-0.15204253,0.10751579,0.85895175,0.15732039,0.724734,0.010222151007000536,0.0212187029817056,1.0102745756712808,0.9691203187555963,1.0531764719971644,0.6299821846704432,-0.16226468100700053,0.10958959100001214,0.850216138692462,0.6858747285554019,1.0539351464598101,-0.06723218172573513,False,no nominal AF-mediated support
RLN2,Prorelaxin H2,Inflammation_II,rs2273782,all primary proteins,0.059428976,0.049313406,1.0612304,0.22815381,0.769429,0.2353126406831023,0.013191452075433655,1.2653042924995992,3.5658625949967565e-71,0.030978934,0.059428976,1.0314638,0.6021741,0.946293,0.01398438927565271,0.011630519070288923,1.0140826282505535,0.9912272787594797,1.0374649678795629,0.22921347895675986,0.01699454472434729,0.06055635525898938,1.0171397735322638,0.9033041942512001,1.1453210618144876,0.45141609054891013,True,no nominal AF-mediated support
RNASE1,Ribonuclease pancreatic,Inflammation_II,rs17254387,all primary proteins,-0.027180172,0.033629705,0.97318588,0.41896442,0.869993,0.2353126406831023,0.013191452075433655,1.2653042924995992,3.5658625949967565e-71,-0.037315152,0.040079237,0.96337248,0.35183573,0.858647,-0.006395838047540917,0.007921613054195878,0.9936245717887733,0.9783163454604334,1.0091723339220775,0.4194413259520498,-0.03091931395245908,0.04085458593453831,0.9695537993840483,0.8949438479607541,1.0503838559726784,0.17140056263313408,True,no nominal AF-mediated support
RNASE4,Ribonuclease 4,Inflammation_II,rs12588573,all primary proteins,0.0090406005,0.021916607,1.0090816,0.67997298,0.904093,0.2353126406831023,0.013191452075433655,1.2653042924995992,3.5658625949967565e-71,-0.025752014,0.026299929,0.97457674,0.32749764,0.854025,0.002127367577015975,0.00515863337867867,1.002129632028909,0.9920482300816654,1.0123134832947844,0.6800537680166505,-0.027879381577015975,0.026801077660061706,0.9725056618264067,0.9227384133605576,1.0249570718964545,-0.08260975537742311,False,no nominal AF-mediated support
RNASE6,Ribonuclease K6,Inflammation_II,rs1045922,all primary proteins,0.032139743,0.017306015,1.0326618,0.063290832,0.570142,0.2353126406831023,0.013191452075433655,1.2653042924995992,3.5658625949967565e-71,0.0038208086,0.020452564,1.0038281,0.85180711,0.971009,0.007562887796206252,0.004094334371718539,1.0075915586647268,0.9995380991367023,1.0157099063750283,0.06472405669857151,-0.003742079196206252,0.020858354396297227,0.9962649136568265,0.9563565704651958,1.0378386146297354,1.9793945700934226,True,no nominal AF-mediated support
ROBO1,Roundabout homolog 1,Inflammation,rs3773244,all primary proteins,0.019894938,0.035133614,1.0200942,0.57121361,0.904093,0.2353126406831023,0.013191452075433655,1.2653042924995992,3.5658625949967565e-71,0.064764372,0.041059765,1.0669076,0.11472201,0.627147,0.0046815303970065975,0.008271547987789608,1.0046925058811058,0.9885355201243752,1.0211135673168878,0.5714074037987691,0.0600828416029934,0.04188463689671347,1.0619245144306424,0.9782294287702445,1.1527803613170724,0.07228558314448873,True,no nominal AF-mediated support
RPA2,Replication protein A 32 kDa subunit,Inflammation_II,rs17185038,all primary proteins,0.096869358,0.078767509,1.1017164,0.21876689,0.769429,0.2353126406831023,0.013191452075433655,1.2653042924995992,3.5658625949967565e-71,0.12328827,0.094912402,1.1312105,0.19395454,0.782751,0.0227945844322568,0.018578987287778015,1.0230563662572156,0.9864721050033624,1.0609973898206182,0.21985967420032873,0.10049368556774321,0.09671371579072444,1.1057166597090908,0.9147859299823746,1.3364977438839551,0.1848885091197792,True,no nominal AF-mediated support
S100A13,Protein S100-A13,Inflammation_II,rs114678888,all primary proteins,0.041105357,0.037133825,1.0419619,0.26831474,0.810461,0.2353126406831023,0.013191452075433655,1.2653042924995992,3.5658625949967565e-71,-0.0015886128,0.042296816,0.99841265,0.97003955,0.988726,0.009672610101891644,0.008754866558116794,1.0097195409876571,0.99254102888128,1.027195372065847,0.26923470000319866,-0.011261222901891644,0.04319338296762929,0.9888019473217162,0.9085364657663727,1.076158555950178,-6.088714696174955,False,no nominal AF-mediated support
SAA4,Serum amyloid A-4 protein,Inflammation_II,rs7117890,all primary proteins,-0.012094026,0.018415903,0.98797881,0.51136328,0.904093,0.2353126406831023,0.013191452075433655,1.2653042924995992,3.5658625949967565e-71,-0.0032983706,0.021714273,0.99670706,0.87926681,0.974199,-0.002845877194550097,0.004336430465351137,0.9971581684752167,0.9887188340961496,1.005669537857872,0.5116492337203101,-0.0004524934054499028,0.022143041369679876,0.9995476089542514,0.9570947793115406,1.0438834733638738,0.8628130491310155,True,no nominal AF-mediated support
SAMD9L,Sterile alpha motif domain-containing protein 9-like,Inflammation,rs17165120,all primary proteins,-0.063297946,0.023097579,0.93866376,0.006135362,0.216669,0.2353126406831023,0.013191452075433655,1.2653042924995992,3.5658625949967565e-71,-0.022921262,0.028034467,0.97733943,0.41357988,0.897184,-0.01489480682307641,0.005498917343548089,0.9852155721082355,0.9746540564759643,0.9958915341040238,0.006755148066588244,-0.00802645517692359,0.028568679212124297,0.9920056708043865,0.9379852393196859,1.0491372461487813,0.6498249015728894,True,AF-mediated pathway supported
SCG3,Secretogranin-3,Inflammation,rs2606134,all primary proteins,-0.010456482,0.011163001,0.989598,0.34890834,0.866072,0.2353126406831023,0.013191452075433655,1.2653042924995992,3.5658625949967565e-71,0.027978154,0.013282558,1.0283732,0.035171099,0.457404,-0.0024605423916753267,0.0026304143476042208,0.9975424822614842,0.9924127749015833,1.0026987046948141,0.3495718541275787,0.03043869639167533,0.01354051057617275,1.0309066898116679,1.0039069078064924,1.0586326230392906,-0.08794513003521699,False,no nominal AF-mediated support
SCGB1A1,Uteroglobin,Inflammation,rs3741240,all primary proteins,-0.01532942,0.020635758,0.98478748,0.45756818,0.886121,0.2353126406831023,0.013191452075433655,1.2653042924995992,3.5658625949967565e-71,-0.024173317,0.024468113,0.97611652,0.32317625,0.853675,-0.003607206300340362,0.0048600634543492375,0.9963992918525654,0.9869529299847992,1.0059360671025972,0.4579577918183303,-0.020566110699659638,0.02494611734440993,0.9796439293880536,0.9328969814394953,1.0287333408518577,0.14922264496594995,True,no nominal AF-mediated support
SCGB3A1,Secretoglobin family 3A member 1,Inflammation_II,rs307802,all primary proteins,0.067916904,0.059427291,1.0702764,0.25309791,0.803668,0.2353126406831023,0.013191452075433655,1.2653042924995992,3.5658625949967565e-71,0.1163077,0.069614826,1.1233415,0.094774683,0.606285,0.01598170602726075,0.014012663243513234,1.016110096545657,0.9885825653813468,1.0444041443354246,0.25407022012267805,0.10032599397273925,0.07101111694788628,1.1055312558645696,0.961889408171926,1.2706235740928742,0.13740883903009646,True,no nominal AF-mediated support
SCRN1,Secernin-1,Inflammation,rs17324153,all primary proteins,0.036340885,0.07043388,1.0370093,0.60588413,0.904093,0.2353126406831023,0.013191452075433655,1.2653042924995992,3.5658625949967565e-71,0.026600029,0.082047977,1.026957,0.74578593,0.971009,0.008551469614110942,0.016580913817228454,1.0085881378783799,0.9763373356783284,1.0419042626923865,0.6060347865163189,0.01804855938588906,0.0837066140326252,1.0182124189591029,0.86414352755593,1.1997503852801183,0.3214834695898618,True,no nominal AF-mediated support
SDK2,Protein sidekick-2,Inflammation_II,rs11655934,all primary proteins,0.0038566284,0.014239859,1.0038641,0.78651922,0.922471,0.2353126406831023,0.013191452075433655,1.2653042924995992,3.5658625949967565e-71,-0.01438819,0.0167615,0.98571482,0.39066772,0.876831,0.0009075134129374477,0.003351205008737382,1.0009079253278315,0.9943551440070377,1.0075038893518042,0.7865432310922534,-0.015295703412937449,0.017093228403686253,0.9848206817054961,0.9523730791613717,1.018373782645048,-0.06307349381245644,False,no nominal AF-mediated support
SELENOP,Selenoprotein P,Inflammation_II,rs10038285,all primary proteins,0.07260758,0.073575681,1.0753085,0.32372005,0.857964,0.2353126406831023,0.013191452075433655,1.2653042924995992,3.5658625949967565e-71,0.12101263,0.087129096,1.1286392,0.16486654,0.751059,0.017085481383409606,0.01733976106179271,1.017232273030802,0.9832415611677382,1.052398045569277,0.3244593218897253,0.10392714861659039,0.08883775483124998,1.109519621931843,0.9322121598740059,1.320551098172933,0.14118758829892059,True,no nominal AF-mediated support
SELL,L-selectin,Inflammation_II,rs2223286,all primary proteins,0.035652728,0.017703423,1.0362959,0.0440212,0.570142,0.2353126406831023,0.013191452075433655,1.2653042924995992,3.5658625949967565e-71,-0.0090975926,0.020899875,0.99094367,0.66334895,0.958188,0.008389537573236381,0.004192303548394405,1.0084248283656896,1.000172637518525,1.0167451061122788,0.04537341797674552,-0.01748713017323638,0.02131619534667257,0.982664882310495,0.94245521969118,1.0245900821077873,-0.9221711657253571,False,indirect effect significant but opposite to total
SELPLG,P-selectin glycoprotein ligand 1,Inflammation,rs7294337,all primary proteins,0.0047123921,0.012921075,1.0047235,0.71533097,0.904093,0.2353126406831023,0.013191452075433655,1.2653042924995992,3.5658625949967565e-71,0.035469618,0.015657303,1.0361062,0.023489851,0.457404,0.0011088854289851898,0.003041127680994506,1.0011095004697481,0.9951600257798792,1.0070945435588377,0.7153878527019188,0.03436073257101481,0.015949908927825263,1.0349578824155368,1.0031037176611761,1.0678235954219204,0.03126296508141672,True,no nominal AF-mediated support
SERPINA1,Alpha-1-antitrypsin,Inflammation_II,rs17580,all primary proteins,0.026444709,0.046745698,1.0267975,0.57158802,0.904093,0.2353126406831023,0.013191452075433655,1.2653042924995992,3.5658625949967565e-71,-0.032054193,0.053423655,0.9684541,0.54850624,0.946293,0.006222774306886201,0.01100538378469838,1.0062421759901443,0.9847693989979661,1.028183164273438,0.5717813145970573,-0.038276967306886206,0.05454544330929511,0.9624463378025304,0.8648613826244316,1.0710421019593057,-0.19413292691181464,False,no nominal AF-mediated support
SERPINA3,Alpha-1-antichymotrypsin,Inflammation_II,rs61976127,all primary proteins,-0.025261953,0.019449468,0.97505446,0.19399521,0.763048,0.2353126406831023,0.013191452075433655,1.2653042924995992,3.5658625949967565e-71,-0.030403766,0.022579268,0.97005378,0.17813015,0.778673,-0.0059444568692424175,0.004588821739913762,0.9940731764570088,0.9851724790748846,1.0030542886046392,0.19517497580682044,-0.02445930913075758,0.023040846954409666,0.9758373957824221,0.9327487852986259,1.0209164975782277,0.1955171234130146,True,no nominal AF-mediated support
SERPINA4,Kallistatin,Inflammation_II,rs5511,all primary proteins,0.016844997,0.012795719,1.0169877,0.18802114,0.753626,0.2353126406831023,0.013191452075433655,1.2653042924995992,3.5658625949967565e-71,0.0042112492,0.015063315,1.0042201,0.77980751,0.971009,0.003963840726368936,0.003019182788844716,1.003971707133315,0.998048149802132,1.0099304216174494,0.18922159820570417,0.00024740847363106423,0.015362907390910133,1.0002474390816316,0.9705776298675078,1.0308242314691907,0.9412505739078408,True,no nominal AF-mediated support
SERPINA5,Plasma serine protease inhibitor,Inflammation_II,rs1130267,all primary proteins,-0.01892845,0.033871964,0.98124957,0.57628216,0.904093,0.2353126406831023,0.013191452075433655,1.2653042924995992,3.5658625949967565e-71,-0.0049811712,0.039351252,0.99503121,0.89927102,0.977987,-0.004454103553538067,0.007974411441691396,0.9955558012545577,0.9801163891023942,1.011238424774529,0.5764692105498099,-0.0005270676464619326,0.040151117939714744,0.99947307122929,0.9238336474201692,1.0813055173970927,0.8941880081411511,True,no nominal AF-mediated support
SERPINB8,Serpin B8,Inflammation,rs3826616,all primary proteins,0.0034399867,0.0097695622,1.0034459,0.72475376,0.904093,0.2353126406831023,0.013191452075433655,1.2653042924995992,3.5658625949967565e-71,-0.0028895888,0.011971154,0.99711458,0.80926115,0.971009,0.0008094723542917508,0.0022993493022766425,1.0008098000654564,0.9963095741434413,1.0053303530362871,0.7248051902197623,-0.003699061154291751,0.01218997683777931,0.9963077719444733,0.9727857505434805,1.020398557320966,-0.2801340987658004,False,no nominal AF-mediated support
SERPINF1,Pigment epithelium-derived factor,Inflammation_II,rs62088172,all primary proteins,-0.011312257,0.025452579,0.98875149,0.65672129,0.904093,0.2353126406831023,0.013191452075433655,1.2653042924995992,3.5658625949967565e-71,-0.01449383,0.029694675,0.9856107,0.62548238,0.957279,-0.0026619170667559083,0.005991172276705686,0.9973416226929337,0.9856986353797718,1.0091221359686047,0.6568209684617792,-0.011831912933244091,0.03029303333449445,0.9882378088967966,0.9312697902222034,1.0486906986428914,0.18365863727916695,True,no nominal AF-mediated support
SERPINF2,Alpha-2-antiplasmin,Inflammation_II,rs11078597,all primary proteins,0.065245759,0.041563965,1.0674213,0.11646922,0.678017,0.2353126406831023,0.013191452075433655,1.2653042924995992,3.5658625949967565e-71,0.10970954,0.048813494,1.1159539,0.02460651,0.457404,0.015353151843663287,0.00981832352381828,1.0154716169740015,0.9961167969456007,1.0352025064146242,0.11788231022505358,0.0943563881563367,0.049791130468251066,1.0989513293733553,0.9967709969186207,1.2116063048231571,0.13994363519948483,True,no nominal AF-mediated support
SERPING1,Plasma protease C1 inhibitor,Inflammation_II,rs28362944,all primary proteins,0.0054161103,0.038854705,1.0054308,0.88913886,0.984187,0.2353126406831023,0.013191452075433655,1.2653042924995992,3.5658625949967565e-71,-0.10196416,0.053454654,0.90306191,0.056457296,0.495811,0.0012744792169239493,0.009143282384634407,1.0012752917106933,0.9834914306996114,1.0193807271682718,0.8891422259509941,-0.10323863921692394,0.05423098419745747,0.901911716292424,0.8109642005112384,1.003058758293823,-0.012499286189617502,False,no nominal AF-mediated support
SERPINI1,Neuroserpin,Inflammation_II,rs11717419,all primary proteins,-0.012559414,0.017539871,0.98751913,0.47396086,0.898321,0.2353126406831023,0.013191452075433655,1.2653042924995992,3.5658625949967565e-71,0.012992497,0.020571453,1.0130773,0.52766205,0.946293,-0.0029553888737723242,0.004130677258596691,0.9970489739888817,0.9890093273611397,1.0051539748211908,0.4743166956091975,0.015947885873772324,0.020982067894892934,1.0160757321273388,0.975137329435036,1.0587328187059086,-0.2274688902196648,False,no nominal AF-mediated support
SFRP4,Secreted frizzled-related protein 4,Inflammation_II,rs75207237,all primary proteins,-0.015559306,0.034162825,0.98456111,0.64878874,0.904093,0.2353126406831023,0.013191452075433655,1.2653042924995992,3.5658625949967565e-71,0.00642667,0.039913003,1.0064474,0.87208005,0.972877,-0.0036613013820564378,0.008041564350221946,0.9963453930092951,0.9807646391603466,1.0121736679054028,0.6488954716953625,0.010087971382056438,0.040715041025114654,1.0101390265017984,0.9326609805862096,1.094053331383775,-0.5697042764069787,False,no nominal AF-mediated support
SHBG,Sex hormone-binding globulin,Inflammation_II,rs858519,all primary proteins,-0.046395406,0.024841635,0.95466441,0.061811282,0.570142,0.2353126406831023,0.013191452075433655,1.2653042924995992,3.5658625949967565e-71,-0.0021919089,0.029225452,0.99781049,0.94021471,0.988165,-0.010917425501424648,0.0058775024646904135,0.9891419533040195,0.9778125144586377,1.0006026608564933,0.06324090552829625,0.008725516601424649,0.029810603479747705,1.0087636948823586,0.9515117282870215,1.0694604825782559,4.980784329779695,True,no nominal AF-mediated support
SHH,Sonic hedgehog protein,Inflammation_II,rs10225434,all primary proteins,0.14454586,0.1198673,1.1555147,0.22786286,0.769429,0.2353126406831023,0.013191452075433655,1.2653042924995992,3.5658625949967565e-71,0.086374966,0.1392576,1.090215,0.53509112,0.946293,0.03401346801641001,0.028270667078099825,1.0345985406244096,0.9788302531757969,1.0935441939900037,0.22892354970492754,0.05236149798358999,0.1420982398722826,1.0537566045565288,0.7975976137187052,1.3921844330368303,0.393788496731912,True,no nominal AF-mediated support
SHMT1,"Serine hydroxymethyltransferase, cytosolic",Inflammation,rs669340,all primary proteins,-0.0031971843,0.0097305608,0.99680792,0.74247965,0.909608,0.2353126406831023,0.013191452075433655,1.2653042924995992,3.5658625949967565e-71,-0.0075064326,0.011398657,0.99252167,0.5101934,0.946293,-0.0007523378803835559,0.0022901123494615434,0.9992479450548009,0.9947727517741082,1.003743270928454,0.7425217693024695,-0.006754094719616444,0.011626435222234081,0.9932686629135631,0.9708901889602541,1.0161629481318053,0.10022575575827537,True,no nominal AF-mediated support
SIGLEC1,Sialoadhesin,Inflammation,rs189448562,all primary proteins,-0.036906978,0.035278729,0.96376578,0.29549001,0.833073,0.2353126406831023,0.013191452075433655,1.2653042924995992,3.5658625949967565e-71,-0.040217751,0.032239331,0.96058025,0.21222347,0.805663,-0.008684678452813161,0.00831579487161413,0.9913529244320437,0.9753258717390402,1.0076433418377728,0.2963191452396478,-0.03153307254718684,0.03329454771692093,0.9689589099845408,0.9077462624517694,1.0342993500216306,0.21594142479058964,True,no nominal AF-mediated support
SIRPB1,Signal-regulatory protein beta-1,Inflammation,rs79462675,all primary proteins,0.0016836523,0.011259425,1.0016851,0.8811333,0.97926,0.2353126406831023,0.013191452075433655,1.2653042924995992,3.5658625949967565e-71,0.016520838,0.013784903,1.0166581,0.23073282,0.822613,0.00039618466870517874,0.002649578116729519,1.0003962631602163,0.9952144987336756,1.0056050073811695,0.8811374480950829,0.01612465333129482,0.014037229602598261,1.0162553571266169,0.9886762847223791,1.0446037462894655,0.023980906338115462,True,no nominal AF-mediated support
SLAMF1,Signaling lymphocytic activation molecule,Inflammation,rs7535367,all primary proteins,-0.060812959,0.068414579,0.94099923,0.3740628,0.869993,0.2353126406831023,0.013191452075433655,1.2653042924995992,3.5658625949967565e-71,0.00069105635,0.080162536,1.0006913,0.99312177,0.99555,-0.01431005797004323,0.016118790127670594,0.9857918442548341,0.9551347140470899,1.0174329818688135,0.3746551488361168,0.015001114320043231,0.08176703231211946,1.0151141957771832,0.8647954543165127,1.1915613401122402,-20.7075124482153,False,no nominal AF-mediated support
SLAMF7,SLAM family member 7,Inflammation,rs11581248,all primary proteins,0.0013788758,0.011031007,1.0013798,0.90052355,0.985137,0.2353126406831023,0.013191452075433655,1.2653042924995992,3.5658625949967565e-71,0.00063640423,0.012940219,1.0006366,0.96077559,0.988726,0.0003244669056720252,0.0025957991159539263,1.0003245195507522,0.9952480271578026,1.0054269057654552,0.9005259852726678,0.0003119373243279748,0.013198008971748281,1.0003119859818344,0.9747676342244472,1.0265257423068284,0.50984404310453,True,no nominal AF-mediated support
SLC9A3R1,Na(+)/H(+) exchange regulatory cofactor NHE-RF1,Inflammation_II,rs745666,all primary proteins,-0.11363847,0.07867279,0.89258059,0.148614,0.717809,0.2353126406831023,0.013191452075433655,1.2653042924995992,3.5658625949967565e-71,-0.0098340988,0.092877599,0.9902141,0.9156757,0.988165,-0.0267405684588875,0.01857329545936556,0.9736137948900225,0.9388080619289435,1.0097099290481992,0.14994322648016573,0.0169064696588875,0.09471650173135455,1.0170501928250992,0.8447303003667177,1.2245223052570955,2.7191681721651504,True,no nominal AF-mediated support
SLITRK1,SLIT and NTRK-like protein 1,Inflammation_II,rs2876803,all primary proteins,-0.0050863406,0.05658554,0.99492657,0.9283765,0.986349,0.2353126406831023,0.013191452075433655,1.2653042924995992,3.5658625949967565e-71,-0.020981155,0.067394013,0.97923742,0.75555679,0.971009,-0.0011968802379996749,0.013315461890881133,0.9988038357374782,0.9730739617591285,1.0252140551376139,0.9283774107884785,-0.019784274762000325,0.06869683044807581,0.9804101497084198,0.8569034197806149,1.121718083348733,0.05704548858247674,True,no nominal AF-mediated support
SMOC2,SPARC-related modular calcium-binding protein 2,Inflammation,rs56296467,all primary proteins,-0.0083465487,0.018969429,0.99168819,0.65993711,0.904093,0.2353126406831023,0.013191452075433655,1.2653042924995992,3.5658625949967565e-71,-0.045526629,0.022257463,0.95549416,0.040810066,0.468736,-0.001964048415187114,0.004465104129300077,0.9980378790658063,0.9893415555727474,1.0068106433409894,0.6600340127268629,-0.04356258058481288,0.022700920996335406,0.9573726392765847,0.9157092423265341,1.0009316582922236,0.043140651050336154,True,no nominal AF-mediated support
SMPDL3A,Acid sphingomyelinase-like phosphodiesterase 3a,Inflammation,rs28385609,all primary proteins,0.029977492,0.0094355386,1.0304313,0.0014876428,0.103922,0.2353126406831023,0.013191452075433655,1.2653042924995992,3.5658625949967565e-71,0.012285858,0.011008128,1.0123616,0.26439156,0.841464,0.007054082803576574,0.0022552420761313813,1.0070790214509506,1.0026372798546341,1.0115404402214605,0.001760836813505048,0.005231775196423426,0.011236769948981665,1.0052454848304235,0.983347910780638,1.027630682582877,0.5741628141540114,True,AF-mediated pathway supported
SNX15,Sorting nexin-15,Inflammation_II,rs2670910,all primary proteins,0.0064046318,0.016139672,1.0064252,0.69149622,0.904093,0.2353126406831023,0.013191452075433655,1.2653042924995992,3.5658625949967565e-71,0.016908228,0.019726266,1.017052,0.39136594,0.876831,0.0015070908214609706,0.0037988084529139883,1.001508227053563,0.9940790247289719,1.0089929511684814,0.6915686049781887,0.01540113717853903,0.0200887161353006,1.015520345888726,0.9763123173751593,1.05630294175391,0.08913357576328935,True,no nominal AF-mediated support
SPINK2,Serine protease inhibitor Kazal-type 2,Inflammation_II,rs28656303,all primary proteins,-0.0086318515,0.015071487,0.9914053,0.56682937,0.904093,0.2353126406831023,0.013191452075433655,1.2653042924995992,3.5658625949967565e-71,0.020140987,0.018770852,1.0203452,0.28327439,0.841464,-0.002031183770449397,0.0035483388734646,0.9979708776873358,0.9910543248284417,1.0049357010620346,0.5670291409426607,0.022172170770449397,0.019103287506783855,1.022419800122338,0.9848457266738047,1.0614274087503193,-0.10084827374395293,False,no nominal AF-mediated support
SPINK4,Serine protease inhibitor Kazal-type 4,Inflammation,rs4879679,all primary proteins,-0.0075419521,0.0082602333,0.99248642,0.36121968,0.869993,0.2353126406831023,0.013191452075433655,1.2653042924995992,3.5658625949967565e-71,-0.002513984,0.0096967956,0.99748917,0.79543521,0.971009,-0.0017747166645564686,0.0019462818020289682,0.9982268572138628,0.9944261627984509,1.0020420778742387,0.36184779266329703,-0.0007392673354435313,0.009890189975985723,0.9992610058553286,0.9800770973090526,1.0188204178677323,0.7059379314094556,True,no nominal AF-mediated support
SPINT2,Kunitz-type protease inhibitor 2,Inflammation,rs45437199,all primary proteins,-6.7549342,4.1452164,0.0011651165,0.1031917,0.634898,0.2353126406831023,0.013191452075433655,1.2653042924995992,3.5658625949967565e-71,-0.031486642,0.051952959,0.9690039,0.54447451,0.946293,-1.5895214042425991,0.9794834601612624,0.20402323302551936,0.029917580758149837,1.3913384224038963,0.10462875018866889,1.5580347622425992,0.9808603155793056,4.749478213592392,0.6945775525434044,32.47663737301552,50.482404704909435,True,no nominal AF-mediated support
SPON1,Spondin-1,Inflammation,rs10832164,all primary proteins,0.10772239,0.022642286,1.1137385,1.9593173e-06,0.000319369,0.2353126406831023,0.013191452075433655,1.2653042924995992,3.5658625949967565e-71,-0.014751793,0.02710213,0.98535648,0.58623243,0.946293,0.025348440051595013,0.005514257753476729,1.0256724436271505,1.0146467220911488,1.03681797685006,4.288424838361904e-06,-0.04010023305159501,0.027657412914238347,0.9606931411211,0.9100017445697149,1.0142082879561123,-1.7183294296222171,False,indirect effect significant but opposite to total
SPRED2,"Sprouty-related, EVH1 domain-containing protein 2",Inflammation_II,rs7569084,all primary proteins,0.060772893,0.092540542,1.0626575,0.51136328,0.904093,0.2353126406831023,0.013191452075433655,1.2653042924995992,3.5658625949967565e-71,-0.0055248085,0.11049617,0.99449043,0.96012239,0.988726,0.014300629933781622,0.021790711299898544,1.01440337312192,0.9719905816646939,1.0586668459675534,0.5116492406837151,-0.019825438433781623,0.11262432545247242,0.9803697932574217,0.7861803056801775,1.2225248134396673,-2.5884390262181256,False,no nominal AF-mediated support
SPRY2,Protein sprouty homolog 2,Inflammation,rs504122,all primary proteins,-0.090269662,0.085390221,0.91368477,0.29044639,0.825746,0.2353126406831023,0.013191452075433655,1.2653042924995992,3.5658625949967565e-71,-0.054893714,0.10124841,0.94658575,0.58770231,0.946293,-0.02124159253879109,0.020128652086300474,0.9789824211484902,0.9411114104261986,1.0183773890104348,0.2912920935890756,-0.03365212146120891,0.10322985596395758,0.9669078126139491,0.7897943853151893,1.183739382650574,0.3869585602969238,True,no nominal AF-mediated support
ST13,Hsc70-interacting protein,Inflammation_II,rs1005402,all primary proteins,-0.261564,0.12428928,0.7698466,0.035336806,0.570142,0.2353126406831023,0.013191452075433655,1.2653042924995992,3.5658625949967565e-71,-0.22446273,0.14655004,0.79894536,0.12560992,0.660257,-0.06154931554763497,0.029449667148453467,0.9403065728624007,0.887567536415183,0.9961793493927841,0.03661929068048184,-0.162913414452365,0.14947975488057338,0.8496647539177137,0.6338811935269555,1.1389045793158545,0.2742072839782131,True,AF-mediated pathway supported
STX7,Syntaxin-7,Inflammation_II,rs3813356,all primary proteins,-0.012029454,0.011521167,0.98804261,0.29643096,0.833073,0.2353126406831023,0.013191452075433655,1.2653042924995992,3.5658625949967565e-71,0.0027108628,0.013554314,1.0027145,0.84148058,0.971009,-0.002830682586715908,0.0027157163996781118,0.9971733200176459,0.9918796627869458,1.0024952294728118,0.29725701653425146,0.005541545386715908,0.01382369500437841,1.005556928150988,0.9786777071595776,1.03317438249115,-1.0441998712424354,False,no nominal AF-mediated support
STX8,Syntaxin-8,Inflammation,rs8077500,all primary proteins,-0.035165179,0.078144841,0.96544593,0.65271044,0.904093,0.2353126406831023,0.013191452075433655,1.2653042924995992,3.5658625949967565e-71,0.30281126,0.10354191,1.353659,0.0034497871,0.202059,-0.008274811130583974,0.01839431903107227,0.9917593308812369,0.9566404375845102,1.0281674616154912,0.6528136348036593,0.311086071130584,0.10516310236515927,1.3649066951929254,1.1106732805490722,1.6773342072850588,-0.027326629566496216,False,no nominal AF-mediated support
SULT2A1,Bile salt sulfotransferase,Inflammation,rs62129966,all primary proteins,-0.016149914,0.024357247,0.9839798,0.50730271,0.904093,0.2353126406831023,0.013191452075433655,1.2653042924995992,3.5658625949967565e-71,-0.045272708,0.028063784,0.95573681,0.10669942,0.60814,-0.0038002789101450034,0.005735526079136407,0.9962069330110892,0.9850706544019354,1.0074691078701277,0.5075957805914207,-0.041472429089855,0.028643886464708484,0.9593757858404252,0.9069985327530161,1.0147777148693218,0.08394193937206061,True,no nominal AF-mediated support
SUMF1,Formylglycine-generating enzyme,Inflammation_II,rs10494172,all primary proteins,-0.050890123,0.060886397,0.95038309,0.40325567,0.869993,0.2353126406831023,0.013191452075433655,1.2653042924995992,3.5658625949967565e-71,-0.075426432,0.069973919,0.92734795,0.28106853,0.841464,-0.01197508922781788,0.01434305762797218,0.9880963267978441,0.9607053908753854,1.016268213236282,0.4037712504216939,-0.06345134277218212,0.07142879421030353,0.9385197839606368,0.8159095470021154,1.0795551885891057,0.1587651557986712,True,no nominal AF-mediated support
TBCA,Tubulin-specific chaperone A,Inflammation_II,rs254415,all primary proteins,-0.015008898,0.052888498,0.98510317,0.77657608,0.922471,0.2353126406831023,0.013191452075433655,1.2653042924995992,3.5658625949967565e-71,0.027158959,0.061465011,1.0275311,0.65859018,0.958188,-0.0035317834221233325,0.012446906902397803,0.9964744459891454,0.9724586526478965,1.0210833322379838,0.7766036006062103,0.030690742422123333,0.062712622881419,1.031166558498657,0.9118990385087032,1.1660331094381517,-0.13004119274686973,False,no nominal AF-mediated support
TCN1,Transcobalamin-1,Inflammation_II,rs34324219,all primary proteins,-0.0088849754,0.014587273,0.99115438,0.54246418,0.904093,0.2353126406831023,0.013191452075433655,1.2653042924995992,3.5658625949967565e-71,0.016974281,0.017239504,1.0171192,0.32481303,0.853675,-0.002090747023778403,0.0034345701526921897,0.9979114370653892,0.9912162995696966,1.0046517966444006,0.5426993391563835,0.019065028023778404,0.017578303965393817,1.0192479261408136,0.9847293494011704,1.054976512657108,-0.12317146297851454,False,no nominal AF-mediated support
TF,Serotransferrin,Inflammation_II,rs8177247,all primary proteins,0.0042582961,0.021595644,1.0042674,0.84368426,0.955004,0.2353126406831023,0.013191452075433655,1.2653042924995992,3.5658625949967565e-71,0.014599872,0.025549776,1.014707,0.56770917,0.946293,0.001002030900101556,0.0050820384744542715,1.0010025331007901,0.9910812456512589,1.0110231382854598,0.8436936788014935,0.013597841099898443,0.026050300741181656,1.0136907122126337,0.9632322254302768,1.066792444124407,0.06863285514431605,True,no nominal AF-mediated support
TFF2,Trefoil factor 2,Inflammation,rs225344,all primary proteins,0.10641277,0.059207105,1.1122809,0.072288435,0.570142,0.2353126406831023,0.013191452075433655,1.2653042924995992,3.5658625949967565e-71,0.12481498,0.069608353,1.1329388,0.072956384,0.56407,0.025040269911103606,0.014002718624275276,1.0253564107045559,0.9975978312437346,1.0538873843201662,0.07373673845210672,0.0997747100888964,0.07100280935458282,1.1049219622624296,0.9613749340101005,1.269902614994777,0.20061910766723356,True,no nominal AF-mediated support
TGOLN2,Trans-Golgi network integral membrane protein 2,Inflammation_II,rs4247303,all primary proteins,0.0040571527,0.0092335199,1.0040654,0.66037612,0.904093,0.2353126406831023,0.013191452075433655,1.2653042924995992,3.5658625949967565e-71,-0.0025182327,0.010912342,0.99748494,0.81749409,0.971009,0.0009546993154915783,0.0021734230022099565,1.0009551551859446,0.9967002464240254,1.0052282281337734,0.6604726449598775,-0.0034729320154915783,0.011126678546246375,0.9965330916376369,0.9750356720202461,1.0185044826834255,-0.37911481154683535,False,no nominal AF-mediated support
TIMP3,Metalloproteinase inhibitor 3,Inflammation,rs5749504,all primary proteins,0.014427822,0.011665047,1.0145324,0.21614571,0.769429,0.2353126406831023,0.013191452075433655,1.2653042924995992,3.5658625949967565e-71,-0.018878958,0.013660384,0.98129813,0.1669648,0.752259,0.003395048894125758,0.0027515232949697427,1.003400818600253,0.9980040577830941,1.0088267626928609,0.2172477137755272,-0.02227400689412576,0.013934739734570472,0.9779722272023708,0.9516232229198875,1.0050507954655943,-0.17983243005920974,False,no nominal AF-mediated support
TLR1,Toll-like receptor 1,Inflammation_II,rs5743618,all primary proteins,0.013324424,0.015512016,1.0134136,0.39035466,0.869993,0.2353126406831023,0.013191452075433655,1.2653042924995992,3.5658625949967565e-71,0.037387936,0.018097352,1.0380957,0.038834706,0.468301,0.0031354053970213043,0.003654402928117059,1.0031403259217926,0.9959808740508668,1.0103512423864947,0.3909033904421079,0.03425253060297869,0.01846263280718475,1.034845903994077,0.998067639717673,1.0729794278434368,0.08386141981791412,True,no nominal AF-mediated support
TLR3,Toll-like receptor 3,Inflammation,rs3775291,all primary proteins,-0.014167384,0.0068664007,0.9859325,0.039084975,0.570142,0.2353126406831023,0.013191452075433655,1.2653042924995992,3.5658625949967565e-71,-0.0020859952,0.007474816,0.99791618,0.78019128,0.971009,-0.0033337645406115324,0.0016265233383650384,0.9966717862823025,0.9934994701730078,0.9998542318277965,0.04040094023273981,0.0012477693406115326,0.0076497354466740965,1.0012485481286575,0.986348328786582,1.016373856853421,1.5981650104523408,True,AF-mediated pathway supported
TLR4,Toll-like receptor 4,Inflammation_II,rs4986790,all primary proteins,-0.034842993,0.043706561,0.96575704,0.42533326,0.870243,0.2353126406831023,0.013191452075433655,1.2653042924995992,3.5658625949967565e-71,-0.017115856,0.049513726,0.98302979,0.72958396,0.971009,-0.00819899669213285,0.010294971723400766,0.9918345234082899,0.9720217081630581,1.0120511852390919,0.4257949946528243,-0.00891685930786715,0.05057267547983493,0.9911227779812226,0.8975923174433862,1.0943992522475816,0.4790293101398405,True,no nominal AF-mediated support
TNFAIP8,Tumor necrosis factor alpha-induced protein 8,Inflammation,rs1035376,all primary proteins,-0.10841478,0.081514872,0.89725536,0.18351827,0.750044,0.2353126406831023,0.013191452075433655,1.2653042924995992,3.5658625949967565e-71,-0.050539221,0.094557252,0.95071664,0.59300757,0.946293,-0.025511368170877586,0.0192347209786369,0.9748112970813522,0.9387449820330425,1.012263269689553,0.18473418892650378,-0.025027852829122416,0.09649377387643991,0.975282747266321,0.8072227313269674,1.1783320763920193,0.5047835654387626,True,no nominal AF-mediated support
TNFAIP8L2,Tumor necrosis factor alpha-induced protein 8-like protein 2,Inflammation_II,rs4970991,all primary proteins,0.097886849,0.12198207,1.102838,0.42228164,0.869993,0.2353126406831023,0.013191452075433655,1.2653042924995992,3.5658625949967565e-71,0.087345188,0.14457135,1.0912733,0.54573284,0.946293,0.02303401292633809,0.028732952744387825,1.023301344428556,0.9672651965346534,1.082583809756433,0.42275058573135493,0.06431117507366191,0.14739897494295448,1.0664241917623987,0.7988430258255174,1.4236345815260143,0.2637124431667385,True,no nominal AF-mediated support
TNFRSF11A,Tumor necrosis factor receptor superfamily member 11A,Inflammation,rs113339733,all primary proteins,0.0070243628,0.016055686,1.0070491,0.66174878,0.904093,0.2353126406831023,0.013191452075433655,1.2653042924995992,3.5658625949967565e-71,-0.0020069608,0.017226414,0.99799505,0.90725244,0.984057,0.0016529213595841503,0.0037792420049158498,1.001654288187077,0.9942621318372372,1.0091014038617776,0.6618441338878875,-0.0036598821595841503,0.0176360996093557,0.9963468070460705,0.9624947788619523,1.031389449285813,-0.823594242390858,False,no nominal AF-mediated support
TNFRSF13B,Tumor necrosis factor receptor superfamily member 13B,Inflammation,rs34562254,all primary proteins,0.013821302,0.063347635,1.0139173,0.82728745,0.944252,0.2353126406831023,0.013191452075433655,1.2653042924995992,3.5658625949967565e-71,-0.03570503,0.077168937,0.96492488,0.64358905,0.957279,0.003252327071298643,0.01490761423784313,1.0032576216253057,0.9743676360282094,1.033004194856206,0.8273001668729814,-0.03895735707129864,0.07859568563206452,0.9617917218877309,0.8244779334369382,1.1219746202734726,-0.09108876456058553,False,no nominal AF-mediated support
TNFRSF14,Tumor necrosis factor receptor superfamily member 14,Inflammation,rs2495366,all primary proteins,0.087983693,0.05836542,1.0919703,0.1316921,0.702553,0.2353126406831023,0.013191452075433655,1.2653042924995992,3.5658625949967565e-71,0.09059707,0.068818928,1.0948278,0.18802114,0.778673,0.020703675136881382,0.013783074791733834,1.0209194829843848,0.9937087220312539,1.0488753571635876,0.1330690650086814,0.06989339486311862,0.07018559682572852,1.0723938524668737,0.9345684800254767,1.2305450048747555,0.2285247760979619,True,no nominal AF-mediated support
TNFSF10,Tumor necrosis factor ligand superfamily member 10,Inflammation,rs79287178,all primary proteins,-0.041561908,0.040257274,0.95928995,0.3018813,0.838446,0.2353126406831023,0.013191452075433655,1.2653042924995992,3.5658625949967565e-71,-0.040630026,0.045289433,0.96018431,0.36965524,0.871741,-0.009780042323308155,0.00948889778947632,0.9902676267621532,0.9720205993584233,1.008857192183382,0.30268966333260827,-0.030849983676691846,0.04627279895057805,0.9696210211465555,0.8855514952167239,1.0616716585399693,0.24070972347662675,True,no nominal AF-mediated support
TNFSF11,Tumor necrosis factor ligand superfamily member 11,Inflammation,rs2062305,all primary proteins,0.10816609,0.059893622,1.1142328,0.070923002,0.570142,0.2353126406831023,0.013191452075433655,1.2653042924995992,3.5658625949967565e-71,-0.015196889,0.071514772,0.984918,0.83171698,0.971009,0.025452848270266105,0.014165771218234249,1.025779537850591,0.9976906074422006,1.0546592825711556,0.07236972459536677,-0.040649737270266106,0.07290426385623366,0.9601653812036361,0.8323168390988167,1.107652177577137,-1.674872289339358,False,no nominal AF-mediated support
TNFSF12,Tumor necrosis factor ligand superfamily member 12,Inflammation,rs80067372,all primary proteins,-0.10954138,0.020136282,0.89624508,5.3280571e-08,1.30271e-05,0.2353126406831023,0.013191452075433655,1.2653042924995992,3.5658625949967565e-71,-0.028190795,0.023358088,0.97220286,0.22747199,0.818101,-0.025776471391871166,0.004953760789103183,0.9745529057183396,0.9651363980146622,0.9840612870862119,1.9565964956773232e-07,-0.002414323608128835,0.023877605009116808,0.9975885885270299,0.9519769759344872,1.0453855682617244,0.914357732439655,True,AF-mediated pathway supported
TNFSF13,Tumor necrosis factor ligand superfamily member 13,Inflammation,rs3803800,all primary proteins,0.0243312,0.02525517,1.0246296,0.33533949,0.859547,0.2353126406831023,0.013191452075433655,1.2653042924995992,3.5658625949967565e-71,-0.065601843,0.029259038,0.93650367,0.02495457,0.457404,0.005725438922988699,0.00595152178996647,1.0057418605738466,0.994078060433922,1.0175425153926128,0.3360432770875075,-0.0713272819229887,0.029858196802584877,0.9311570913689557,0.8782277280206208,0.9872764217555375,-0.08727558039777478,False,no nominal AF-mediated support
TOP2B,DNA topoisomerase 2-beta,Inflammation_II,rs3806631,all primary proteins,0.12473494,0.085883072,1.1328481,0.14639571,0.717809,0.2353126406831023,0.013191452075433655,1.2653042924995992,3.5658625949967565e-71,-0.079748567,0.10224175,0.92334848,0.43539088,0.912536,0.029351708116848323,0.020276246980237646,1.0297867151373463,0.9896640509039982,1.0715360204351156,0.14773153213619933,-0.10910027511684833,0.10423292011004057,0.8966405022590452,0.7309598112363614,1.099874682482899,-0.3680531101812566,False,no nominal AF-mediated support
TP53I3,Quinone oxidoreductase PIG3,Inflammation_II,rs1134516,all primary proteins,0.015760283,0.015424958,1.0158851,0.30690439,0.843125,0.2353126406831023,0.013191452075433655,1.2653042924995992,3.5658625949967565e-71,-0.01626327,0.018442884,0.98386826,0.37787514,0.872653,0.0037085938106430055,0.0036356367946373423,1.0037154791536849,0.9965885778614272,1.0108933470365276,0.30769659582699205,-0.019971863810643004,0.018797814371356497,0.9802262527502233,0.9447682874892642,1.0170149859011468,-0.22803494073719527,False,no nominal AF-mediated support
TPSAB1,Tryptase alpha/beta-1,Inflammation,rs8051930,all primary proteins,-0.010453979,0.0094926936,0.98960047,0.27078098,0.810461,0.2353126406831023,0.013191452075433655,1.2653042924995992,3.5658625949967565e-71,-0.032803865,0.012016068,0.96772835,0.0063334326,0.285537,-0.002459953404135697,0.002238003554704438,0.9975430698017496,0.9931769431065612,1.0019283905211758,0.27169255037626555,-0.030343911595864304,0.012222706332539192,0.9701118434596006,0.9471475254793396,0.9936329489371752,0.07498974295058515,True,no nominal AF-mediated support
TRIM5,Tripartite motif-containing protein 5,Inflammation,rs11821656,all primary proteins,-0.013495144,0.023555161,0.98659551,0.56670112,0.904093,0.2353126406831023,0.013191452075433655,1.2653042924995992,3.5658625949967565e-71,0.0088331853,0.027971753,1.0088723,0.75216231,0.971009,-0.003175577971038724,0.00554568516786447,0.9968294588436765,0.9860530516579054,1.007723639562665,0.5669010709495556,0.012008763271038723,0.02851619872763691,1.012081157968717,0.9570659408100863,1.0702588261037655,-0.35950541771593136,False,no nominal AF-mediated support
TSPYL1,Testis-specific Y-encoded-like protein 1,Inflammation_II,rs61746508,all primary proteins,-0.059708013,0.074513659,0.94203956,0.42295629,0.869993,0.2353126406831023,0.013191452075433655,1.2653042924995992,3.5658625949967565e-71,-0.052911979,0.08252327,0.94846349,0.52140804,0.946293,-0.014050050208971,0.017551687418263857,0.9860481911097839,0.9527036800210565,1.0205597559667108,0.4234236571154637,-0.038861928791028996,0.08436914022746315,0.9618835083971728,0.8152785511059247,1.1348512511109168,0.2655362826057026,True,no nominal AF-mediated support
TTR,Transthyretin,Inflammation_II,rs1667229,all primary proteins,-0.056126744,0.05697715,0.9454193,0.32458742,0.857964,0.2353126406831023,0.013191452075433655,1.2653042924995992,3.5658625949967565e-71,0.051874718,0.067182012,1.0532438,0.44002447,0.912536,-0.013207332343584467,0.013427871265773111,0.9868795017675378,0.9612449997229499,1.0131976252564645,0.32532401439020914,0.06508205034358447,0.06851080544774174,1.0672465887410962,0.9331408467942803,1.220625251903278,-0.2546005617531158,False,no nominal AF-mediated support
TYRP1,"5,6-dihydroxyindole-2-carboxylic acid oxidase",Inflammation_II,rs10960751,all primary proteins,0.054167513,0.084944509,1.0556614,0.52368125,0.904093,0.2353126406831023,0.013191452075433655,1.2653042924995992,3.5658625949967565e-71,0.19574169,0.10094855,1.2162127,0.052498368,0.495811,0.012746300523266273,0.02000128445624484,1.0128278808591218,0.9738906827471744,1.0533218300763705,0.5239463192785145,0.18299538947673372,0.10291093783948391,1.2008088717108267,0.9814638977342792,1.469174719221123,0.06511796502454982,True,no nominal AF-mediated support
UNC5D,Netrin receptor UNC5D,Inflammation_II,rs13260977,all primary proteins,0.24215118,0.19372094,1.2739868,0.21129955,0.769429,0.2353126406831023,0.013191452075433655,1.2653042924995992,3.5658625949967565e-71,0.28901915,0.2546493,1.3351173,0.25638817,0.841464,0.056981233610329224,0.04569676859885681,1.0586359434344512,0.9679407203937356,1.1578292318102619,0.2124186561652074,0.23203791638967078,0.25871695083791374,1.2611675468419268,0.7595361908045754,2.09409847807571,0.1971538343058902,True,no nominal AF-mediated support
UROD,Uroporphyrinogen decarboxylase,Inflammation_II,rs12749939,all primary proteins,0.012153927,0.015716285,1.0122281,0.43932513,0.876857,0.2353126406831023,0.013191452075433655,1.2653042924995992,3.5658625949967565e-71,0.028917965,0.021793249,1.0293401,0.18453413,0.778673,0.0028599726570396554,0.003701714201752319,1.0028640662804593,0.9956142583986392,1.0101666654053536,0.43975462423604694,0.026057992342960346,0.022105392781116916,1.0264004701156033,0.9828796698098651,1.0718483222440924,0.09889951305493506,True,no nominal AF-mediated support
VAMP8,Vesicle-associated membrane protein 8,Inflammation_II,rs3731828,all primary proteins,-0.076209831,0.042146346,0.92662175,0.070572395,0.570142,0.2353126406831023,0.013191452075433655,1.2653042924995992,3.5658625949967565e-71,-0.066394929,0.050229207,0.93576123,0.18622174,0.778673,-0.01793313657862295,0.009968391015532234,0.9822267052007985,0.963222174524085,1.0016061983688194,0.07201866259478708,-0.048461792421377055,0.051208808375975634,0.9526937387313897,0.8617146834053172,1.0532782802670215,0.2700979856251213,True,no nominal AF-mediated support
VASH1,Tubulinyl-Tyr carboxypeptidase 1,Inflammation,rs11159226,all primary proteins,0.069580468,0.06243179,1.0720583,0.26506311,0.810461,0.2353126406831023,0.013191452075433655,1.2653042924995992,3.5658625949967565e-71,0.0071486782,0.073869675,1.0071743,0.92290572,0.988165,0.016373163665046098,0.01471963481801506,1.0165079384678297,0.9876001984413018,1.0462618280139306,0.2659941794451347,-0.009224485465046096,0.07532195253564093,0.9908179295818146,0.854827561848134,1.14844234486113,2.290376375460025,True,no nominal AF-mediated support
VEGFA,Vascular endothelial growth factor A,Inflammation,rs6921438,all primary proteins,0.0017445689,0.0097405099,1.0017461,0.85785567,0.959935,0.2353126406831023,0.013191452075433655,1.2653042924995992,3.5658625949967565e-71,-0.00058152298,0.011485079,0.99941865,0.95961804,0.988726,0.00041051911471261504,0.002292180635848802,1.0004106033892162,0.995926165736955,1.004915233483195,0.8578627572752314,-0.000992042094712615,0.011711581093242758,0.9990084498163673,0.9763377071065955,1.022205611378214,-0.7059379058633505,False,no nominal AF-mediated support
VEGFB,Vascular endothelial growth factor B,Inflammation_II,rs660442,all primary proteins,-0.015635722,0.072098053,0.98448588,0.82831163,0.944252,0.2353126406831023,0.013191452075433655,1.2653042924995992,3.5658625949967565e-71,0.0060805587,0.08339052,1.0060991,0.94187243,0.988165,-0.0036792830328068776,0.016966836975988497,0.9963274772354893,0.9637394668472057,1.0300174228018983,0.8283241222093624,0.009759841732806878,0.08509907392469186,1.0098076243117546,0.8546747060838273,1.1930988841246177,-0.605089633096853,False,no nominal AF-mediated support
VTI1A,Vesicle transport through interaction with t-SNAREs homolog 1A,Inflammation_II,rs79671623,all primary proteins,0.041742809,0.1240689,1.0426263,0.73653261,0.909608,0.2353126406831023,0.013191452075433655,1.2653042924995992,3.5658625949967565e-71,0.10435702,0.14725935,1.1099967,0.47853461,0.930125,0.009822610615320368,0.02920017292874237,1.009871010797215,0.9536965610329106,1.069354237100364,0.7365777075292541,0.09453440938467962,0.1501265008634084,1.0991469834536725,0.8189653265847737,1.4751834443020841,0.09412505852812172,True,no nominal AF-mediated support
WFIKKN2,"WAP, Kazal, immunoglobulin, Kunitz and NTR domain-containing protein 2",Inflammation,rs4591185,all primary proteins,-0.0089717493,0.010589606,0.99106838,0.39687127,0.869993,0.2353126406831023,0.013191452075433655,1.2653042924995992,3.5658625949967565e-71,-0.0052948029,0.01235454,0.99471919,0.66823514,0.961321,-0.0021111660193297746,0.0024946770738162607,0.997891060924226,0.9930237149631617,1.002782264378669,0.39740311165329395,-0.0031836368806702257,0.012603891157663354,0.9968214255175196,0.9724979965935632,1.0217532147637503,0.3987241941205733,True,no nominal AF-mediated support
WNT9A,Protein Wnt-9a,Inflammation,rs4653881,all primary proteins,0.15063749,0.053577252,1.1625751,0.0049296653,0.213325,0.2353126406831023,0.013191452075433655,1.2653042924995992,3.5658625949967565e-71,0.069106891,0.062895035,1.0715507,0.27187039,0.841464,0.03544690555777442,0.0127630453499059,1.036082636437989,1.0104859327358464,1.0623277323831006,0.005481124403851519,0.033659985442225586,0.06417694877644917,1.0342328926979147,0.9119894707911314,1.1728618702257698,0.5129286681088636,True,AF-mediated pathway supported
ZBP1,Z-DNA-binding protein 1,Inflammation_II,rs45521631,AF-HF nominal overlap,-0.053156951,0.026963671,0.94823118,0.048674876,0.570142,0.2353126406831023,0.013191452075433655,1.2653042924995992,3.5658625949967565e-71,-0.075938501,0.03246646,0.92687321,0.019336311,0.441689,-0.012508502510472275,0.006383523183290424,0.9875694036389878,0.9752902032138056,1.0000032029339063,0.05005446455498829,-0.06342999848952773,0.03308807025444679,0.9385398162059687,0.8796047534708918,1.001423631611926,0.16471884940778952,True,no nominal AF-mediated support
